hash,path,breed
afa0505b292f37e4,D:\Projects\Federated_Learning\Master-Dataset\master_dataset\alambadi\DS03__Alambadi_63.jpg,alambadi
afa0505b292f37e4,D:\Projects\Federated_Learning\Master-Dataset\master_dataset\bargur\DS03__Bargur_60.jpg,bargur
a7c4d6b4cacb181b,D:\Projects\Federated_Learning\Master-Dataset\master_dataset\alambadi\DS04__alambadi_0106.jpg,alambadi
a7c4d6b4cacb181b,D:\Projects\Federated_Learning\Master-Dataset\master_dataset\umblachery\DS02__image_319x158_54.jpg,umblachery
bfa4d053893f9132,D:\Projects\Federated_Learning\Master-Dataset\master_dataset\alambadi\DS04__alambadi_0169.jpg,alambadi
bfa4d053893f9132,D:\Projects\Federated_Learning\Master-Dataset\master_dataset\bargur\DS04__bargur_0074.jpg,bargur
bfa4d053893f9132,D:\Projects\Federated_Learning\Master-Dataset\master_dataset\bhelai\DS02__Ministry_of_Fisheries_Animal_Husbandry_.jpg,bhelai
aaac3c588fa5f152,D:\Projects\Federated_Learning\Master-Dataset\master_dataset\amritmahal\DS02__Amritmahal_36.jpg,amritmahal
aaac3c588fa5f152,D:\Projects\Federated_Learning\Master-Dataset\master_dataset\khillari\DS02__Khillari_68.jpg,khillari
aaac3c588fa5f152,D:\Projects\Federated_Learning\Master-Dataset\master_dataset\khillari\DS04__khillar_0095.jpg,khillari
aaac3c588fa5f152,D:\Projects\Federated_Learning\Master-Dataset\master_dataset\khillari\DS06__Khillari_68.jpg,khillari
aaac3c588fa5f152,D:\Projects\Federated_Learning\Master-Dataset\master_dataset\khillari\DS10__Khillari_68.jpg,khillari
8999a786cbd26666,D:\Projects\Federated_Learning\Master-Dataset\master_dataset\amritmahal\DS02__Amritmahal_40.jpg,amritmahal
8999a786cbd26666,D:\Projects\Federated_Learning\Master-Dataset\master_dataset\hallikar\DS02__Hallikar_119.jpg,hallikar
c69d746c69439927,D:\Projects\Federated_Learning\Master-Dataset\master_dataset\amritmahal\DS02__Amritmahal_5.jpg,amritmahal
c69d746c69439927,D:\Projects\Federated_Learning\Master-Dataset\master_dataset\khillari\DS02__Khillari_53.jpg,khillari
c69d746c69439927,D:\Projects\Federated_Learning\Master-Dataset\master_dataset\khillari\DS02__Khillari_54.jpg,khillari
c69d746c69439927,D:\Projects\Federated_Learning\Master-Dataset\master_dataset\khillari\DS04__khillar_0079.jpg,khillari
c69d746c69439927,D:\Projects\Federated_Learning\Master-Dataset\master_dataset\khillari\DS04__khillar_0080.jpg,khillari
c69d746c69439927,D:\Projects\Federated_Learning\Master-Dataset\master_dataset\khillari\DS06__Khillari_53.jpg,khillari
c69d746c69439927,D:\Projects\Federated_Learning\Master-Dataset\master_dataset\khillari\DS06__Khillari_54.jpg,khillari
c69d746c69439927,D:\Projects\Federated_Learning\Master-Dataset\master_dataset\khillari\DS10__Khillari_53.jpg,khillari
c69d746c69439927,D:\Projects\Federated_Learning\Master-Dataset\master_dataset\khillari\DS10__Khillari_54.jpg,khillari
ef84947a85a7d04b,D:\Projects\Federated_Learning\Master-Dataset\master_dataset\amritmahal\DS02__Amritmahal_58.jpg,amritmahal
ef84947a85a7d04b,D:\Projects\Federated_Learning\Master-Dataset\master_dataset\hallikar\DS02__Hallikar_28.jpg,hallikar
8e0765bd91d1f069,D:\Projects\Federated_Learning\Master-Dataset\master_dataset\amritmahal\DS02__Amritmahal_64.jpg,amritmahal
8e0765bd91d1f069,D:\Projects\Federated_Learning\Master-Dataset\master_dataset\khillari\DS02__Khillari_84.jpg,khillari
8e0765bd91d1f069,D:\Projects\Federated_Learning\Master-Dataset\master_dataset\khillari\DS04__khillar_0111.jpg,khillari
8e0765bd91d1f069,D:\Projects\Federated_Learning\Master-Dataset\master_dataset\khillari\DS06__Khillari_84.jpg,khillari
8e0765bd91d1f069,D:\Projects\Federated_Learning\Master-Dataset\master_dataset\khillari\DS10__Khillari_84.jpg,khillari
fcf4206109ddf60e,D:\Projects\Federated_Learning\Master-Dataset\master_dataset\amritmahal\DS02__Amritmahal_74.jpg,amritmahal
fcf4206109ddf60e,D:\Projects\Federated_Learning\Master-Dataset\master_dataset\hariana\DS02__Hariana_39.jpg,hariana
fcf4206109ddf60e,D:\Projects\Federated_Learning\Master-Dataset\master_dataset\kankrej\DS02__Kankrej_178.jpg,kankrej
fcf4206109ddf60e,D:\Projects\Federated_Learning\Master-Dataset\master_dataset\kenkatha\DS04__kenkatha_0041.jpg,kenkatha
fcf4206109ddf60e,D:\Projects\Federated_Learning\Master-Dataset\master_dataset\krishna-valley\DS02__Krishna_Valley_22.jpg,krishna-valley
fcf4206109ddf60e,D:\Projects\Federated_Learning\Master-Dataset\master_dataset\krishna-valley\DS04__krishna_valley_0066.jpg,krishna-valley
fcf4206109ddf60e,D:\Projects\Federated_Learning\Master-Dataset\master_dataset\krishna-valley\DS10__Krishna_Valley_22.jpg,krishna-valley
b1b9076e3d397809,D:\Projects\Federated_Learning\Master-Dataset\master_dataset\amritmahal\DS02__Amritmahal_75.jpg,amritmahal
b1b9076e3d397809,D:\Projects\Federated_Learning\Master-Dataset\master_dataset\krishna-valley\DS02__Krishna_Valley_132.jpg,krishna-valley
b1b9076e3d397809,D:\Projects\Federated_Learning\Master-Dataset\master_dataset\krishna-valley\DS04__krishna_valley_0052.jpg,krishna-valley
b1b9076e3d397809,D:\Projects\Federated_Learning\Master-Dataset\master_dataset\krishna-valley\DS10__Krishna_Valley_132.jpg,krishna-valley
b9b886677c09cbb0,D:\Projects\Federated_Learning\Master-Dataset\master_dataset\amritmahal\DS02__Amritmahal_95.jpg,amritmahal
b9b886677c09cbb0,D:\Projects\Federated_Learning\Master-Dataset\master_dataset\malvi\DS02__image_297x170_55.jpg,malvi
fa9cb560c8d1e16a,D:\Projects\Federated_Learning\Master-Dataset\master_dataset\amritmahal\DS02__image_200x134_71.jpg,amritmahal
fa9cb560c8d1e16a,D:\Projects\Federated_Learning\Master-Dataset\master_dataset\malvi\DS02__image_200x134_76.jpg,malvi
ed869239c36c3371,D:\Projects\Federated_Learning\Master-Dataset\master_dataset\amritmahal\DS02__image_200x150_70.jpg,amritmahal
ed869239c36c3371,D:\Projects\Federated_Learning\Master-Dataset\master_dataset\kherigarh\DS04__kherigarh_0020.jpg,kherigarh
ed869239c36c3371,D:\Projects\Federated_Learning\Master-Dataset\master_dataset\kherigarh\DS06__00000047.jpg,kherigarh
ed869239c36c3371,D:\Projects\Federated_Learning\Master-Dataset\master_dataset\kherigarh\DS10__00000047.jpg,kherigarh
b91ec6e1611e1f2c,D:\Projects\Federated_Learning\Master-Dataset\master_dataset\amritmahal\DS02__image_225x225_47.jpg,amritmahal
b91ec6e1611e1f2c,D:\Projects\Federated_Learning\Master-Dataset\master_dataset\punganur\DS02__Punganur_Cows_A_Guide_to_Owning_and_.jpg,punganur
c63834346ccdcf95,D:\Projects\Federated_Learning\Master-Dataset\master_dataset\amritmahal\DS02__image_225x225_49.jpg,amritmahal
c63834346ccdcf95,D:\Projects\Federated_Learning\Master-Dataset\master_dataset\shweta-kapila\DS02__image_225x225_50.jpg,shweta-kapila
bb1e97d1e0628333,D:\Projects\Federated_Learning\Master-Dataset\master_dataset\amritmahal\DS02__image_226x223_50.jpg,amritmahal
bb1e97d1e0628333,D:\Projects\Federated_Learning\Master-Dataset\master_dataset\bachaur\DS02__Untitled.jpg,bachaur
bb1e97d1e0628333,D:\Projects\Federated_Learning\Master-Dataset\master_dataset\malvi\DS02__image_226x223_63.jpg,malvi
81c577387e8f808f,D:\Projects\Federated_Learning\Master-Dataset\master_dataset\amritmahal\DS02__image_234x215_66.jpg,amritmahal
81c577387e8f808f,D:\Projects\Federated_Learning\Master-Dataset\master_dataset\hallikar\DS02__Hallikar_56.jpg,hallikar
e99e9761348bc364,D:\Projects\Federated_Learning\Master-Dataset\master_dataset\amritmahal\DS02__image_236x135_69.jpg,amritmahal
e99e9761348bc364,D:\Projects\Federated_Learning\Master-Dataset\master_dataset\malvi\DS02__image_236x135_74.jpg,malvi
84d0746e1b3b999d,D:\Projects\Federated_Learning\Master-Dataset\master_dataset\amritmahal\DS02__image_243x207_56.jpg,amritmahal
84d0746e1b3b999d,D:\Projects\Federated_Learning\Master-Dataset\master_dataset\gangatiri\DS02__image_243x207_47.jpg,gangatiri
84d0746e1b3b999d,D:\Projects\Federated_Learning\Master-Dataset\master_dataset\hallikar\DS02__Hallikar_98.jpg,hallikar
84d0746e1b3b999d,D:\Projects\Federated_Learning\Master-Dataset\master_dataset\krishna-valley\DS02__Krishna_Valley_101.jpg,krishna-valley
84d0746e1b3b999d,D:\Projects\Federated_Learning\Master-Dataset\master_dataset\krishna-valley\DS04__krishna_valley_0018.jpg,krishna-valley
84d0746e1b3b999d,D:\Projects\Federated_Learning\Master-Dataset\master_dataset\krishna-valley\DS10__Krishna_Valley_101.jpg,krishna-valley
ed5996b43a82c535,D:\Projects\Federated_Learning\Master-Dataset\master_dataset\amritmahal\DS02__image_249x202_57.jpg,amritmahal
ed5996b43a82c535,D:\Projects\Federated_Learning\Master-Dataset\master_dataset\kherigarh\DS02__image_249x202_3.jpg,kherigarh
ed5996b43a82c535,D:\Projects\Federated_Learning\Master-Dataset\master_dataset\krishna-valley\DS02__Krishna_Valley_124.jpg,krishna-valley
ed5996b43a82c535,D:\Projects\Federated_Learning\Master-Dataset\master_dataset\krishna-valley\DS04__krishna_valley_0043.jpg,krishna-valley
ed5996b43a82c535,D:\Projects\Federated_Learning\Master-Dataset\master_dataset\krishna-valley\DS06__Krishna_Valley_124.jpg,krishna-valley
ed5996b43a82c535,D:\Projects\Federated_Learning\Master-Dataset\master_dataset\krishna-valley\DS10__Krishna_Valley_124.jpg,krishna-valley
ed5996b43a82c535,D:\Projects\Federated_Learning\Master-Dataset\master_dataset\ongole\DS02__Ongole_193.jpg,ongole
ed5996b43a82c535,D:\Projects\Federated_Learning\Master-Dataset\master_dataset\ongole\DS04__ongole_0114.jpg,ongole
ed5996b43a82c535,D:\Projects\Federated_Learning\Master-Dataset\master_dataset\ongole\DS06__Ongole_193.jpg,ongole
ed5996b43a82c535,D:\Projects\Federated_Learning\Master-Dataset\master_dataset\ongole\DS10__Ongole_193.jpg,ongole
fa1e95d2e8c18563,D:\Projects\Federated_Learning\Master-Dataset\master_dataset\amritmahal\DS02__image_259x195_27.jpg,amritmahal
fa1e95d2e8c18563,D:\Projects\Federated_Learning\Master-Dataset\master_dataset\kherigarh\DS02__image_259x195_2.jpg,kherigarh
fa9c87e3e0922e25,D:\Projects\Federated_Learning\Master-Dataset\master_dataset\amritmahal\DS02__image_259x195_28.jpg,amritmahal
fa9c87e3e0922e25,D:\Projects\Federated_Learning\Master-Dataset\master_dataset\tharparkar\DS02__Tharparkar_77.jpg,tharparkar
fa9c87e3e0922e25,D:\Projects\Federated_Learning\Master-Dataset\master_dataset\tharparkar\DS04__tharparkar_0206.jpg,tharparkar
fa9c87e3e0922e25,D:\Projects\Federated_Learning\Master-Dataset\master_dataset\tharparkar\DS06__Tharparkar_77.jpg,tharparkar
fa9c87e3e0922e25,D:\Projects\Federated_Learning\Master-Dataset\master_dataset\tharparkar\DS10__Tharparkar_77.jpg,tharparkar
c0c2a62dbb8ed59c,D:\Projects\Federated_Learning\Master-Dataset\master_dataset\amritmahal\DS02__image_265x190_31.jpg,amritmahal
c0c2a62dbb8ed59c,D:\Projects\Federated_Learning\Master-Dataset\master_dataset\gangatiri\DS02__image_265x190_23.jpg,gangatiri
c4993b37e2e29cc8,D:\Projects\Federated_Learning\Master-Dataset\master_dataset\amritmahal\DS02__image_275x183_60.jpg,amritmahal
c4993b37e2e29cc8,D:\Projects\Federated_Learning\Master-Dataset\master_dataset\malvi\DS02__image_275x183_46.jpg,malvi
ade34714b02fca35,D:\Projects\Federated_Learning\Master-Dataset\master_dataset\amritmahal\DS02__image_275x183_61.jpg,amritmahal
ade34714b02fca35,D:\Projects\Federated_Learning\Master-Dataset\master_dataset\shweta-kapila\DS02__image_275x183_48.jpg,shweta-kapila
f4e84b02b8474dde,D:\Projects\Federated_Learning\Master-Dataset\master_dataset\amritmahal\DS02__image_275x183_62.jpg,amritmahal
f4e84b02b8474dde,D:\Projects\Federated_Learning\Master-Dataset\master_dataset\shweta-kapila\DS02__image_275x183_50.jpg,shweta-kapila
da2f05d16a7e5528,D:\Projects\Federated_Learning\Master-Dataset\master_dataset\amritmahal\DS03__Amritmahal_31.jpg,amritmahal
da2f05d16a7e5528,D:\Projects\Federated_Learning\Master-Dataset\master_dataset\khillari\DS03__Khillari_14.jpg,khillari
aaae755117277152,D:\Projects\Federated_Learning\Master-Dataset\master_dataset\amritmahal\DS03__Amritmahal_36.jpg,amritmahal
aaae755117277152,D:\Projects\Federated_Learning\Master-Dataset\master_dataset\khillari\DS03__Khillari_68.jpg,khillari
899966c65a73352d,D:\Projects\Federated_Learning\Master-Dataset\master_dataset\amritmahal\DS03__Amritmahal_40.jpg,amritmahal
899966c65a73352d,D:\Projects\Federated_Learning\Master-Dataset\master_dataset\hallikar\DS03__Hallikar_119.jpg,hallikar
c69d38620b93d6bc,D:\Projects\Federated_Learning\Master-Dataset\master_dataset\amritmahal\DS03__Amritmahal_5.jpg,amritmahal
c69d38620b93d6bc,D:\Projects\Federated_Learning\Master-Dataset\master_dataset\khillari\DS03__Khillari_53.jpg,khillari
c69d38620b93d6bc,D:\Projects\Federated_Learning\Master-Dataset\master_dataset\khillari\DS03__Khillari_54.jpg,khillari
ef94147a0737514b,D:\Projects\Federated_Learning\Master-Dataset\master_dataset\amritmahal\DS03__Amritmahal_58.jpg,amritmahal
ef94147a0737514b,D:\Projects\Federated_Learning\Master-Dataset\master_dataset\hallikar\DS03__Hallikar_28.jpg,hallikar
8e0765fc58426e2f,D:\Projects\Federated_Learning\Master-Dataset\master_dataset\amritmahal\DS03__Amritmahal_64.jpg,amritmahal
8e0765fc58426e2f,D:\Projects\Federated_Learning\Master-Dataset\master_dataset\khillari\DS03__Khillari_84.jpg,khillari
f03985d2eccf9192,D:\Projects\Federated_Learning\Master-Dataset\master_dataset\amritmahal\DS03__Amritmahal_69.jpg,amritmahal
f03985d2eccf9192,D:\Projects\Federated_Learning\Master-Dataset\master_dataset\krishna-valley\DS03__Krishna_Valley_15.jpg,krishna-valley
fcfc210b0b9e7622,D:\Projects\Federated_Learning\Master-Dataset\master_dataset\amritmahal\DS03__Amritmahal_74.jpg,amritmahal
fcfc210b0b9e7622,D:\Projects\Federated_Learning\Master-Dataset\master_dataset\hariana\DS03__Hariana_39.jpg,hariana
fcfc210b0b9e7622,D:\Projects\Federated_Learning\Master-Dataset\master_dataset\kankrej\DS03__Kankrej_178.jpg,kankrej
fcfc210b0b9e7622,D:\Projects\Federated_Learning\Master-Dataset\master_dataset\kenkatha\DS03__00000197.jpg,kenkatha
aaacb5518727f152,D:\Projects\Federated_Learning\Master-Dataset\master_dataset\amritmahal\DS11__Amritmahal_030.jpg,amritmahal
aaacb5518727f152,D:\Projects\Federated_Learning\Master-Dataset\master_dataset\khillari\DS11__Khillari_081.jpg,khillari
8981e6c6da73b42d,D:\Projects\Federated_Learning\Master-Dataset\master_dataset\amritmahal\DS11__Amritmahal_035.jpg,amritmahal
8981e6c6da73b42d,D:\Projects\Federated_Learning\Master-Dataset\master_dataset\hallikar\DS11__Hallikar_023.jpg,hallikar
fcf4a109899ef622,D:\Projects\Federated_Learning\Master-Dataset\master_dataset\amritmahal\DS11__Amritmahal_072.jpg,amritmahal
fcf4a109899ef622,D:\Projects\Federated_Learning\Master-Dataset\master_dataset\hariana\DS11__Hariana_065.jpg,hariana
fcf4a109899ef622,D:\Projects\Federated_Learning\Master-Dataset\master_dataset\kankrej\DS11__Kankrej_088.jpg,kankrej
fcf4a109899ef622,D:\Projects\Federated_Learning\Master-Dataset\master_dataset\kenkatha\DS11__Kenkatha_027.jpg,kenkatha
fcf4a109899ef622,D:\Projects\Federated_Learning\Master-Dataset\master_dataset\krishna-valley\DS11__Krishna_Valley_052.jpg,krishna-valley
b139864ef891dad2,D:\Projects\Federated_Learning\Master-Dataset\master_dataset\amritmahal\DS11__Amritmahal_073.jpg,amritmahal
b139864ef891dad2,D:\Projects\Federated_Learning\Master-Dataset\master_dataset\krishna-valley\DS11__Krishna_Valley_038.jpg,krishna-valley
c1c3bebea48e8c98,D:\Projects\Federated_Learning\Master-Dataset\master_dataset\ayrshire\DS02__Ayrshire_119.jpg,ayrshire
c1c3bebea48e8c98,D:\Projects\Federated_Learning\Master-Dataset\master_dataset\guernsey\DS04__guernsey_0240.jpg,guernsey
c141bebe3a676c84,D:\Projects\Federated_Learning\Master-Dataset\master_dataset\ayrshire\DS02__Ayrshire_37.jpg,ayrshire
c141bebe3a676c84,D:\Projects\Federated_Learning\Master-Dataset\master_dataset\brown-swiss\DS04__brown_swiss_0391.jpg,brown-swiss
c141bebe3a676c84,D:\Projects\Federated_Learning\Master-Dataset\master_dataset\guernsey\DS04__guernsey_0224.jpg,guernsey
c141bebe3a676c84,D:\Projects\Federated_Learning\Master-Dataset\master_dataset\holstein-friesian\DS04__holstein-friesian_0493.jpg,holstein-friesian
c141bebe3a676c84,D:\Projects\Federated_Learning\Master-Dataset\master_dataset\jersey\DS04__jersey_0126.jpg,jersey
e989dbc6e4e094b4,D:\Projects\Federated_Learning\Master-Dataset\master_dataset\ayrshire\DS02__Ayrshire_40.jpg,ayrshire
e989dbc6e4e094b4,D:\Projects\Federated_Learning\Master-Dataset\master_dataset\brown-swiss\DS04__brown_swiss_0268.jpg,brown-swiss
e989dbc6e4e094b4,D:\Projects\Federated_Learning\Master-Dataset\master_dataset\guernsey\DS04__guernsey_0206.jpg,guernsey
f0931f74610b5ae5,D:\Projects\Federated_Learning\Master-Dataset\master_dataset\ayrshire\DS03__Ayrshire_1.jpg,ayrshire
f0931f74610b5ae5,D:\Projects\Federated_Learning\Master-Dataset\master_dataset\guernsey\DS03__Guernsey_55.jpg,guernsey
959e4b6b30141e3f,D:\Projects\Federated_Learning\Master-Dataset\master_dataset\ayrshire\DS03__Ayrshire_110.jpg,ayrshire
959e4b6b30141e3f,D:\Projects\Federated_Learning\Master-Dataset\master_dataset\holstein-friesian\DS03__Holstein_Friesian_112.jpg,holstein-friesian
c1c33e3e65095b71,D:\Projects\Federated_Learning\Master-Dataset\master_dataset\ayrshire\DS03__Ayrshire_119.jpg,ayrshire
c1c33e3e65095b71,D:\Projects\Federated_Learning\Master-Dataset\master_dataset\guernsey\DS03__Guernsey_95.jpg,guernsey
c1413ebe78c14f99,D:\Projects\Federated_Learning\Master-Dataset\master_dataset\ayrshire\DS03__Ayrshire_37.jpg,ayrshire
c1413ebe78c14f99,D:\Projects\Federated_Learning\Master-Dataset\master_dataset\brown-swiss\DS03__Brown_Swiss_28.jpg,brown-swiss
c1413ebe78c14f99,D:\Projects\Federated_Learning\Master-Dataset\master_dataset\guernsey\DS03__Guernsey_80.jpg,guernsey
c1413ebe78c14f99,D:\Projects\Federated_Learning\Master-Dataset\master_dataset\holstein-friesian\DS03__Holstein_Friesian_328.jpg,holstein-friesian
c1413ebe78c14f99,D:\Projects\Federated_Learning\Master-Dataset\master_dataset\jersey\DS03__Jersey_29.jpg,jersey
eba91e4624311b9f,D:\Projects\Federated_Learning\Master-Dataset\master_dataset\ayrshire\DS03__Ayrshire_40.jpg,ayrshire
eba91e4624311b9f,D:\Projects\Federated_Learning\Master-Dataset\master_dataset\brown-swiss\DS03__Brown_Swiss_12.jpg,brown-swiss
eba91e4624311b9f,D:\Projects\Federated_Learning\Master-Dataset\master_dataset\guernsey\DS03__Guernsey_64.jpg,guernsey
e0939ef4a51b53c1,D:\Projects\Federated_Learning\Master-Dataset\master_dataset\ayrshire\DS07__Ayrshirecattle1.jpg,ayrshire
e0939ef4a51b53c1,D:\Projects\Federated_Learning\Master-Dataset\master_dataset\guernsey\DS04__guernsey_0196.jpg,guernsey
974f8aa5c3b83586,D:\Projects\Federated_Learning\Master-Dataset\master_dataset\ayrshire\DS07__Ayrshirecattle100.jpg,ayrshire
974f8aa5c3b83586,D:\Projects\Federated_Learning\Master-Dataset\master_dataset\brown-swiss\DS07__BrownSwisscattle125.jpg,brown-swiss
974f8aa5c3b83586,D:\Projects\Federated_Learning\Master-Dataset\master_dataset\holstein-friesian\DS07__HolsteinFriesiancattle134.jpg,holstein-friesian
c80d3f36dc69c3c8,D:\Projects\Federated_Learning\Master-Dataset\master_dataset\ayrshire\DS07__Ayrshirecattle113.jpg,ayrshire
c80d3f36dc69c3c8,D:\Projects\Federated_Learning\Master-Dataset\master_dataset\siri\DS02__image_277x182_33.jpg,siri
e0939f74c10bdae4,D:\Projects\Federated_Learning\Master-Dataset\master_dataset\ayrshire\DS11__Ayrshire_001.jpg,ayrshire
e0939f74c10bdae4,D:\Projects\Federated_Learning\Master-Dataset\master_dataset\guernsey\DS11__Guernsey_071.jpg,guernsey
959ecb69b0149e1b,D:\Projects\Federated_Learning\Master-Dataset\master_dataset\ayrshire\DS11__Ayrshire_014.jpg,ayrshire
959ecb69b0149e1b,D:\Projects\Federated_Learning\Master-Dataset\master_dataset\holstein-friesian\DS11__Holstein_Friesian_016.jpg,holstein-friesian
c1c3be3ee401da71,D:\Projects\Federated_Learning\Master-Dataset\master_dataset\ayrshire\DS11__Ayrshire_023.jpg,ayrshire
c1c3be3ee401da71,D:\Projects\Federated_Learning\Master-Dataset\master_dataset\guernsey\DS11__Guernsey_115.jpg,guernsey
c141bebeb8c1c599,D:\Projects\Federated_Learning\Master-Dataset\master_dataset\ayrshire\DS11__Ayrshire_166.jpg,ayrshire
c141bebeb8c1c599,D:\Projects\Federated_Learning\Master-Dataset\master_dataset\brown-swiss\DS11__Brown_Swiss_147.jpg,brown-swiss
c141bebeb8c1c599,D:\Projects\Federated_Learning\Master-Dataset\master_dataset\guernsey\DS11__Guernsey_099.jpg,guernsey
c141bebeb8c1c599,D:\Projects\Federated_Learning\Master-Dataset\master_dataset\holstein-friesian\DS11__Holstein_Friesian_255.jpg,holstein-friesian
c141bebeb8c1c599,D:\Projects\Federated_Learning\Master-Dataset\master_dataset\jersey\DS11__Jersey_126.jpg,jersey
ed45223a3a3b8ee1,D:\Projects\Federated_Learning\Master-Dataset\master_dataset\bachaur\DS02__Breeds_of_cattle_buffalo_Agriculture.jpg,bachaur
ed45223a3a3b8ee1,D:\Projects\Federated_Learning\Master-Dataset\master_dataset\kherigarh\DS02__image_225x225_3.jpg,kherigarh
ed45223a3a3b8ee1,D:\Projects\Federated_Learning\Master-Dataset\master_dataset\kherigarh\DS02__Visually_searched_image (2).jpg,kherigarh
daec3895c5d580ce,D:\Projects\Federated_Learning\Master-Dataset\master_dataset\bachaur\DS02__Department_of_animal_husbandry_and_dairying.jpg,bachaur
daec3895c5d580ce,D:\Projects\Federated_Learning\Master-Dataset\master_dataset\ghumusari\DS02__Department_of_animal_husbandry_and_dairying.jpg,ghumusari
daec3895c5d580ce,D:\Projects\Federated_Learning\Master-Dataset\master_dataset\malvi\DS02__image_225x225_49 (3).jpg,malvi
fa8d81b06ed7b064,D:\Projects\Federated_Learning\Master-Dataset\master_dataset\bachaur\DS02__image_231x218_15.jpg,bachaur
fa8d81b06ed7b064,D:\Projects\Federated_Learning\Master-Dataset\master_dataset\khillari\DS02__Khillari_39.jpg,khillari
fa8d81b06ed7b064,D:\Projects\Federated_Learning\Master-Dataset\master_dataset\khillari\DS04__khillar_0064.jpg,khillari
fa8d81b06ed7b064,D:\Projects\Federated_Learning\Master-Dataset\master_dataset\khillari\DS06__Khillari_39.jpg,khillari
fa8d81b06ed7b064,D:\Projects\Federated_Learning\Master-Dataset\master_dataset\khillari\DS10__Khillari_39.jpg,khillari
c981636e3e5e22b6,D:\Projects\Federated_Learning\Master-Dataset\master_dataset\bachaur\DS02__image_242x208_5.jpg,bachaur
c981636e3e5e22b6,D:\Projects\Federated_Learning\Master-Dataset\master_dataset\kenkatha\DS04__kenkatha_0023.jpeg,kenkatha
c981636e3e5e22b6,D:\Projects\Federated_Learning\Master-Dataset\master_dataset\kherigarh\DS04__kherigarh_0016.jpeg,kherigarh
c981636e3e5e22b6,D:\Projects\Federated_Learning\Master-Dataset\master_dataset\kherigarh\DS06__00000014.jpeg,kherigarh
c981636e3e5e22b6,D:\Projects\Federated_Learning\Master-Dataset\master_dataset\kherigarh\DS10__00000014.jpeg,kherigarh
b90f87c0687693d3,D:\Projects\Federated_Learning\Master-Dataset\master_dataset\bachaur\DS02__image_251x201_2.jpg,bachaur
b90f87c0687693d3,D:\Projects\Federated_Learning\Master-Dataset\master_dataset\khillari\DS02__Khillari_11.jpg,khillari
b90f87c0687693d3,D:\Projects\Federated_Learning\Master-Dataset\master_dataset\khillari\DS04__khillar_0027.jpg,khillari
b90f87c0687693d3,D:\Projects\Federated_Learning\Master-Dataset\master_dataset\khillari\DS10__Khillari_11.jpg,khillari
da5a6165b89a5785,D:\Projects\Federated_Learning\Master-Dataset\master_dataset\bachaur\DS02__image_251x201_3.jpg,bachaur
da5a6165b89a5785,D:\Projects\Federated_Learning\Master-Dataset\master_dataset\dagri\DS04__dagri_0001.jpg,dagri
df0e87e1e8d58701,D:\Projects\Federated_Learning\Master-Dataset\master_dataset\bachaur\DS02__image_256x197_3.jpg,bachaur
df0e87e1e8d58701,D:\Projects\Federated_Learning\Master-Dataset\master_dataset\hariana\DS02__Hariana_80.jpg,hariana
df0e87e1e8d58701,D:\Projects\Federated_Learning\Master-Dataset\master_dataset\kherigarh\DS04__kherigarh_0021.jpg,kherigarh
df0e87e1e8d58701,D:\Projects\Federated_Learning\Master-Dataset\master_dataset\kherigarh\DS06__00000049.jpg,kherigarh
df0e87e1e8d58701,D:\Projects\Federated_Learning\Master-Dataset\master_dataset\kherigarh\DS10__00000049.jpg,kherigarh
df0e87e1e8d58701,D:\Projects\Federated_Learning\Master-Dataset\master_dataset\tharparkar\DS02__Tharparkar_53.jpg,tharparkar
df0e87e1e8d58701,D:\Projects\Federated_Learning\Master-Dataset\master_dataset\tharparkar\DS04__tharparkar_0180.jpg,tharparkar
df0e87e1e8d58701,D:\Projects\Federated_Learning\Master-Dataset\master_dataset\tharparkar\DS06__Tharparkar_53.jpg,tharparkar
df0e87e1e8d58701,D:\Projects\Federated_Learning\Master-Dataset\master_dataset\tharparkar\DS10__Tharparkar_53.jpg,tharparkar
ebc29439d46ec46c,D:\Projects\Federated_Learning\Master-Dataset\master_dataset\bachaur\DS02__image_257x196_4.jpg,bachaur
ebc29439d46ec46c,D:\Projects\Federated_Learning\Master-Dataset\master_dataset\gaolao\DS02__Classification_of_Common_Indian_Breeds_.jpg,gaolao
ebc29439d46ec46c,D:\Projects\Federated_Learning\Master-Dataset\master_dataset\khillari\DS02__Khillari_5.jpg,khillari
ebc29439d46ec46c,D:\Projects\Federated_Learning\Master-Dataset\master_dataset\khillari\DS04__khillar_0075.jpg,khillari
ebc29439d46ec46c,D:\Projects\Federated_Learning\Master-Dataset\master_dataset\khillari\DS06__Khillari_5.jpg,khillari
ebc29439d46ec46c,D:\Projects\Federated_Learning\Master-Dataset\master_dataset\khillari\DS10__Khillari_5.jpg,khillari
860379bc9e926769,D:\Projects\Federated_Learning\Master-Dataset\master_dataset\bachaur\DS02__image_259x194_36.jpg,bachaur
860379bc9e926769,D:\Projects\Federated_Learning\Master-Dataset\master_dataset\gangatiri\DS02__image_259x194_35.jpg,gangatiri
afc9d0963dcb6230,D:\Projects\Federated_Learning\Master-Dataset\master_dataset\bachaur\DS02__image_260x194_2.jpg,bachaur
afc9d0963dcb6230,D:\Projects\Federated_Learning\Master-Dataset\master_dataset\dagri\DS02__Untitled.jpg,dagri
afc9d0963dcb6230,D:\Projects\Federated_Learning\Master-Dataset\master_dataset\ghumusari\DS02__Untitled.jpg,ghumusari
91bc3c78dacdc503,D:\Projects\Federated_Learning\Master-Dataset\master_dataset\bachaur\DS02__image_276x182_59.jpg,bachaur
91bc3c78dacdc503,D:\Projects\Federated_Learning\Master-Dataset\master_dataset\kherigarh\DS02__image_276x182_9.jpg,kherigarh
91bc3c78dacdc503,D:\Projects\Federated_Learning\Master-Dataset\master_dataset\kherigarh\DS02__Visually_searched_image.jpg,kherigarh
9c8e6b758f1ac134,D:\Projects\Federated_Learning\Master-Dataset\master_dataset\bachaur\DS02__image_278x181_9.jpg,bachaur
9c8e6b758f1ac134,D:\Projects\Federated_Learning\Master-Dataset\master_dataset\hariana\DS04__hariana_0001.jpg,hariana
9c8e6b758f1ac134,D:\Projects\Federated_Learning\Master-Dataset\master_dataset\kenkatha\DS04__kenkatha_0039.jpg,kenkatha
9c8e6b758f1ac134,D:\Projects\Federated_Learning\Master-Dataset\master_dataset\krishna-valley\DS02__Krishna_Valley_83.jpg,krishna-valley
9c8e6b758f1ac134,D:\Projects\Federated_Learning\Master-Dataset\master_dataset\krishna-valley\DS04__krishna_valley_0133.jpg,krishna-valley
9c8e6b758f1ac134,D:\Projects\Federated_Learning\Master-Dataset\master_dataset\krishna-valley\DS06__Krishna_Valley_83.jpg,krishna-valley
9c8e6b758f1ac134,D:\Projects\Federated_Learning\Master-Dataset\master_dataset\krishna-valley\DS10__Krishna_Valley_83.jpg,krishna-valley
9c8e6b758f1ac134,D:\Projects\Federated_Learning\Master-Dataset\master_dataset\nagori\DS04__nagori_0018.jpg,nagori
9c8e6b758f1ac134,D:\Projects\Federated_Learning\Master-Dataset\master_dataset\nagori\DS10__00000023.jpg,nagori
9c8e6b758f1ac134,D:\Projects\Federated_Learning\Master-Dataset\master_dataset\ongole\DS02__Ongole_12.jpg,ongole
9c8e6b758f1ac134,D:\Projects\Federated_Learning\Master-Dataset\master_dataset\ongole\DS04__ongole_0034.jpg,ongole
9c8e6b758f1ac134,D:\Projects\Federated_Learning\Master-Dataset\master_dataset\ongole\DS10__Ongole_12.jpg,ongole
9c8e6b758f1ac134,D:\Projects\Federated_Learning\Master-Dataset\master_dataset\shweta-kapila\DS02__image_278x181_52.jpg,shweta-kapila
9c8e6b758f1ac134,D:\Projects\Federated_Learning\Master-Dataset\master_dataset\tharparkar\DS02__Tharparkar_14.jpeg,tharparkar
9c8e6b758f1ac134,D:\Projects\Federated_Learning\Master-Dataset\master_dataset\tharparkar\DS04__tharparkar_0059.jpeg,tharparkar
9c8e6b758f1ac134,D:\Projects\Federated_Learning\Master-Dataset\master_dataset\tharparkar\DS06__Tharparkar_14.jpeg,tharparkar
9c8e6b758f1ac134,D:\Projects\Federated_Learning\Master-Dataset\master_dataset\tharparkar\DS10__Tharparkar_14.jpeg,tharparkar
c983267b3f293235,D:\Projects\Federated_Learning\Master-Dataset\master_dataset\bachaur\DS02__image_300x168_64.jpg,bachaur
c983267b3f293235,D:\Projects\Federated_Learning\Master-Dataset\master_dataset\gangatiri\DS02__image_300x168_58.jpg,gangatiri
84e363641e9e3e27,D:\Projects\Federated_Learning\Master-Dataset\master_dataset\bachaur\DS02__image_300x168_9.jpg,bachaur
84e363641e9e3e27,D:\Projects\Federated_Learning\Master-Dataset\master_dataset\kherigarh\DS02__image_299x168_3.jpg,kherigarh
d3b304f07367acd0,D:\Projects\Federated_Learning\Master-Dataset\master_dataset\bachaur\DS02__Indian_Zebu_Cattle_Breeds.jpg,bachaur
d3b304f07367acd0,D:\Projects\Federated_Learning\Master-Dataset\master_dataset\gaolao\DS02__Indian_Zebu_Cattle_Breeds.jpg,gaolao
b29131354f8e4e8f,D:\Projects\Federated_Learning\Master-Dataset\master_dataset\bachaur\DS02__Kehrigarh_Cow.jpg,bachaur
b29131354f8e4e8f,D:\Projects\Federated_Learning\Master-Dataset\master_dataset\kenkatha\DS04__kenkatha_0018.jpg,kenkatha
b29131354f8e4e8f,D:\Projects\Federated_Learning\Master-Dataset\master_dataset\kherigarh\DS04__kherigarh_0001.jpg,kherigarh
b29131354f8e4e8f,D:\Projects\Federated_Learning\Master-Dataset\master_dataset\kherigarh\DS04__kherigarh_0003.jpg,kherigarh
b29131354f8e4e8f,D:\Projects\Federated_Learning\Master-Dataset\master_dataset\kherigarh\DS04__kherigarh_0005.jpg,kherigarh
b29131354f8e4e8f,D:\Projects\Federated_Learning\Master-Dataset\master_dataset\kherigarh\DS04__kherigarh_0007.jpg,kherigarh
b29131354f8e4e8f,D:\Projects\Federated_Learning\Master-Dataset\master_dataset\kherigarh\DS04__kherigarh_0009.jpg,kherigarh
d0606567efdcd0c2,D:\Projects\Federated_Learning\Master-Dataset\master_dataset\bachaur\DS02__List_of_Indian_cattle_breeds_-_Wikipedia.jpg,bachaur
d0606567efdcd0c2,D:\Projects\Federated_Learning\Master-Dataset\master_dataset\dagri\DS02__image_120x84_65.jpg,dagri
d0606567efdcd0c2,D:\Projects\Federated_Learning\Master-Dataset\master_dataset\ghumusari\DS02__List_of_Indian_cattle_breeds_-_Wikipedia.jpg,ghumusari
d0606567efdcd0c2,D:\Projects\Federated_Learning\Master-Dataset\master_dataset\kenkatha\DS04__kenkatha_0048.jpg,kenkatha
d0606567efdcd0c2,D:\Projects\Federated_Learning\Master-Dataset\master_dataset\kherigarh\DS02__image_120x84_1.jpg,kherigarh
d0606567efdcd0c2,D:\Projects\Federated_Learning\Master-Dataset\master_dataset\shweta-kapila\DS02__image_120x84_65.jpg,shweta-kapila
f879727268c1d296,D:\Projects\Federated_Learning\Master-Dataset\master_dataset\bachaur\DS02__Native_Cow_Breeds_.jpg,bachaur
f879727268c1d296,D:\Projects\Federated_Learning\Master-Dataset\master_dataset\kherigarh\DS02__image_221x229_7 (2).jpg,kherigarh
85d03b3f4b606a4f,D:\Projects\Federated_Learning\Master-Dataset\master_dataset\bachaur\DS02__Punganur_Cow_Breed_.jpg,bachaur
85d03b3f4b606a4f,D:\Projects\Federated_Learning\Master-Dataset\master_dataset\punganur\DS02__Punganur_Cow_Breed_ (2).jpg,punganur
87567031698bdf49,D:\Projects\Federated_Learning\Master-Dataset\master_dataset\bachaur\DS04__bachaur_0001.jpg,bachaur
87567031698bdf49,D:\Projects\Federated_Learning\Master-Dataset\master_dataset\nagori\DS04__nagori_0043.jpg,nagori
87567031698bdf49,D:\Projects\Federated_Learning\Master-Dataset\master_dataset\nagori\DS06__00000143.jpg,nagori
87567031698bdf49,D:\Projects\Federated_Learning\Master-Dataset\master_dataset\nagori\DS10__00000143.jpg,nagori
d0d2333ded0cf245,D:\Projects\Federated_Learning\Master-Dataset\master_dataset\bachaur\DS04__bachaur_0002.jpg,bachaur
d0d2333ded0cf245,D:\Projects\Federated_Learning\Master-Dataset\master_dataset\kherigarh\DS02__image_275x183_5.jpg,kherigarh
96c93532cb14e2eb,D:\Projects\Federated_Learning\Master-Dataset\master_dataset\badri\DS02__Breeds_of_cattle_buffalo_Agriculture.jpg,badri
96c93532cb14e2eb,D:\Projects\Federated_Learning\Master-Dataset\master_dataset\red-dane\DS07__RedDanecattle36.jpg,red-dane
d5011274de3e3787,D:\Projects\Federated_Learning\Master-Dataset\master_dataset\badri\DS02__image_259x194_53.jpg,badri
d5011274de3e3787,D:\Projects\Federated_Learning\Master-Dataset\master_dataset\motu\DS02__image_259x194_13.jpg,motu
81052f7ec4f1991f,D:\Projects\Federated_Learning\Master-Dataset\master_dataset\badri\DS02__Native_Cow_Breeds_ (2).jpg,badri
81052f7ec4f1991f,D:\Projects\Federated_Learning\Master-Dataset\master_dataset\ghumusari\DS02__Native_Cow_Breeds_.jpg,ghumusari
d4cb8cb4997e2c0b,D:\Projects\Federated_Learning\Master-Dataset\master_dataset\badri\DS02__Types_of_Desi_Cow_Breeds_in_India_ (1).jpg,badri
d4cb8cb4997e2c0b,D:\Projects\Federated_Learning\Master-Dataset\master_dataset\himachali-pahari\DS02__Types_of_Desi_Cow_Breeds_in_India_.jpg,himachali-pahari
f914ee6e183c9d11,D:\Projects\Federated_Learning\Master-Dataset\master_dataset\banni\DS01__1280px-Water_buffalo_bull-_near_Mehsana-_Gujarat-_India-_3.jpg,banni
f914ee6e183c9d11,D:\Projects\Federated_Learning\Master-Dataset\master_dataset\kalahandi\DS01__image_250x188_14.jpg,kalahandi
f914ee6e183c9d11,D:\Projects\Federated_Learning\Master-Dataset\master_dataset\marathwadi\DS01__image_259x194_10.jpg,marathwadi
f914ee6e183c9d11,D:\Projects\Federated_Learning\Master-Dataset\master_dataset\mehsana\DS01__image_259x194_10.jpg,mehsana
f914ee6e183c9d11,D:\Projects\Federated_Learning\Master-Dataset\master_dataset\nagpuri\DS04__nagpuri_0137.jpg,nagpuri
f914ee6e183c9d11,D:\Projects\Federated_Learning\Master-Dataset\master_dataset\nagpuri\DS06__Nagpuri_41.jpg,nagpuri
f914ee6e183c9d11,D:\Projects\Federated_Learning\Master-Dataset\master_dataset\nagpuri\DS10__Nagpuri_41.jpg,nagpuri
f914ee6e183c9d11,D:\Projects\Federated_Learning\Master-Dataset\master_dataset\toda\DS04__toda_0089.jpg,toda
f914ee6e183c9d11,D:\Projects\Federated_Learning\Master-Dataset\master_dataset\toda\DS10__Toda_58.jpg,toda
af7ad08535694a4e,D:\Projects\Federated_Learning\Master-Dataset\master_dataset\banni\DS01__348753-1.jpg,banni
af7ad08535694a4e,D:\Projects\Federated_Learning\Master-Dataset\master_dataset\murrah\DS11__Murrah_060.jpg,murrah
e89c94c7c5c0de63,D:\Projects\Federated_Learning\Master-Dataset\master_dataset\banni\DS01__bbreed_murrah2.png,banni
e89c94c7c5c0de63,D:\Projects\Federated_Learning\Master-Dataset\master_dataset\mehsana\DS01__image_229x149_1.jpg,mehsana
e89c94c7c5c0de63,D:\Projects\Federated_Learning\Master-Dataset\master_dataset\nagpuri\DS04__nagpuri_0105.png,nagpuri
e89c94c7c5c0de63,D:\Projects\Federated_Learning\Master-Dataset\master_dataset\nagpuri\DS06__Nagpuri_190.png,nagpuri
e89c94c7c5c0de63,D:\Projects\Federated_Learning\Master-Dataset\master_dataset\nagpuri\DS10__Nagpuri_190.png,nagpuri
bfc880e1776a46ac,D:\Projects\Federated_Learning\Master-Dataset\master_dataset\banni\DS01__buffalo-1.jpg,banni
bfc880e1776a46ac,D:\Projects\Federated_Learning\Master-Dataset\master_dataset\bargur\DS01__image_282x179_4.jpg,bargur
bfc880e1776a46ac,D:\Projects\Federated_Learning\Master-Dataset\master_dataset\chhattisgarhi\DS01__image_282x179_4.jpg,chhattisgarhi
bfc880e1776a46ac,D:\Projects\Federated_Learning\Master-Dataset\master_dataset\chilika\DS01__Registered_buffalo_breeds_in_India_.jpg,chilika
bfc880e1776a46ac,D:\Projects\Federated_Learning\Master-Dataset\master_dataset\luit\DS01__Gaon_Connection_Indias_Biggest_Rural_.jpg,luit
bfc880e1776a46ac,D:\Projects\Federated_Learning\Master-Dataset\master_dataset\luit\DS01__image_282x179_2 (2).jpg,luit
bfc880e1776a46ac,D:\Projects\Federated_Learning\Master-Dataset\master_dataset\luit\DS01__image_282x179_2.jpg,luit
bfc880e1776a46ac,D:\Projects\Federated_Learning\Master-Dataset\master_dataset\nagpuri\DS01__image_282x179_1.jpg,nagpuri
bfc880e1776a46ac,D:\Projects\Federated_Learning\Master-Dataset\master_dataset\toda\DS01__image_282x179_1.jpg,toda
f00eb0e3691edb49,D:\Projects\Federated_Learning\Master-Dataset\master_dataset\banni\DS01__buffalo-jaffarabadi.jpg,banni
f00eb0e3691edb49,D:\Projects\Federated_Learning\Master-Dataset\master_dataset\jaffarabadi\DS04__jaffarabadi_0016.jpg,jaffarabadi
ae49d1b6399e4638,D:\Projects\Federated_Learning\Master-Dataset\master_dataset\banni\DS01__image (1).jpeg,banni
ae49d1b6399e4638,D:\Projects\Federated_Learning\Master-Dataset\master_dataset\surti\DS01__image_300x168_1.jpg,surti
ac59f03479cfc548,D:\Projects\Federated_Learning\Master-Dataset\master_dataset\banni\DS01__image.jpeg,banni
ac59f03479cfc548,D:\Projects\Federated_Learning\Master-Dataset\master_dataset\bargur\DS01__Breeds_of_cattle_buffalo_Agriculture (1).jpg,bargur
ac59f03479cfc548,D:\Projects\Federated_Learning\Master-Dataset\master_dataset\marathwadi\DS01__Department_of_animal_husbandry_and_dairying (2).jpg,marathwadi
ac59f03479cfc548,D:\Projects\Federated_Learning\Master-Dataset\master_dataset\marathwadi\DS01__Department_of_animal_husbandry_and_dairying.jpg,marathwadi
a97e82e0e80e5e57,D:\Projects\Federated_Learning\Master-Dataset\master_dataset\banni\DS01__images (19).jpeg,banni
a97e82e0e80e5e57,D:\Projects\Federated_Learning\Master-Dataset\master_dataset\bhadawari\DS01__7_Important_Breeds_of_Indian_Buffaloes.jpg,bhadawari
a6c0cb9ec30ed93c,D:\Projects\Federated_Learning\Master-Dataset\master_dataset\banni\DS01__images (23).jpeg,banni
a6c0cb9ec30ed93c,D:\Projects\Federated_Learning\Master-Dataset\master_dataset\mehsana\DS01__Gujarat_Banni_Buffalo_Odhan_Sells_.jpg,mehsana
d458c8a731a54f7a,D:\Projects\Federated_Learning\Master-Dataset\master_dataset\banni\DS01__images (38).jpeg,banni
d458c8a731a54f7a,D:\Projects\Federated_Learning\Master-Dataset\master_dataset\chilika\DS01__BUFFALO_BREEDS (2).jpg,chilika
d458c8a731a54f7a,D:\Projects\Federated_Learning\Master-Dataset\master_dataset\marathwadi\DS01__BUFFALO_BREEDS (2).jpg,marathwadi
ba0b81f8fe16d06c,D:\Projects\Federated_Learning\Master-Dataset\master_dataset\banni\DS01__images (51).jpeg,banni
ba0b81f8fe16d06c,D:\Projects\Federated_Learning\Master-Dataset\master_dataset\bargur\DS01__image_225x225_2 (2).jpg,bargur
ba0b81f8fe16d06c,D:\Projects\Federated_Learning\Master-Dataset\master_dataset\gojri\DS01__Visually_searched_image (3).jpg,gojri
ba0b81f8fe16d06c,D:\Projects\Federated_Learning\Master-Dataset\master_dataset\luit\DS01__image_225x225_2 (2).jpg,luit
ba0b81f8fe16d06c,D:\Projects\Federated_Learning\Master-Dataset\master_dataset\luit\DS01__image_225x225_2.jpg,luit
ba0b81f8fe16d06c,D:\Projects\Federated_Learning\Master-Dataset\master_dataset\marathwadi\DS01__Breeds_of_cattle_buffalo_Agriculture (1).jpg,marathwadi
fa1e95d16067932a,D:\Projects\Federated_Learning\Master-Dataset\master_dataset\banni\DS01__images (58).jpeg,banni
fa1e95d16067932a,D:\Projects\Federated_Learning\Master-Dataset\master_dataset\murrah\DS01__Murrah_Buffalo_at_Rs_85000_in_Ambala_.jpg,murrah
ae08d6376d96b8c1,D:\Projects\Federated_Learning\Master-Dataset\master_dataset\banni\DS01__slider-4.png,banni
ae08d6376d96b8c1,D:\Projects\Federated_Learning\Master-Dataset\master_dataset\mehsana\DS01__image_295x171_3.jpg,mehsana
ae08d6376d96b8c1,D:\Projects\Federated_Learning\Master-Dataset\master_dataset\mehsana\DS04__mehsana_0095.png,mehsana
ae08d6376d96b8c1,D:\Projects\Federated_Learning\Master-Dataset\master_dataset\mehsana\DS06__Mehsana_87.png,mehsana
ae08d6376d96b8c1,D:\Projects\Federated_Learning\Master-Dataset\master_dataset\mehsana\DS10__Mehsana_87.png,mehsana
ae1851b729c8d637,D:\Projects\Federated_Learning\Master-Dataset\master_dataset\banni\DS03__00000001.png,banni
ae1851b729c8d637,D:\Projects\Federated_Learning\Master-Dataset\master_dataset\mehsana\DS03__Mehsana_87.png,mehsana
f9570eee019147c3,D:\Projects\Federated_Learning\Master-Dataset\master_dataset\banni\DS03__00000027.jpg,banni
f9570eee019147c3,D:\Projects\Federated_Learning\Master-Dataset\master_dataset\nagpuri\DS03__Nagpuri_41.jpg,nagpuri
a9941f5d506266dd,D:\Projects\Federated_Learning\Master-Dataset\master_dataset\banni\DS03__00000053.JPG,banni
a9941f5d506266dd,D:\Projects\Federated_Learning\Master-Dataset\master_dataset\bhadawari\DS03__Bhadawari_46.jpg,bhadawari
a9941f5d506266dd,D:\Projects\Federated_Learning\Master-Dataset\master_dataset\murrah\DS03__Murrah_3.JPG,murrah
a9941f5d506266dd,D:\Projects\Federated_Learning\Master-Dataset\master_dataset\nagpuri\DS03__Nagpuri_68.jpeg,nagpuri
a9941f5d506266dd,D:\Projects\Federated_Learning\Master-Dataset\master_dataset\toda\DS03__Toda_43.jpg,toda
88e6371d5d75c382,D:\Projects\Federated_Learning\Master-Dataset\master_dataset\banni\DS03__00000061.png,banni
88e6371d5d75c382,D:\Projects\Federated_Learning\Master-Dataset\master_dataset\mehsana\DS03__Mehsana_7.png,mehsana
88e6371d5d75c382,D:\Projects\Federated_Learning\Master-Dataset\master_dataset\surti\DS03__Surti_13.png,surti
c9cac1c97a997a32,D:\Projects\Federated_Learning\Master-Dataset\master_dataset\banni\DS03__00000144.jpg,banni
c9cac1c97a997a32,D:\Projects\Federated_Learning\Master-Dataset\master_dataset\murrah\DS03__Murrah_105.jpg,murrah
c9cac1c97a997a32,D:\Projects\Federated_Learning\Master-Dataset\master_dataset\murrah\DS03__Murrah_67.jpg,murrah
c9cac1c97a997a32,D:\Projects\Federated_Learning\Master-Dataset\master_dataset\nagpuri\DS03__Nagpuri_67.jpeg,nagpuri
ea8815776818d7c7,D:\Projects\Federated_Learning\Master-Dataset\master_dataset\banni\DS03__00000147.jpg,banni
ea8815776818d7c7,D:\Projects\Federated_Learning\Master-Dataset\master_dataset\nagpuri\DS03__Nagpuri_16.jpg,nagpuri
ea8815776818d7c7,D:\Projects\Federated_Learning\Master-Dataset\master_dataset\surti\DS03__Surti_24.jpg,surti
ea8815776818d7c7,D:\Projects\Federated_Learning\Master-Dataset\master_dataset\toda\DS03__Toda_7.jpg,toda
c07ac369cc6e0e67,D:\Projects\Federated_Learning\Master-Dataset\master_dataset\banni\DS03__00000200.jpg,banni
c07ac369cc6e0e67,D:\Projects\Federated_Learning\Master-Dataset\master_dataset\murrah\DS03__Murrah_44.jpg,murrah
bf9b4467435852cc,D:\Projects\Federated_Learning\Master-Dataset\master_dataset\banni\DS03__00000206.jpg,banni
bf9b4467435852cc,D:\Projects\Federated_Learning\Master-Dataset\master_dataset\murrah\DS03__Murrah_139.jpg,murrah
bf9b4467435852cc,D:\Projects\Federated_Learning\Master-Dataset\master_dataset\murrah\DS03__Murrah_54.jpg,murrah
9b3f8ecbe114b460,D:\Projects\Federated_Learning\Master-Dataset\master_dataset\banni\DS04__banni_0036.jpg,banni
9b3f8ecbe114b460,D:\Projects\Federated_Learning\Master-Dataset\master_dataset\nagpuri\DS03__Nagpuri_102.jpg,nagpuri
9b3f8ecbe114b460,D:\Projects\Federated_Learning\Master-Dataset\master_dataset\nagpuri\DS04__nagpuri_0015.jpg,nagpuri
9b3f8ecbe114b460,D:\Projects\Federated_Learning\Master-Dataset\master_dataset\nagpuri\DS06__Nagpuri_102.jpg,nagpuri
9b3f8ecbe114b460,D:\Projects\Federated_Learning\Master-Dataset\master_dataset\nagpuri\DS10__Nagpuri_102.jpg,nagpuri
9b3f8ecbe114b460,D:\Projects\Federated_Learning\Master-Dataset\master_dataset\nagpuri\DS11__Nagpuri_005.jpg,nagpuri
a994bf9d99221a3c,D:\Projects\Federated_Learning\Master-Dataset\master_dataset\banni\DS04__banni_0041.jpg,banni
a994bf9d99221a3c,D:\Projects\Federated_Learning\Master-Dataset\master_dataset\bhadawari\DS04__bhadawari_0151.jpg,bhadawari
a994bf9d99221a3c,D:\Projects\Federated_Learning\Master-Dataset\master_dataset\kalahandi\DS01__image_301x167_9.jpg,kalahandi
a994bf9d99221a3c,D:\Projects\Federated_Learning\Master-Dataset\master_dataset\mehsana\DS01__image_275x183_3.jpg,mehsana
a994bf9d99221a3c,D:\Projects\Federated_Learning\Master-Dataset\master_dataset\murrah\DS04__murrah_0110.jpg,murrah
a994bf9d99221a3c,D:\Projects\Federated_Learning\Master-Dataset\master_dataset\murrah\DS05__Murrah-35-_jpg.rf.16bf37ce9c2dfb937fcf4a21618f6572.jpg,murrah
a994bf9d99221a3c,D:\Projects\Federated_Learning\Master-Dataset\master_dataset\murrah\DS05__Murrah-35-_rot0_b0_8_jpg.rf.30fc31902cfbc57c464ebe57186af298.jpg,murrah
a994bf9d99221a3c,D:\Projects\Federated_Learning\Master-Dataset\master_dataset\murrah\DS05__Murrah-35-_rot0_b1_0_jpg.rf.c0fab1cf2ab230d5e4006690789d2994.jpg,murrah
a994bf9d99221a3c,D:\Projects\Federated_Learning\Master-Dataset\master_dataset\murrah\DS06__Murrah_3.JPG,murrah
a994bf9d99221a3c,D:\Projects\Federated_Learning\Master-Dataset\master_dataset\murrah\DS10__Murrah_3.JPG,murrah
a994bf9d99221a3c,D:\Projects\Federated_Learning\Master-Dataset\master_dataset\nagpuri\DS04__nagpuri_0165.jpeg,nagpuri
a994bf9d99221a3c,D:\Projects\Federated_Learning\Master-Dataset\master_dataset\nagpuri\DS06__Nagpuri_68.jpeg,nagpuri
a994bf9d99221a3c,D:\Projects\Federated_Learning\Master-Dataset\master_dataset\nagpuri\DS10__Nagpuri_68.jpeg,nagpuri
a994bf9d99221a3c,D:\Projects\Federated_Learning\Master-Dataset\master_dataset\toda\DS04__toda_0073.jpg,toda
a994bf9d99221a3c,D:\Projects\Federated_Learning\Master-Dataset\master_dataset\toda\DS06__Toda_43.jpg,toda
a994bf9d99221a3c,D:\Projects\Federated_Learning\Master-Dataset\master_dataset\toda\DS10__Toda_43.jpg,toda
88e2a28e3c745f76,D:\Projects\Federated_Learning\Master-Dataset\master_dataset\banni\DS04__banni_0043.png,banni
88e2a28e3c745f76,D:\Projects\Federated_Learning\Master-Dataset\master_dataset\mehsana\DS04__mehsana_0077.png,mehsana
88e2a28e3c745f76,D:\Projects\Federated_Learning\Master-Dataset\master_dataset\mehsana\DS06__Mehsana_7.png,mehsana
88e2a28e3c745f76,D:\Projects\Federated_Learning\Master-Dataset\master_dataset\mehsana\DS10__Mehsana_7.png,mehsana
88e2a28e3c745f76,D:\Projects\Federated_Learning\Master-Dataset\master_dataset\surti\DS04__surti_0015.png,surti
88e2a28e3c745f76,D:\Projects\Federated_Learning\Master-Dataset\master_dataset\surti\DS06__Surti_13.png,surti
88e2a28e3c745f76,D:\Projects\Federated_Learning\Master-Dataset\master_dataset\surti\DS10__Surti_13.png,surti
f82387dc6e735881,D:\Projects\Federated_Learning\Master-Dataset\master_dataset\banni\DS04__banni_0052.jpg,banni
f82387dc6e735881,D:\Projects\Federated_Learning\Master-Dataset\master_dataset\murrah\DS01__image_225x225_25.jpg,murrah
f82387dc6e735881,D:\Projects\Federated_Learning\Master-Dataset\master_dataset\surti\DS01__Best_Murrah_Breed_Buffalo_Price_Near_Me_.jpg,surti
fc23979cf858ca18,D:\Projects\Federated_Learning\Master-Dataset\master_dataset\banni\DS04__banni_0054.jpg,banni
fc23979cf858ca18,D:\Projects\Federated_Learning\Master-Dataset\master_dataset\murrah\DS01__Pure_Murrah_BuffaloRana_Dairy_Farm.jpg,murrah
ebd6c1c8729b1236,D:\Projects\Federated_Learning\Master-Dataset\master_dataset\banni\DS04__banni_0073.jpg,banni
ebd6c1c8729b1236,D:\Projects\Federated_Learning\Master-Dataset\master_dataset\murrah\DS04__murrah_0017.jpg,murrah
ebd6c1c8729b1236,D:\Projects\Federated_Learning\Master-Dataset\master_dataset\murrah\DS04__murrah_0149.jpg,murrah
ebd6c1c8729b1236,D:\Projects\Federated_Learning\Master-Dataset\master_dataset\murrah\DS06__Murrah_105.jpg,murrah
ebd6c1c8729b1236,D:\Projects\Federated_Learning\Master-Dataset\master_dataset\murrah\DS06__Murrah_67.jpg,murrah
ebd6c1c8729b1236,D:\Projects\Federated_Learning\Master-Dataset\master_dataset\murrah\DS10__Murrah_105.jpg,murrah
ebd6c1c8729b1236,D:\Projects\Federated_Learning\Master-Dataset\master_dataset\murrah\DS10__Murrah_67.jpg,murrah
ebd6c1c8729b1236,D:\Projects\Federated_Learning\Master-Dataset\master_dataset\nagpuri\DS04__nagpuri_0164.jpeg,nagpuri
ebd6c1c8729b1236,D:\Projects\Federated_Learning\Master-Dataset\master_dataset\nagpuri\DS06__Nagpuri_67.jpeg,nagpuri
ebd6c1c8729b1236,D:\Projects\Federated_Learning\Master-Dataset\master_dataset\nagpuri\DS10__Nagpuri_67.jpeg,nagpuri
ea8895672838f47e,D:\Projects\Federated_Learning\Master-Dataset\master_dataset\banni\DS04__banni_0074.jpg,banni
ea8895672838f47e,D:\Projects\Federated_Learning\Master-Dataset\master_dataset\gojri\DS01__image_276x183_29.jpg,gojri
ea8895672838f47e,D:\Projects\Federated_Learning\Master-Dataset\master_dataset\nagpuri\DS04__nagpuri_0074.jpg,nagpuri
ea8895672838f47e,D:\Projects\Federated_Learning\Master-Dataset\master_dataset\nagpuri\DS10__Nagpuri_16.jpg,nagpuri
ea8895672838f47e,D:\Projects\Federated_Learning\Master-Dataset\master_dataset\surti\DS04__surti_0027.jpg,surti
ea8895672838f47e,D:\Projects\Federated_Learning\Master-Dataset\master_dataset\surti\DS06__Surti_24.jpg,surti
ea8895672838f47e,D:\Projects\Federated_Learning\Master-Dataset\master_dataset\surti\DS10__Surti_24.jpg,surti
ea8895672838f47e,D:\Projects\Federated_Learning\Master-Dataset\master_dataset\toda\DS04__toda_0102.jpg,toda
ea8895672838f47e,D:\Projects\Federated_Learning\Master-Dataset\master_dataset\toda\DS10__Toda_7.jpg,toda
a80090d5ff3b1e76,D:\Projects\Federated_Learning\Master-Dataset\master_dataset\banni\DS04__banni_0075.jpg,banni
a80090d5ff3b1e76,D:\Projects\Federated_Learning\Master-Dataset\master_dataset\murrah\DS01__Black_Women_Original_Murrah_Buffalo_15_.jpg,murrah
a80090d5ff3b1e76,D:\Projects\Federated_Learning\Master-Dataset\master_dataset\murrah\DS03__Murrah_160.jpg,murrah
a80090d5ff3b1e76,D:\Projects\Federated_Learning\Master-Dataset\master_dataset\murrah\DS04__murrah_0075.jpg,murrah
a80090d5ff3b1e76,D:\Projects\Federated_Learning\Master-Dataset\master_dataset\murrah\DS06__Murrah_160.jpg,murrah
a80090d5ff3b1e76,D:\Projects\Federated_Learning\Master-Dataset\master_dataset\murrah\DS10__Murrah_160.jpg,murrah
a80090d5ff3b1e76,D:\Projects\Federated_Learning\Master-Dataset\master_dataset\nagpuri\DS04__nagpuri_0123.jpg,nagpuri
a80090d5ff3b1e76,D:\Projects\Federated_Learning\Master-Dataset\master_dataset\nagpuri\DS06__Nagpuri_28.jpg,nagpuri
a80090d5ff3b1e76,D:\Projects\Federated_Learning\Master-Dataset\master_dataset\nagpuri\DS10__Nagpuri_28.jpg,nagpuri
a76b989d94c5c16c,D:\Projects\Federated_Learning\Master-Dataset\master_dataset\banni\DS04__banni_0076.jpg,banni
a76b989d94c5c16c,D:\Projects\Federated_Learning\Master-Dataset\master_dataset\jaffarabadi\DS03__Jaffrabadi_65.jpg,jaffarabadi
f275d16bce4e0c22,D:\Projects\Federated_Learning\Master-Dataset\master_dataset\banni\DS04__banni_0087.jpg,banni
f275d16bce4e0c22,D:\Projects\Federated_Learning\Master-Dataset\master_dataset\murrah\DS04__murrah_0125.jpg,murrah
f275d16bce4e0c22,D:\Projects\Federated_Learning\Master-Dataset\master_dataset\murrah\DS06__Murrah_44.jpg,murrah
f275d16bce4e0c22,D:\Projects\Federated_Learning\Master-Dataset\master_dataset\murrah\DS10__Murrah_44.jpg,murrah
be9b942765323439,D:\Projects\Federated_Learning\Master-Dataset\master_dataset\banni\DS04__banni_0088.jpg,banni
be9b942765323439,D:\Projects\Federated_Learning\Master-Dataset\master_dataset\murrah\DS04__murrah_0051.jpg,murrah
be9b942765323439,D:\Projects\Federated_Learning\Master-Dataset\master_dataset\murrah\DS04__murrah_0136.jpg,murrah
be9b942765323439,D:\Projects\Federated_Learning\Master-Dataset\master_dataset\murrah\DS06__Murrah_54.jpg,murrah
be9b942765323439,D:\Projects\Federated_Learning\Master-Dataset\master_dataset\murrah\DS10__Murrah_139.jpg,murrah
be9b942765323439,D:\Projects\Federated_Learning\Master-Dataset\master_dataset\murrah\DS10__Murrah_54.jpg,murrah
a4e1dfdeb2c06984,D:\Projects\Federated_Learning\Master-Dataset\master_dataset\banni\DS04__banni_0103.jpg,banni
a4e1dfdeb2c06984,D:\Projects\Federated_Learning\Master-Dataset\master_dataset\bargur\DS01__image_259x194_8.jpg,bargur
b88e95f82711668f,D:\Projects\Federated_Learning\Master-Dataset\master_dataset\banni\DS04__banni_0116.jpg,banni
b88e95f82711668f,D:\Projects\Federated_Learning\Master-Dataset\master_dataset\mehsana\DS01__image_237x213_1.jpg,mehsana
b88e95f82711668f,D:\Projects\Federated_Learning\Master-Dataset\master_dataset\murrah\DS01__image_237x213_1.jpg,murrah
b88e95f82711668f,D:\Projects\Federated_Learning\Master-Dataset\master_dataset\surti\DS05__2fb8cc3ffa0c2f481bcaa471b3a804e2_jpg.rf.3a060980cd7226b42ac987aa8d2e9506.jpg,surti
b88e95f82711668f,D:\Projects\Federated_Learning\Master-Dataset\master_dataset\surti\DS05__2fb8cc3ffa0c2f481bcaa471b3a804e2_rot0_b0_8_jpg.rf.105aff0c73d3dfb70bad7b98d98319ee.jpg,surti
b88e95f82711668f,D:\Projects\Federated_Learning\Master-Dataset\master_dataset\surti\DS05__2fb8cc3ffa0c2f481bcaa471b3a804e2_rot0_b1_jpg.rf.81514009992af419c1f3ee7dd399c784.jpg,surti
b88e95f82711668f,D:\Projects\Federated_Learning\Master-Dataset\master_dataset\surti\DS05__download-8-_jpg.rf.d25d2e517befc8b87d9ec012bd8e6b1e.jpg,surti
b88e95f82711668f,D:\Projects\Federated_Learning\Master-Dataset\master_dataset\surti\DS05__download-8-_rot0_b0_8_jpg.rf.69b417f5a6261107fae2b0de29b321c3.jpg,surti
b88e95f82711668f,D:\Projects\Federated_Learning\Master-Dataset\master_dataset\surti\DS05__download-8-_rot0_b1_jpg.rf.af13b06744c675331d7fac290fc591b9.jpg,surti
f9558eee8190c5c3,D:\Projects\Federated_Learning\Master-Dataset\master_dataset\banni\DS11__Banni_018.jpg,banni
f9558eee8190c5c3,D:\Projects\Federated_Learning\Master-Dataset\master_dataset\nagpuri\DS11__Nagpuri_127.jpg,nagpuri
f9558eee8190c5c3,D:\Projects\Federated_Learning\Master-Dataset\master_dataset\toda\DS11__Toda_079.jpg,toda
ea72c369cc4c0e67,D:\Projects\Federated_Learning\Master-Dataset\master_dataset\banni\DS11__Banni_077.jpg,banni
ea72c369cc4c0e67,D:\Projects\Federated_Learning\Master-Dataset\master_dataset\murrah\DS11__Murrah_115.jpg,murrah
bf9bc067c158d0cc,D:\Projects\Federated_Learning\Master-Dataset\master_dataset\banni\DS11__Banni_078.jpg,banni
bf9bc067c158d0cc,D:\Projects\Federated_Learning\Master-Dataset\master_dataset\murrah\DS11__Murrah_041.jpg,murrah
bf9bc067c158d0cc,D:\Projects\Federated_Learning\Master-Dataset\master_dataset\murrah\DS11__Murrah_126.jpg,murrah
ebad84d0d0749a6b,D:\Projects\Federated_Learning\Master-Dataset\master_dataset\bargur\DS01__Black_Murrah_BuffaloVijay_Dairy_Farm.jpg,bargur
ebad84d0d0749a6b,D:\Projects\Federated_Learning\Master-Dataset\master_dataset\mehsana\DS01__image_225x225_5.jpg,mehsana
ebad84d0d0749a6b,D:\Projects\Federated_Learning\Master-Dataset\master_dataset\murrah\DS01__Black_Murrah_Buffalo_at_Best_Price_in_.jpg,murrah
ee01817a39c6e43f,D:\Projects\Federated_Learning\Master-Dataset\master_dataset\bargur\DS01__Breeds_of_cattle_buffalo_Agriculture.jpg,bargur
ee01817a39c6e43f,D:\Projects\Federated_Learning\Master-Dataset\master_dataset\chilika\DS01__Breeds_of_cattle_buffalo_Agriculture.jpg,chilika
ee01817a39c6e43f,D:\Projects\Federated_Learning\Master-Dataset\master_dataset\kalahandi\DS01__Visually_searched_image.jpg,kalahandi
ee01817a39c6e43f,D:\Projects\Federated_Learning\Master-Dataset\master_dataset\marathwadi\DS01__Breeds_of_cattle_buffalo_Agriculture.jpg,marathwadi
ee01817a39c6e43f,D:\Projects\Federated_Learning\Master-Dataset\master_dataset\nagpuri\DS01__Breeds_of_cattle_buffalo_Agriculture (2).jpg,nagpuri
ee01817a39c6e43f,D:\Projects\Federated_Learning\Master-Dataset\master_dataset\toda\DS01__image_225x225_1.jpg,toda
fcc3d2bc4d3441c9,D:\Projects\Federated_Learning\Master-Dataset\master_dataset\bargur\DS01__image_120x120_82.jpg,bargur
fcc3d2bc4d3441c9,D:\Projects\Federated_Learning\Master-Dataset\master_dataset\chhattisgarhi\DS01__image_120x120_69.jpg,chhattisgarhi
e19cc6f91e21c792,D:\Projects\Federated_Learning\Master-Dataset\master_dataset\bargur\DS01__image_120x87_83.jpg,bargur
e19cc6f91e21c792,D:\Projects\Federated_Learning\Master-Dataset\master_dataset\nagpuri\DS04__nagpuri_0195.jpg,nagpuri
e19cc6f91e21c792,D:\Projects\Federated_Learning\Master-Dataset\master_dataset\nagpuri\DS10__Nagpuri_97.jpg,nagpuri
e19cc6f91e21c792,D:\Projects\Federated_Learning\Master-Dataset\master_dataset\toda\DS04__toda_0012.jpg,toda
e19cc6f91e21c792,D:\Projects\Federated_Learning\Master-Dataset\master_dataset\toda\DS10__Toda_10.jpg,toda
afd8c2ad39c77060,D:\Projects\Federated_Learning\Master-Dataset\master_dataset\bargur\DS01__image_200x167_80.jpg,bargur
afd8c2ad39c77060,D:\Projects\Federated_Learning\Master-Dataset\master_dataset\toda\DS01__image_200x167_69.jpg,toda
abacccecd9a54688,D:\Projects\Federated_Learning\Master-Dataset\master_dataset\bargur\DS01__image_212x238_1.jpg,bargur
abacccecd9a54688,D:\Projects\Federated_Learning\Master-Dataset\master_dataset\luit\DS01__image_212x238_1.jpg,luit
abacccecd9a54688,D:\Projects\Federated_Learning\Master-Dataset\master_dataset\surti\DS05__download-1-_jpg.rf.19dfbff31e13e505d481e0b0c3391b40.jpg,surti
abacccecd9a54688,D:\Projects\Federated_Learning\Master-Dataset\master_dataset\surti\DS05__download-1-_rot0_b0_8_jpg.rf.bcc3d7ff92882f16b21b56defdd6e5d4.jpg,surti
abacccecd9a54688,D:\Projects\Federated_Learning\Master-Dataset\master_dataset\surti\DS05__download-1-_rot0_b1_jpg.rf.c601034a45d3e730d61e68d725a09017.jpg,surti
bec5c552a03f842f,D:\Projects\Federated_Learning\Master-Dataset\master_dataset\bargur\DS01__image_225x225_4 (2).jpg,bargur
bec5c552a03f842f,D:\Projects\Federated_Learning\Master-Dataset\master_dataset\murrah\DS01__image_225x225_8.jpg,murrah
bec5c552a03f842f,D:\Projects\Federated_Learning\Master-Dataset\master_dataset\murrah\DS01__Mansa_Dairy_Farm.jpg,murrah
bec5c552a03f842f,D:\Projects\Federated_Learning\Master-Dataset\master_dataset\surti\DS01__Mansa_Dairy_Farm.jpg,surti
f299a5e7181c326d,D:\Projects\Federated_Learning\Master-Dataset\master_dataset\bargur\DS01__image_225x225_5 (2).jpg,bargur
f299a5e7181c326d,D:\Projects\Federated_Learning\Master-Dataset\master_dataset\bhadawari\DS04__bhadawari_0139.jpg,bhadawari
f299a5e7181c326d,D:\Projects\Federated_Learning\Master-Dataset\master_dataset\chilika\DS01__image_239x211_59.jpg,chilika
f299a5e7181c326d,D:\Projects\Federated_Learning\Master-Dataset\master_dataset\nagpuri\DS04__nagpuri_0169.png,nagpuri
f299a5e7181c326d,D:\Projects\Federated_Learning\Master-Dataset\master_dataset\nagpuri\DS06__Nagpuri_71.png,nagpuri
f299a5e7181c326d,D:\Projects\Federated_Learning\Master-Dataset\master_dataset\nagpuri\DS10__Nagpuri_71.png,nagpuri
f299a5e7181c326d,D:\Projects\Federated_Learning\Master-Dataset\master_dataset\toda\DS04__toda_0047.jpg,toda
f299a5e7181c326d,D:\Projects\Federated_Learning\Master-Dataset\master_dataset\toda\DS10__Toda_2.jpg,toda
a6e89d1144d3f713,D:\Projects\Federated_Learning\Master-Dataset\master_dataset\bargur\DS01__image_225x225_63.jpg,bargur
a6e89d1144d3f713,D:\Projects\Federated_Learning\Master-Dataset\master_dataset\toda\DS01__image_225x225_39.jpg,toda
b9cf947168cbd092,D:\Projects\Federated_Learning\Master-Dataset\master_dataset\bargur\DS01__image_225x225_65.jpg,bargur
b9cf947168cbd092,D:\Projects\Federated_Learning\Master-Dataset\master_dataset\toda\DS01__image_225x225_38.jpg,toda
bbc8b7405965d45a,D:\Projects\Federated_Learning\Master-Dataset\master_dataset\bargur\DS01__image_225x225_66.jpg,bargur
bbc8b7405965d45a,D:\Projects\Federated_Learning\Master-Dataset\master_dataset\chhattisgarhi\DS01__image_225x225_26.jpg,chhattisgarhi
e5459b61f90a46bc,D:\Projects\Federated_Learning\Master-Dataset\master_dataset\bargur\DS01__image_235x214_2.jpg,bargur
e5459b61f90a46bc,D:\Projects\Federated_Learning\Master-Dataset\master_dataset\luit\DS01__image_235x214_2.jpg,luit
e5459b61f90a46bc,D:\Projects\Federated_Learning\Master-Dataset\master_dataset\toda\DS01__image_235x214_1.jpg,toda
e3765e476539181c,D:\Projects\Federated_Learning\Master-Dataset\master_dataset\bargur\DS01__image_251x201_2.jpg,bargur
e3765e476539181c,D:\Projects\Federated_Learning\Master-Dataset\master_dataset\chhattisgarhi\DS04__chhattisgarhi_0002.jpg,chhattisgarhi
931c9e6764988e67,D:\Projects\Federated_Learning\Master-Dataset\master_dataset\bargur\DS01__image_259x194_41.jpg,bargur
931c9e6764988e67,D:\Projects\Federated_Learning\Master-Dataset\master_dataset\chhattisgarhi\DS01__image_259x194_49.jpg,chhattisgarhi
bb1486e364d8d8e5,D:\Projects\Federated_Learning\Master-Dataset\master_dataset\bargur\DS01__image_259x194_43.jpg,bargur
bb1486e364d8d8e5,D:\Projects\Federated_Learning\Master-Dataset\master_dataset\kalahandi\DS01__image_259x194_13.jpeg,kalahandi
bb1486e364d8d8e5,D:\Projects\Federated_Learning\Master-Dataset\master_dataset\toda\DS04__toda_0014.jpg,toda
bb1486e364d8d8e5,D:\Projects\Federated_Learning\Master-Dataset\master_dataset\toda\DS06__Toda_101.jpg,toda
bb1486e364d8d8e5,D:\Projects\Federated_Learning\Master-Dataset\master_dataset\toda\DS10__Toda_101.jpg,toda
f10a96656d1b92e5,D:\Projects\Federated_Learning\Master-Dataset\master_dataset\bargur\DS01__image_259x194_46.jpg,bargur
f10a96656d1b92e5,D:\Projects\Federated_Learning\Master-Dataset\master_dataset\nagpuri\DS01__image_259x194_32.jpg,nagpuri
f10a96656d1b92e5,D:\Projects\Federated_Learning\Master-Dataset\master_dataset\toda\DS01__image_259x194_30.jpg,toda
bcc39f1e484cf0e4,D:\Projects\Federated_Learning\Master-Dataset\master_dataset\bargur\DS01__image_259x194_51.jpg,bargur
bcc39f1e484cf0e4,D:\Projects\Federated_Learning\Master-Dataset\master_dataset\toda\DS01__image_259x194_34.jpg,toda
b1c41c355b66c6e3,D:\Projects\Federated_Learning\Master-Dataset\master_dataset\bargur\DS01__image_259x194_52.jpg,bargur
b1c41c355b66c6e3,D:\Projects\Federated_Learning\Master-Dataset\master_dataset\chhattisgarhi\DS01__image_259x194_47.jpg,chhattisgarhi
f23aa56d8a966529,D:\Projects\Federated_Learning\Master-Dataset\master_dataset\bargur\DS01__image_259x194_7.jpg,bargur
f23aa56d8a966529,D:\Projects\Federated_Learning\Master-Dataset\master_dataset\toda\DS01__image_259x194_7.jpg,toda
f23aa56d8a966529,D:\Projects\Federated_Learning\Master-Dataset\master_dataset\toda\DS04__toda_0029.jpg,toda
f23aa56d8a966529,D:\Projects\Federated_Learning\Master-Dataset\master_dataset\toda\DS06__Toda_115.jpg,toda
f23aa56d8a966529,D:\Projects\Federated_Learning\Master-Dataset\master_dataset\toda\DS10__Toda_115.jpg,toda
ec9b96257b849178,D:\Projects\Federated_Learning\Master-Dataset\master_dataset\bargur\DS01__image_259x194_9.jpg,bargur
ec9b96257b849178,D:\Projects\Federated_Learning\Master-Dataset\master_dataset\nagpuri\DS01__Cattle_Breeds_and_Buffalo_Breeds.jpg,nagpuri
ec9b96257b849178,D:\Projects\Federated_Learning\Master-Dataset\master_dataset\nagpuri\DS01__Visually_searched_image.jpg,nagpuri
f91c86636c1c33ad,D:\Projects\Federated_Learning\Master-Dataset\master_dataset\bargur\DS01__image_265x190_3.jpg,bargur
f91c86636c1c33ad,D:\Projects\Federated_Learning\Master-Dataset\master_dataset\chilika\DS01__image_265x190_35.jpg,chilika
f91c86636c1c33ad,D:\Projects\Federated_Learning\Master-Dataset\master_dataset\luit\DS01__image_265x190_5 (2).jpg,luit
f91c86636c1c33ad,D:\Projects\Federated_Learning\Master-Dataset\master_dataset\luit\DS01__image_265x190_5 (3).jpg,luit
f91c86636c1c33ad,D:\Projects\Federated_Learning\Master-Dataset\master_dataset\luit\DS01__image_265x190_5.jpg,luit
f91c86636c1c33ad,D:\Projects\Federated_Learning\Master-Dataset\master_dataset\toda\DS01__image_266x190_2.jpg,toda
aceb8376339ccc05,D:\Projects\Federated_Learning\Master-Dataset\master_dataset\bargur\DS01__image_275x183_10.jpg,bargur
aceb8376339ccc05,D:\Projects\Federated_Learning\Master-Dataset\master_dataset\luit\DS01__List_of_water_buffalo_breeds_-_Wikipedia (1).jpg,luit
fb079c19a222ba73,D:\Projects\Federated_Learning\Master-Dataset\master_dataset\bargur\DS01__image_275x183_12.jpg,bargur
fb079c19a222ba73,D:\Projects\Federated_Learning\Master-Dataset\master_dataset\chilika\DS01__Dairy_Farming_Buffalo_Pics (2).jpg,chilika
fb079c19a222ba73,D:\Projects\Federated_Learning\Master-Dataset\master_dataset\luit\DS01__Dairy_Farming_Buffalo_Pics.jpg,luit
fb079c19a222ba73,D:\Projects\Federated_Learning\Master-Dataset\master_dataset\luit\DS01__image_275x183_4 (2).jpg,luit
fb079c19a222ba73,D:\Projects\Federated_Learning\Master-Dataset\master_dataset\luit\DS01__image_275x183_4.jpg,luit
fb079c19a222ba73,D:\Projects\Federated_Learning\Master-Dataset\master_dataset\nagpuri\DS01__Water_Buffalo_Animal_Database_Fandom.jpg,nagpuri
fb079c19a222ba73,D:\Projects\Federated_Learning\Master-Dataset\master_dataset\toda\DS04__toda_0104.jpg,toda
fb079c19a222ba73,D:\Projects\Federated_Learning\Master-Dataset\master_dataset\toda\DS06__Toda_71.jpg,toda
fb079c19a222ba73,D:\Projects\Federated_Learning\Master-Dataset\master_dataset\toda\DS10__Toda_71.jpg,toda
aa06d47b3d64d398,D:\Projects\Federated_Learning\Master-Dataset\master_dataset\bargur\DS01__image_275x183_60.jpg,bargur
aa06d47b3d64d398,D:\Projects\Federated_Learning\Master-Dataset\master_dataset\nagpuri\DS04__nagpuri_0147.jpg,nagpuri
aa06d47b3d64d398,D:\Projects\Federated_Learning\Master-Dataset\master_dataset\nagpuri\DS10__Nagpuri_51.jpg,nagpuri
aa06d47b3d64d398,D:\Projects\Federated_Learning\Master-Dataset\master_dataset\toda\DS04__toda_0078.jpg,toda
aa06d47b3d64d398,D:\Projects\Federated_Learning\Master-Dataset\master_dataset\toda\DS06__Toda_48.jpg,toda
aa06d47b3d64d398,D:\Projects\Federated_Learning\Master-Dataset\master_dataset\toda\DS10__Toda_48.jpg,toda
e39994c679983e61,D:\Projects\Federated_Learning\Master-Dataset\master_dataset\bargur\DS01__image_275x183_7.jpg,bargur
e39994c679983e61,D:\Projects\Federated_Learning\Master-Dataset\master_dataset\chilika\DS01__image_275x183_59.jpg,chilika
ccc4d036364bf754,D:\Projects\Federated_Learning\Master-Dataset\master_dataset\bargur\DS01__image_286x176_5.jpg,bargur
ccc4d036364bf754,D:\Projects\Federated_Learning\Master-Dataset\master_dataset\chilika\DS01__image_286x176_7.jpg,chilika
be9384e2e8289f63,D:\Projects\Federated_Learning\Master-Dataset\master_dataset\bargur\DS01__image_291x173_70.jpg,bargur
be9384e2e8289f63,D:\Projects\Federated_Learning\Master-Dataset\master_dataset\chilika\DS01__image_291x173_50.jpg,chilika
afb6d2cadbc88508,D:\Projects\Federated_Learning\Master-Dataset\master_dataset\bargur\DS01__image_296x170_6 (2).jpg,bargur
afb6d2cadbc88508,D:\Projects\Federated_Learning\Master-Dataset\master_dataset\bhadawari\DS01__image_296x170_5.jpg,bhadawari
afb6d2cadbc88508,D:\Projects\Federated_Learning\Master-Dataset\master_dataset\mehsana\DS01__image_296x170_14.jpg,mehsana
8469c9d236744d3f,D:\Projects\Federated_Learning\Master-Dataset\master_dataset\bargur\DS01__image_300x168_2 (2).jpg,bargur
8469c9d236744d3f,D:\Projects\Federated_Learning\Master-Dataset\master_dataset\nagpuri\DS01__image_300x168_3.jpg,nagpuri
8469c9d236744d3f,D:\Projects\Federated_Learning\Master-Dataset\master_dataset\surti\DS01__image_300x168_1 (2).jpg,surti
aad0952e69662c7d,D:\Projects\Federated_Learning\Master-Dataset\master_dataset\bargur\DS01__image_303x166_7 (2).jpg,bargur
aad0952e69662c7d,D:\Projects\Federated_Learning\Master-Dataset\master_dataset\chhattisgarhi\DS01__image_303x166_8.jpg,chhattisgarhi
8bcddc32a1339e1c,D:\Projects\Federated_Learning\Master-Dataset\master_dataset\bargur\DS01__Murrah_BuffaloNand_pari_Dairy_Farm.jpg,bargur
8bcddc32a1339e1c,D:\Projects\Federated_Learning\Master-Dataset\master_dataset\murrah\DS01__image_225x225_22.jpg,murrah
8bcddc32a1339e1c,D:\Projects\Federated_Learning\Master-Dataset\master_dataset\murrah\DS01__Murrah_BuffaloNand_pari_Dairy_Farm.jpg,murrah
8bcddc32a1339e1c,D:\Projects\Federated_Learning\Master-Dataset\master_dataset\surti\DS01__Murrah_BuffaloNand_pari_Dairy_Farm.jpg,surti
bb53d0a8ec94346e,D:\Projects\Federated_Learning\Master-Dataset\master_dataset\bargur\DS01__Murrah_BuffaloSuresh_Dairy_Farm.jpg,bargur
bb53d0a8ec94346e,D:\Projects\Federated_Learning\Master-Dataset\master_dataset\surti\DS01__Murrah_BuffaloSuresh_Dairy_Farm.jpg,surti
ee94231b2cc49be3,D:\Projects\Federated_Learning\Master-Dataset\master_dataset\bargur\DS02__image_167x301_61.jpg,bargur
ee94231b2cc49be3,D:\Projects\Federated_Learning\Master-Dataset\master_dataset\poda-thirupu\DS02__image_167x301_45.jpg,poda-thirupu
fa2d83c2ec8794b1,D:\Projects\Federated_Learning\Master-Dataset\master_dataset\bargur\DS02__image_268x188_49.jpg,bargur
fa2d83c2ec8794b1,D:\Projects\Federated_Learning\Master-Dataset\master_dataset\nimari\DS02__00000396.jpg,nimari
fa2d83c2ec8794b1,D:\Projects\Federated_Learning\Master-Dataset\master_dataset\nimari\DS04__nimari_0059.jpg,nimari
fa2d83c2ec8794b1,D:\Projects\Federated_Learning\Master-Dataset\master_dataset\nimari\DS06__00000396.jpg,nimari
fa2d83c2ec8794b1,D:\Projects\Federated_Learning\Master-Dataset\master_dataset\nimari\DS10__00000396.jpg,nimari
ae41c89eb131da7c,D:\Projects\Federated_Learning\Master-Dataset\master_dataset\bargur\DS02__image_269x188_45.jpg,bargur
ae41c89eb131da7c,D:\Projects\Federated_Learning\Master-Dataset\master_dataset\nimari\DS02__00000017.jpg,nimari
ae41c89eb131da7c,D:\Projects\Federated_Learning\Master-Dataset\master_dataset\nimari\DS04__nimari_0016.jpg,nimari
ae41c89eb131da7c,D:\Projects\Federated_Learning\Master-Dataset\master_dataset\nimari\DS06__00000017.jpg,nimari
ae41c89eb131da7c,D:\Projects\Federated_Learning\Master-Dataset\master_dataset\nimari\DS10__00000017.jpg,nimari
ae41c89eb131da7c,D:\Projects\Federated_Learning\Master-Dataset\master_dataset\rathi\DS02__00000074.jpg,rathi
ae41c89eb131da7c,D:\Projects\Federated_Learning\Master-Dataset\master_dataset\rathi\DS04__rathi_0042.jpg,rathi
ae41c89eb131da7c,D:\Projects\Federated_Learning\Master-Dataset\master_dataset\rathi\DS06__00000074.jpg,rathi
ae41c89eb131da7c,D:\Projects\Federated_Learning\Master-Dataset\master_dataset\rathi\DS10__00000074.jpg,rathi
af6bd9d316040d2b,D:\Projects\Federated_Learning\Master-Dataset\master_dataset\bargur\DS04__bargur_0003.jpg,bargur
af6bd9d316040d2b,D:\Projects\Federated_Learning\Master-Dataset\master_dataset\chilika\DS01__BUFFALO_-_LeafConAgro.jpg,chilika
bc09cb969555ca36,D:\Projects\Federated_Learning\Master-Dataset\master_dataset\bhadawari\DS01___ (1) (2).jpg,bhadawari
bc09cb969555ca36,D:\Projects\Federated_Learning\Master-Dataset\master_dataset\gojri\DS01__image_251x201_37.jpg,gojri
bc09cb969555ca36,D:\Projects\Federated_Learning\Master-Dataset\master_dataset\kalahandi\DS01__image_251x201_2.jpg,kalahandi
bf61cb1ab235c4d0,D:\Projects\Federated_Learning\Master-Dataset\master_dataset\bhadawari\DS01__Bhadawari_-_Alchetron_The_Free_Social_.jpg,bhadawari
bf61cb1ab235c4d0,D:\Projects\Federated_Learning\Master-Dataset\master_dataset\surti\DS04__surti_0021.jpeg,surti
bf61cb1ab235c4d0,D:\Projects\Federated_Learning\Master-Dataset\master_dataset\surti\DS06__Surti_19.jpeg,surti
bf61cb1ab235c4d0,D:\Projects\Federated_Learning\Master-Dataset\master_dataset\surti\DS10__Surti_19.jpeg,surti
c62630a7d698cdd6,D:\Projects\Federated_Learning\Master-Dataset\master_dataset\bhadawari\DS01__Bhadawari_Buffalo_at_70000_New_.jpg,bhadawari
c62630a7d698cdd6,D:\Projects\Federated_Learning\Master-Dataset\master_dataset\himachali-pahari\DS02__Murrah_Buffalo_Supplier_In_Himachal_.jpg,himachali-pahari
c62630a7d698cdd6,D:\Projects\Federated_Learning\Master-Dataset\master_dataset\murrah\DS01__Pure_Black_Pregnant_Murrah_Buffalo_ (2).jpg,murrah
c62630a7d698cdd6,D:\Projects\Federated_Learning\Master-Dataset\master_dataset\nili-ravi\DS01__Black_Nili_Ravi_Buffaloes_15_Ltr_at_ (1).jpg,nili-ravi
c62630a7d698cdd6,D:\Projects\Federated_Learning\Master-Dataset\master_dataset\nili-ravi\DS01__Black_Nili_Ravi_Buffaloes_15_Ltr_at_.jpg,nili-ravi
e2198fe389d8e265,D:\Projects\Federated_Learning\Master-Dataset\master_dataset\bhadawari\DS01__Bhadawari_buffalo_CABI_Compendium.jpg,bhadawari
e2198fe389d8e265,D:\Projects\Federated_Learning\Master-Dataset\master_dataset\nagpuri\DS01__Bhadawari_buffalo_CABI_Compendium.jpg,nagpuri
e2198fe389d8e265,D:\Projects\Federated_Learning\Master-Dataset\master_dataset\nagpuri\DS01__image_275x183_8.jpg,nagpuri
a9b4af9d99261538,D:\Projects\Federated_Learning\Master-Dataset\master_dataset\bhadawari\DS01__Bhadawari_Buffalo_Origin_.jpg,bhadawari
a9b4af9d99261538,D:\Projects\Federated_Learning\Master-Dataset\master_dataset\nili-ravi\DS01__Nili_Ravi_Buffalo_Breed_ (1).jpg,nili-ravi
c1631e36e3c01f4f,D:\Projects\Federated_Learning\Master-Dataset\master_dataset\bhadawari\DS01__Bhadawari_Water_Buffalo_Facts_Milk_ (1).jpg,bhadawari
c1631e36e3c01f4f,D:\Projects\Federated_Learning\Master-Dataset\master_dataset\toda\DS01__image_275x183_7.jpg,toda
c1631e36e3c01f4f,D:\Projects\Federated_Learning\Master-Dataset\master_dataset\toda\DS04__toda_0131.jpg,toda
c1631e36e3c01f4f,D:\Projects\Federated_Learning\Master-Dataset\master_dataset\toda\DS06__Toda_96.jpg,toda
c1631e36e3c01f4f,D:\Projects\Federated_Learning\Master-Dataset\master_dataset\toda\DS10__Toda_96.jpg,toda
f1db9e381c0d25a9,D:\Projects\Federated_Learning\Master-Dataset\master_dataset\bhadawari\DS01__Bhadawari_Water_Buffalo_Facts_Milk_ (2).jpg,bhadawari
f1db9e381c0d25a9,D:\Projects\Federated_Learning\Master-Dataset\master_dataset\toda\DS04__toda_0061.jpg,toda
f1db9e381c0d25a9,D:\Projects\Federated_Learning\Master-Dataset\master_dataset\toda\DS06__Toda_32.jpg,toda
f1db9e381c0d25a9,D:\Projects\Federated_Learning\Master-Dataset\master_dataset\toda\DS10__Toda_32.jpg,toda
bb9ddda38c2092ac,D:\Projects\Federated_Learning\Master-Dataset\master_dataset\bhadawari\DS01__Bhadawari_Water_Buffalo_Facts_Milk_ (3).jpg,bhadawari
bb9ddda38c2092ac,D:\Projects\Federated_Learning\Master-Dataset\master_dataset\marathwadi\DS01__image_259x194_12.jpg,marathwadi
d72c38b30cd82fac,D:\Projects\Federated_Learning\Master-Dataset\master_dataset\bhadawari\DS01__Different_Types_of_Buffalo_Breeds_in_.jpg,bhadawari
d72c38b30cd82fac,D:\Projects\Federated_Learning\Master-Dataset\master_dataset\luit\DS01__image_259x194_8.jpg,luit
b64880973d69de78,D:\Projects\Federated_Learning\Master-Dataset\master_dataset\bhadawari\DS01__Discover_24_Buffalo_Breeds_of_India_ (1).jpg,bhadawari
b64880973d69de78,D:\Projects\Federated_Learning\Master-Dataset\master_dataset\marathwadi\DS01__image_255x197_46.jpg,marathwadi
b64880973d69de78,D:\Projects\Federated_Learning\Master-Dataset\master_dataset\nagpuri\DS01__image_255x198_3.jpg,nagpuri
b64880973d69de78,D:\Projects\Federated_Learning\Master-Dataset\master_dataset\pandharpuri\DS01__Marathwadi_Dairy_Knowledge_Portal.jpg,pandharpuri
eeaac0d6b511c758,D:\Projects\Federated_Learning\Master-Dataset\master_dataset\bhadawari\DS01__Discover_24_Buffalo_Breeds_of_India_ (2).jpg,bhadawari
eeaac0d6b511c758,D:\Projects\Federated_Learning\Master-Dataset\master_dataset\jaffarabadi\DS04__jaffarabadi_0057.jpg,jaffarabadi
eeaac0d6b511c758,D:\Projects\Federated_Learning\Master-Dataset\master_dataset\nili-ravi\DS01__image_259x194_15.jpg,nili-ravi
eeaac0d6b511c758,D:\Projects\Federated_Learning\Master-Dataset\master_dataset\toda\DS04__toda_0100.jpg,toda
eeaac0d6b511c758,D:\Projects\Federated_Learning\Master-Dataset\master_dataset\toda\DS10__Toda_68.jpg,toda
f21c9687c3d898ce,D:\Projects\Federated_Learning\Master-Dataset\master_dataset\bhadawari\DS01__Discover_24_Buffalo_Breeds_of_India_ (3).jpg,bhadawari
f21c9687c3d898ce,D:\Projects\Federated_Learning\Master-Dataset\master_dataset\mehsana\DS01__image_289x174_15.jpg,mehsana
af78d2c4b185c533,D:\Projects\Federated_Learning\Master-Dataset\master_dataset\bhadawari\DS01__Discover_24_Buffalo_Breeds_of_India_.jpg,bhadawari
af78d2c4b185c533,D:\Projects\Federated_Learning\Master-Dataset\master_dataset\jaffarabadi\DS01__image_276x183_2.jpg,jaffarabadi
af78d2c4b185c533,D:\Projects\Federated_Learning\Master-Dataset\master_dataset\pandharpuri\DS01__image_276x183_53.jpg,pandharpuri
e1dc9ee1319ae701,D:\Projects\Federated_Learning\Master-Dataset\master_dataset\bhadawari\DS01__Famous_Buffalo_Varieties_in_India_.jpg,bhadawari
e1dc9ee1319ae701,D:\Projects\Federated_Learning\Master-Dataset\master_dataset\pandharpuri\DS01__Famous_Buffalo_Varieties_in_India_.jpg,pandharpuri
e1dc9ee1319ae701,D:\Projects\Federated_Learning\Master-Dataset\master_dataset\toda\DS01__image_291x173_12.jpg,toda
ad3c9ec360643c1f,D:\Projects\Federated_Learning\Master-Dataset\master_dataset\bhadawari\DS01__Gaay_Bhens_Dekho_cows_breeds_.jpg,bhadawari
ad3c9ec360643c1f,D:\Projects\Federated_Learning\Master-Dataset\master_dataset\gojri\DS01__image_225x225_58 (2).jpg,gojri
9bc4d1602c9e6d9b,D:\Projects\Federated_Learning\Master-Dataset\master_dataset\bhadawari\DS01__image_259x194_4.jpg,bhadawari
9bc4d1602c9e6d9b,D:\Projects\Federated_Learning\Master-Dataset\master_dataset\kalahandi\DS01__image_259x194_12.jpg,kalahandi
fa0c83606c9efa3c,D:\Projects\Federated_Learning\Master-Dataset\master_dataset\bhadawari\DS01__image_259x194_6.jpg,bhadawari
fa0c83606c9efa3c,D:\Projects\Federated_Learning\Master-Dataset\master_dataset\chilika\DS01__image_259x194_14.jpg,chilika
bc49cf7625345133,D:\Projects\Federated_Learning\Master-Dataset\master_dataset\bhadawari\DS01__image_300x168_3.jpg,bhadawari
bc49cf7625345133,D:\Projects\Federated_Learning\Master-Dataset\master_dataset\kalahandi\DS01__Buffalo_Animals_Super_Store.jpg,kalahandi
94e98f167a6cad22,D:\Projects\Federated_Learning\Master-Dataset\master_dataset\bhadawari\DS01__Jafarabadi_Buffalo_at_Best_Price_in_.jpg,bhadawari
94e98f167a6cad22,D:\Projects\Federated_Learning\Master-Dataset\master_dataset\jaffarabadi\DS01__Jafarabadi_Buffalo_at_Best_Price_in_.jpg,jaffarabadi
b906c69947b59a4e,D:\Projects\Federated_Learning\Master-Dataset\master_dataset\bhadawari\DS01__Jafarabadi_Buffalo_Milk_Per_Day_.jpg,bhadawari
b906c69947b59a4e,D:\Projects\Federated_Learning\Master-Dataset\master_dataset\jaffarabadi\DS01__Jafarabadi_Buffalo_Milk_Per_Day_ (1).jpg,jaffarabadi
b906c69947b59a4e,D:\Projects\Federated_Learning\Master-Dataset\master_dataset\murrah\DS01__Jafarabadi_Buffalo_Milk_Per_Day_.jpg,murrah
b906c69947b59a4e,D:\Projects\Federated_Learning\Master-Dataset\master_dataset\nagpuri\DS01__image_300x168_6.jpg,nagpuri
ae68c19658cb8bb5,D:\Projects\Federated_Learning\Master-Dataset\master_dataset\bhadawari\DS01__Kalahandi_buffalo_conservation_project_.jpg,bhadawari
ae68c19658cb8bb5,D:\Projects\Federated_Learning\Master-Dataset\master_dataset\chilika\DS01__Kalahandi_buffalo_conservation_project_.jpg,chilika
ae68c19658cb8bb5,D:\Projects\Federated_Learning\Master-Dataset\master_dataset\gojri\DS01__image_295x171_21.jpg,gojri
aaa594673a1a9793,D:\Projects\Federated_Learning\Master-Dataset\master_dataset\bhadawari\DS01__Mehsana_Dairy_Knowledge_Portal.jpg,bhadawari
aaa594673a1a9793,D:\Projects\Federated_Learning\Master-Dataset\master_dataset\kalahandi\DS01__image_259x194_11.jpg,kalahandi
aaa594673a1a9793,D:\Projects\Federated_Learning\Master-Dataset\master_dataset\marathwadi\DS01__image_259x194_8.jpg,marathwadi
aaa594673a1a9793,D:\Projects\Federated_Learning\Master-Dataset\master_dataset\marathwadi\DS01__Mehsana_Dairy_Knowledge_Portal.jpg,marathwadi
aaa594673a1a9793,D:\Projects\Federated_Learning\Master-Dataset\master_dataset\mehsana\DS01__image_259x194_7.jpg,mehsana
bf68c195b4c35a32,D:\Projects\Federated_Learning\Master-Dataset\master_dataset\bhadawari\DS01__Murrah_Buffalo_Color_Black_at_Rs_.jpg,bhadawari
bf68c195b4c35a32,D:\Projects\Federated_Learning\Master-Dataset\master_dataset\murrah\DS04__murrah_0119.jpeg,murrah
bf68c195b4c35a32,D:\Projects\Federated_Learning\Master-Dataset\master_dataset\murrah\DS06__Murrah_39.jpeg,murrah
bf68c195b4c35a32,D:\Projects\Federated_Learning\Master-Dataset\master_dataset\murrah\DS10__Murrah_39.jpeg,murrah
fc41516c2a1aad6f,D:\Projects\Federated_Learning\Master-Dataset\master_dataset\bhadawari\DS01__Nagpuri_Buffalo_.jpg,bhadawari
fc41516c2a1aad6f,D:\Projects\Federated_Learning\Master-Dataset\master_dataset\nagpuri\DS01__image_301x168_1.jpg,nagpuri
fa9e97e1c0c0cac5,D:\Projects\Federated_Learning\Master-Dataset\master_dataset\bhadawari\DS01__Speciality_of_bhadawari_breed_buffalo_.jpg,bhadawari
fa9e97e1c0c0cac5,D:\Projects\Federated_Learning\Master-Dataset\master_dataset\murrah\DS01__Murrah_Buffalo_ (1).jpg,murrah
e57c9ac7c7299910,D:\Projects\Federated_Learning\Master-Dataset\master_dataset\bhadawari\DS01__Surti_Dairy_Knowledge_Portal.jpg,bhadawari
e57c9ac7c7299910,D:\Projects\Federated_Learning\Master-Dataset\master_dataset\mehsana\DS01__Surti_Dairy_Knowledge_Portal.jpg,mehsana
e57c9ac7c7299910,D:\Projects\Federated_Learning\Master-Dataset\master_dataset\surti\DS05__download-3-_jpg.rf.b63b67ce228ade078ba870933964ffba.jpg,surti
e57c9ac7c7299910,D:\Projects\Federated_Learning\Master-Dataset\master_dataset\surti\DS05__download-3-_rot0_b0_8_jpg.rf.4f35b3cc7060d8c5c9ba534ed5c72c73.jpg,surti
e57c9ac7c7299910,D:\Projects\Federated_Learning\Master-Dataset\master_dataset\surti\DS05__download-3-_rot0_b1_jpg.rf.1f87da488bcee2740314ad30fab71599.jpg,surti
e57c9ac7c7299910,D:\Projects\Federated_Learning\Master-Dataset\master_dataset\surti\DS05__surti-bull_jpg.rf.30f337ded7238705c55fd5bb41783ff1.jpg,surti
e57c9ac7c7299910,D:\Projects\Federated_Learning\Master-Dataset\master_dataset\surti\DS05__surti-bull_rot0_b0_8_jpg.rf.1d41ba048f1b4c03927fa7bd45a73ce3.jpg,surti
e57c9ac7c7299910,D:\Projects\Federated_Learning\Master-Dataset\master_dataset\surti\DS05__surti-bull_rot0_b1_jpg.rf.3ecd521729f5f8a764b903633b8d4a33.jpg,surti
f10d97eb60982cf2,D:\Projects\Federated_Learning\Master-Dataset\master_dataset\bhadawari\DS01__Top_10_Buffalo_Breeds_in_India_ (1).jpg,bhadawari
f10d97eb60982cf2,D:\Projects\Federated_Learning\Master-Dataset\master_dataset\pandharpuri\DS01__Top_10_Buffalo_Breeds_in_India_.jpg,pandharpuri
fb0e9773e09c0664,D:\Projects\Federated_Learning\Master-Dataset\master_dataset\bhadawari\DS01__Top_10_Buffalo_Breeds_in_India_ (2) (2).jpg,bhadawari
fb0e9773e09c0664,D:\Projects\Federated_Learning\Master-Dataset\master_dataset\nili-ravi\DS01__image_300x168_5.jpg,nili-ravi
fb0e9773e09c0664,D:\Projects\Federated_Learning\Master-Dataset\master_dataset\pandharpuri\DS01__Top_10_Buffalo_Breeds_in_India_ (3).jpg,pandharpuri
fb0e9773e09c0664,D:\Projects\Federated_Learning\Master-Dataset\master_dataset\surti\DS01__Top_10_Buffalo_Breeds_in_India_.jpg,surti
f260c07f7c6a68b4,D:\Projects\Federated_Learning\Master-Dataset\master_dataset\bhadawari\DS01__Top_10_Buffalo_Breeds_in_India_ (2).jpg,bhadawari
f260c07f7c6a68b4,D:\Projects\Federated_Learning\Master-Dataset\master_dataset\jaffarabadi\DS01__Jafarabadi_Buffalo_at_95000piece_ (1).jpg,jaffarabadi
b4ea4997b5514a17,D:\Projects\Federated_Learning\Master-Dataset\master_dataset\bhadawari\DS01__Top_10_Buffalo_Breeds_in_India_ (3).jpg,bhadawari
b4ea4997b5514a17,D:\Projects\Federated_Learning\Master-Dataset\master_dataset\murrah\DS01__Top_10_Buffalo_Breeds_in_India_.jpg,murrah
b4ea4997b5514a17,D:\Projects\Federated_Learning\Master-Dataset\master_dataset\pandharpuri\DS01__Top_10_Buffalo_Breeds_in_India_ (5).jpg,pandharpuri
bf8dd0120f6a7d82,D:\Projects\Federated_Learning\Master-Dataset\master_dataset\bhadawari\DS01__Top_10_Buffalo_Breeds_in_India_ (5).jpg,bhadawari
bf8dd0120f6a7d82,D:\Projects\Federated_Learning\Master-Dataset\master_dataset\nagpuri\DS01__image_308x163_14.jpg,nagpuri
bf8dd0120f6a7d82,D:\Projects\Federated_Learning\Master-Dataset\master_dataset\surti\DS01__image_308x163_1.jpg,surti
a45bc0b439c61f3d,D:\Projects\Federated_Learning\Master-Dataset\master_dataset\bhadawari\DS01__Top_10_Buffalo_Breeds_in_India_ (6).jpg,bhadawari
a45bc0b439c61f3d,D:\Projects\Federated_Learning\Master-Dataset\master_dataset\pandharpuri\DS01__Top_10_Buffalo_Breeds_in_India_ (4).jpg,pandharpuri
e9dcec4276e1a624,D:\Projects\Federated_Learning\Master-Dataset\master_dataset\bhadawari\DS01__Top_Murrah_Buffalo_Farming_in_Patna_.jpg,bhadawari
e9dcec4276e1a624,D:\Projects\Federated_Learning\Master-Dataset\master_dataset\murrah\DS01__Top_Murrah_Buffalo_Farming_in_Patna_.jpg,murrah
e1941e632918dfc7,D:\Projects\Federated_Learning\Master-Dataset\master_dataset\bhadawari\DS03__Bhadawari_10.jpg,bhadawari
e1941e632918dfc7,D:\Projects\Federated_Learning\Master-Dataset\master_dataset\mehsana\DS03__Mehsana_78.jpeg,mehsana
e1941e632918dfc7,D:\Projects\Federated_Learning\Master-Dataset\master_dataset\nagpuri\DS03__Nagpuri_9.jpeg,nagpuri
c1e33e3861c91c3f,D:\Projects\Federated_Learning\Master-Dataset\master_dataset\bhadawari\DS03__Bhadawari_12.jpg,bhadawari
c1e33e3861c91c3f,D:\Projects\Federated_Learning\Master-Dataset\master_dataset\toda\DS03__Toda_96.jpg,toda
bb9f5d6220687255,D:\Projects\Federated_Learning\Master-Dataset\master_dataset\bhadawari\DS03__Bhadawari_13.jpg,bhadawari
bb9f5d6220687255,D:\Projects\Federated_Learning\Master-Dataset\master_dataset\toda\DS03__Toda_110.jpg,toda
f32d0cd2616c1f0f,D:\Projects\Federated_Learning\Master-Dataset\master_dataset\bhadawari\DS03__Bhadawari_15.jpg,bhadawari
f32d0cd2616c1f0f,D:\Projects\Federated_Learning\Master-Dataset\master_dataset\toda\DS03__Toda_94.jpg,toda
eebb11484a359baa,D:\Projects\Federated_Learning\Master-Dataset\master_dataset\bhadawari\DS03__Bhadawari_16.jpg,bhadawari
eebb11484a359baa,D:\Projects\Federated_Learning\Master-Dataset\master_dataset\toda\DS03__Toda_38.jpg,toda
be5f41b032c14dce,D:\Projects\Federated_Learning\Master-Dataset\master_dataset\bhadawari\DS03__Bhadawari_19.jpg,bhadawari
be5f41b032c14dce,D:\Projects\Federated_Learning\Master-Dataset\master_dataset\mehsana\DS03__Mehsana_88.jpg,mehsana
be5f41b032c14dce,D:\Projects\Federated_Learning\Master-Dataset\master_dataset\murrah\DS03__Murrah_77.jpg,murrah
f5f80a07787c85c3,D:\Projects\Federated_Learning\Master-Dataset\master_dataset\bhadawari\DS03__Bhadawari_25.jpg,bhadawari
f5f80a07787c85c3,D:\Projects\Federated_Learning\Master-Dataset\master_dataset\toda\DS03__Toda_47.jpg,toda
a5a54e52717c5693,D:\Projects\Federated_Learning\Master-Dataset\master_dataset\bhadawari\DS03__Bhadawari_27.jpg,bhadawari
a5a54e52717c5693,D:\Projects\Federated_Learning\Master-Dataset\master_dataset\surti\DS03__Surti_47.jpg,surti
bf69c39414951d3a,D:\Projects\Federated_Learning\Master-Dataset\master_dataset\bhadawari\DS03__Bhadawari_3.jpg,bhadawari
bf69c39414951d3a,D:\Projects\Federated_Learning\Master-Dataset\master_dataset\mehsana\DS03__Mehsana_73.png,mehsana
bf69c39414951d3a,D:\Projects\Federated_Learning\Master-Dataset\master_dataset\toda\DS03__Toda_25.jpg,toda
aab555434bd847c5,D:\Projects\Federated_Learning\Master-Dataset\master_dataset\bhadawari\DS03__Bhadawari_31.jpg,bhadawari
aab555434bd847c5,D:\Projects\Federated_Learning\Master-Dataset\master_dataset\mehsana\DS03__Mehsana_24.jpg,mehsana
aab555434bd847c5,D:\Projects\Federated_Learning\Master-Dataset\master_dataset\mehsana\DS03__Mehsana_65.jpg,mehsana
aab555434bd847c5,D:\Projects\Federated_Learning\Master-Dataset\master_dataset\mehsana\DS03__Mehsana_66.jpg,mehsana
af7a508535694a5e,D:\Projects\Federated_Learning\Master-Dataset\master_dataset\bhadawari\DS03__Bhadawari_32.jpg,bhadawari
af7a508535694a5e,D:\Projects\Federated_Learning\Master-Dataset\master_dataset\murrah\DS03__Murrah_156.jpg,murrah
af7a508535694a5e,D:\Projects\Federated_Learning\Master-Dataset\master_dataset\nagpuri\DS03__Nagpuri_45.jpg,nagpuri
f29b25e618183767,D:\Projects\Federated_Learning\Master-Dataset\master_dataset\bhadawari\DS03__Bhadawari_35.jpg,bhadawari
f29b25e618183767,D:\Projects\Federated_Learning\Master-Dataset\master_dataset\toda\DS03__Toda_2.jpg,toda
fee941163c6a4ad4,D:\Projects\Federated_Learning\Master-Dataset\master_dataset\bhadawari\DS03__Bhadawari_51.jpg,bhadawari
fee941163c6a4ad4,D:\Projects\Federated_Learning\Master-Dataset\master_dataset\nagpuri\DS03__Nagpuri_135.png,nagpuri
fee941163c6a4ad4,D:\Projects\Federated_Learning\Master-Dataset\master_dataset\toda\DS03__Toda_3.jpg,toda
a97e4681681e1ff1,D:\Projects\Federated_Learning\Master-Dataset\master_dataset\bhadawari\DS03__Bhadawari_59.jpg,bhadawari
a97e4681681e1ff1,D:\Projects\Federated_Learning\Master-Dataset\master_dataset\toda\DS03__Toda_29.jpg,toda
fe9d01e2602893bf,D:\Projects\Federated_Learning\Master-Dataset\master_dataset\bhadawari\DS03__Bhadawari_60.jpg,bhadawari
fe9d01e2602893bf,D:\Projects\Federated_Learning\Master-Dataset\master_dataset\toda\DS03__Toda_19.jpg,toda
a61c57636be270f0,D:\Projects\Federated_Learning\Master-Dataset\master_dataset\bhadawari\DS03__Bhadawari_66.jpg,bhadawari
a61c57636be270f0,D:\Projects\Federated_Learning\Master-Dataset\master_dataset\toda\DS03__Toda_28.jpg,toda
f52902d67f49e470,D:\Projects\Federated_Learning\Master-Dataset\master_dataset\bhadawari\DS03__Bhadawari_78.jpg,bhadawari
f52902d67f49e470,D:\Projects\Federated_Learning\Master-Dataset\master_dataset\toda\DS03__Toda_15.jpg,toda
cf2631994e6e1999,D:\Projects\Federated_Learning\Master-Dataset\master_dataset\bhadawari\DS03__Bhadawari_85.jpg,bhadawari
cf2631994e6e1999,D:\Projects\Federated_Learning\Master-Dataset\master_dataset\nagpuri\DS03__Nagpuri_60.jpg,nagpuri
a4855b6a6539ecc6,D:\Projects\Federated_Learning\Master-Dataset\master_dataset\bhadawari\DS03__Bhadawari_86.jpg,bhadawari
a4855b6a6539ecc6,D:\Projects\Federated_Learning\Master-Dataset\master_dataset\nagpuri\DS03__Nagpuri_199.jpg,nagpuri
f32d9cd2e070954e,D:\Projects\Federated_Learning\Master-Dataset\master_dataset\bhadawari\DS04__bhadawari_0117.jpg,bhadawari
f32d9cd2e070954e,D:\Projects\Federated_Learning\Master-Dataset\master_dataset\luit\DS01__image_265x191_1 (2).jpg,luit
f32d9cd2e070954e,D:\Projects\Federated_Learning\Master-Dataset\master_dataset\luit\DS01__image_265x191_1 (3).jpg,luit
f32d9cd2e070954e,D:\Projects\Federated_Learning\Master-Dataset\master_dataset\luit\DS01__image_265x191_1.jpg,luit
f32d9cd2e070954e,D:\Projects\Federated_Learning\Master-Dataset\master_dataset\marathwadi\DS01__Toda_Buffalo_Livestock_Information_.jpg,marathwadi
f32d9cd2e070954e,D:\Projects\Federated_Learning\Master-Dataset\master_dataset\nagpuri\DS04__nagpuri_0063.jpg,nagpuri
f32d9cd2e070954e,D:\Projects\Federated_Learning\Master-Dataset\master_dataset\nagpuri\DS10__Nagpuri_149.jpg,nagpuri
f32d9cd2e070954e,D:\Projects\Federated_Learning\Master-Dataset\master_dataset\toda\DS01__image_265x191_1.jpg,toda
f32d9cd2e070954e,D:\Projects\Federated_Learning\Master-Dataset\master_dataset\toda\DS04__toda_0129.jpg,toda
f32d9cd2e070954e,D:\Projects\Federated_Learning\Master-Dataset\master_dataset\toda\DS10__Toda_94.jpg,toda
eeb3b1c8e4d9a0a4,D:\Projects\Federated_Learning\Master-Dataset\master_dataset\bhadawari\DS04__bhadawari_0118.jpg,bhadawari
eeb3b1c8e4d9a0a4,D:\Projects\Federated_Learning\Master-Dataset\master_dataset\nagpuri\DS04__nagpuri_0121.jpg,nagpuri
eeb3b1c8e4d9a0a4,D:\Projects\Federated_Learning\Master-Dataset\master_dataset\nagpuri\DS06__Nagpuri_26.jpg,nagpuri
eeb3b1c8e4d9a0a4,D:\Projects\Federated_Learning\Master-Dataset\master_dataset\nagpuri\DS10__Nagpuri_26.jpg,nagpuri
eeb3b1c8e4d9a0a4,D:\Projects\Federated_Learning\Master-Dataset\master_dataset\toda\DS04__toda_0067.jpg,toda
eeb3b1c8e4d9a0a4,D:\Projects\Federated_Learning\Master-Dataset\master_dataset\toda\DS10__Toda_38.jpg,toda
be5ecdb0b031c989,D:\Projects\Federated_Learning\Master-Dataset\master_dataset\bhadawari\DS04__bhadawari_0121.jpg,bhadawari
be5ecdb0b031c989,D:\Projects\Federated_Learning\Master-Dataset\master_dataset\mehsana\DS04__mehsana_0096.jpg,mehsana
be5ecdb0b031c989,D:\Projects\Federated_Learning\Master-Dataset\master_dataset\mehsana\DS10__Mehsana_88.jpg,mehsana
be5ecdb0b031c989,D:\Projects\Federated_Learning\Master-Dataset\master_dataset\murrah\DS04__murrah_0159.jpg,murrah
be5ecdb0b031c989,D:\Projects\Federated_Learning\Master-Dataset\master_dataset\murrah\DS10__Murrah_77.jpg,murrah
eb2e87d1e0c49996,D:\Projects\Federated_Learning\Master-Dataset\master_dataset\bhadawari\DS04__bhadawari_0122.jpg,bhadawari
eb2e87d1e0c49996,D:\Projects\Federated_Learning\Master-Dataset\master_dataset\gojri\DS01__image_234x215_63.jpg,gojri
eb2e87d1e0c49996,D:\Projects\Federated_Learning\Master-Dataset\master_dataset\mehsana\DS01__image_234x215_3.jpg,mehsana
f5e887435235ec23,D:\Projects\Federated_Learning\Master-Dataset\master_dataset\bhadawari\DS04__bhadawari_0128.jpg,bhadawari
f5e887435235ec23,D:\Projects\Federated_Learning\Master-Dataset\master_dataset\surti\DS01__image_318x159_1.jpg,surti
f5e887435235ec23,D:\Projects\Federated_Learning\Master-Dataset\master_dataset\toda\DS04__toda_0077.jpg,toda
f5e887435235ec23,D:\Projects\Federated_Learning\Master-Dataset\master_dataset\toda\DS10__Toda_47.jpg,toda
fbe0809ad88f85b5,D:\Projects\Federated_Learning\Master-Dataset\master_dataset\bhadawari\DS04__bhadawari_0132.jpg,bhadawari
fbe0809ad88f85b5,D:\Projects\Federated_Learning\Master-Dataset\master_dataset\krishna-valley\DS02__Krishna_Valley_108.jpg,krishna-valley
fbe0809ad88f85b5,D:\Projects\Federated_Learning\Master-Dataset\master_dataset\krishna-valley\DS04__krishna_valley_0025.jpg,krishna-valley
fbe0809ad88f85b5,D:\Projects\Federated_Learning\Master-Dataset\master_dataset\krishna-valley\DS06__Krishna_Valley_108.jpg,krishna-valley
fbe0809ad88f85b5,D:\Projects\Federated_Learning\Master-Dataset\master_dataset\krishna-valley\DS10__Krishna_Valley_108.jpg,krishna-valley
af7ad294b481c8c7,D:\Projects\Federated_Learning\Master-Dataset\master_dataset\bhadawari\DS04__bhadawari_0136.jpg,bhadawari
af7ad294b481c8c7,D:\Projects\Federated_Learning\Master-Dataset\master_dataset\kalahandi\DS01__image_280x180_3.jpg,kalahandi
af7ad294b481c8c7,D:\Projects\Federated_Learning\Master-Dataset\master_dataset\murrah\DS01__image_279x180_7.jpg,murrah
af7ad294b481c8c7,D:\Projects\Federated_Learning\Master-Dataset\master_dataset\nagpuri\DS01__image_280x180_5.jpg,nagpuri
af7ad294b481c8c7,D:\Projects\Federated_Learning\Master-Dataset\master_dataset\nagpuri\DS04__nagpuri_0140.jpg,nagpuri
af7ad294b481c8c7,D:\Projects\Federated_Learning\Master-Dataset\master_dataset\nagpuri\DS10__Nagpuri_45.jpg,nagpuri
af7ad294b481c8c7,D:\Projects\Federated_Learning\Master-Dataset\master_dataset\nili-ravi\DS01__image_280x180_7.jpg,nili-ravi
b93e97c1649a1b25,D:\Projects\Federated_Learning\Master-Dataset\master_dataset\bhadawari\DS04__bhadawari_0140.jpg,bhadawari
b93e97c1649a1b25,D:\Projects\Federated_Learning\Master-Dataset\master_dataset\kalahandi\DS01__image_278x181_9.jpg,kalahandi
b93e97c1649a1b25,D:\Projects\Federated_Learning\Master-Dataset\master_dataset\marathwadi\DS01__image_278x181_4.jpg,marathwadi
b93e97c1649a1b25,D:\Projects\Federated_Learning\Master-Dataset\master_dataset\nagpuri\DS01__image_278x181_9.jpg,nagpuri
fb1e9d91e0589705,D:\Projects\Federated_Learning\Master-Dataset\master_dataset\bhadawari\DS04__bhadawari_0156.jpg,bhadawari
fb1e9d91e0589705,D:\Projects\Federated_Learning\Master-Dataset\master_dataset\gojri\DS01__image_275x183_34.jpg,gojri
fb1e9d91e0589705,D:\Projects\Federated_Learning\Master-Dataset\master_dataset\jaffarabadi\DS01__Bhadawari-buffalo-bull_epashupalan.jpg,jaffarabadi
fee9c394342a6a70,D:\Projects\Federated_Learning\Master-Dataset\master_dataset\bhadawari\DS04__bhadawari_0157.jpg,bhadawari
fee9c394342a6a70,D:\Projects\Federated_Learning\Master-Dataset\master_dataset\nagpuri\DS04__nagpuri_0048.png,nagpuri
fee9c394342a6a70,D:\Projects\Federated_Learning\Master-Dataset\master_dataset\nagpuri\DS06__Nagpuri_135.png,nagpuri
fee9c394342a6a70,D:\Projects\Federated_Learning\Master-Dataset\master_dataset\nagpuri\DS10__Nagpuri_135.png,nagpuri
fee9c394342a6a70,D:\Projects\Federated_Learning\Master-Dataset\master_dataset\nili-ravi\DS01__image_223x149_1.jpg,nili-ravi
fee9c394342a6a70,D:\Projects\Federated_Learning\Master-Dataset\master_dataset\toda\DS04__toda_0058.jpg,toda
fee9c394342a6a70,D:\Projects\Federated_Learning\Master-Dataset\master_dataset\toda\DS06__Toda_3.jpg,toda
fee9c394342a6a70,D:\Projects\Federated_Learning\Master-Dataset\master_dataset\toda\DS10__Toda_3.jpg,toda
be12a30d1fb2166d,D:\Projects\Federated_Learning\Master-Dataset\master_dataset\bhadawari\DS04__bhadawari_0160.jpg,bhadawari
be12a30d1fb2166d,D:\Projects\Federated_Learning\Master-Dataset\master_dataset\surti\DS05__download-6-_jpg.rf.4dbdb7f4f632eca8bdedcdebfb39fb34.jpg,surti
be12a30d1fb2166d,D:\Projects\Federated_Learning\Master-Dataset\master_dataset\surti\DS05__download-6-_rot0_b0_8_jpg.rf.2a04a30c1c254ecdc40a6c9f3781c175.jpg,surti
be12a30d1fb2166d,D:\Projects\Federated_Learning\Master-Dataset\master_dataset\surti\DS05__download-6-_rot0_b1_jpg.rf.ba6b07573ec8ee22fa938245986f3373.jpg,surti
ff09db2b311a029d,D:\Projects\Federated_Learning\Master-Dataset\master_dataset\bhadawari\DS04__bhadawari_0161.jpg,bhadawari
ff09db2b311a029d,D:\Projects\Federated_Learning\Master-Dataset\master_dataset\murrah\DS01__Murrah_Buffalo_Dairy_Farm_at_87000_.jpg,murrah
ab3bdac38f01c34a,D:\Projects\Federated_Learning\Master-Dataset\master_dataset\bhadawari\DS04__bhadawari_0164.jpg,bhadawari
ab3bdac38f01c34a,D:\Projects\Federated_Learning\Master-Dataset\master_dataset\surti\DS01__image_258x195_1.jpg,surti
fe9d83d7ecd08240,D:\Projects\Federated_Learning\Master-Dataset\master_dataset\bhadawari\DS04__bhadawari_0167.jpg,bhadawari
fe9d83d7ecd08240,D:\Projects\Federated_Learning\Master-Dataset\master_dataset\toda\DS04__toda_0046.jpg,toda
fe9d83d7ecd08240,D:\Projects\Federated_Learning\Master-Dataset\master_dataset\toda\DS06__Toda_19.jpg,toda
fe9d83d7ecd08240,D:\Projects\Federated_Learning\Master-Dataset\master_dataset\toda\DS10__Toda_19.jpg,toda
f39d84e0281fa76a,D:\Projects\Federated_Learning\Master-Dataset\master_dataset\bhadawari\DS04__bhadawari_0171.jpg,bhadawari
f39d84e0281fa76a,D:\Projects\Federated_Learning\Master-Dataset\master_dataset\nagpuri\DS04__nagpuri_0156.jpg,nagpuri
f39d84e0281fa76a,D:\Projects\Federated_Learning\Master-Dataset\master_dataset\nagpuri\DS10__Nagpuri_6.jpg,nagpuri
a61cc74f8f66c5c0,D:\Projects\Federated_Learning\Master-Dataset\master_dataset\bhadawari\DS04__bhadawari_0173.jpg,bhadawari
a61cc74f8f66c5c0,D:\Projects\Federated_Learning\Master-Dataset\master_dataset\toda\DS04__toda_0056.jpg,toda
a61cc74f8f66c5c0,D:\Projects\Federated_Learning\Master-Dataset\master_dataset\toda\DS06__Toda_28.jpg,toda
a61cc74f8f66c5c0,D:\Projects\Federated_Learning\Master-Dataset\master_dataset\toda\DS10__Toda_28.jpg,toda
e946d63f842926da,D:\Projects\Federated_Learning\Master-Dataset\master_dataset\bhadawari\DS04__bhadawari_0174.jpg,bhadawari
e946d63f842926da,D:\Projects\Federated_Learning\Master-Dataset\master_dataset\nagpuri\DS03__Nagpuri_171.jpg,nagpuri
e946d63f842926da,D:\Projects\Federated_Learning\Master-Dataset\master_dataset\nagpuri\DS04__nagpuri_0085.jpg,nagpuri
e946d63f842926da,D:\Projects\Federated_Learning\Master-Dataset\master_dataset\nagpuri\DS10__Nagpuri_171.jpg,nagpuri
e946d63f842926da,D:\Projects\Federated_Learning\Master-Dataset\master_dataset\nagpuri\DS11__Nagpuri_075.jpg,nagpuri
e946d63f842926da,D:\Projects\Federated_Learning\Master-Dataset\master_dataset\toda\DS03__Toda_121.jpg,toda
e946d63f842926da,D:\Projects\Federated_Learning\Master-Dataset\master_dataset\toda\DS04__toda_0036.jpg,toda
e946d63f842926da,D:\Projects\Federated_Learning\Master-Dataset\master_dataset\toda\DS10__Toda_121.jpg,toda
e946d63f842926da,D:\Projects\Federated_Learning\Master-Dataset\master_dataset\toda\DS11__Toda_026.jpg,toda
eb5c94e360189e2f,D:\Projects\Federated_Learning\Master-Dataset\master_dataset\bhadawari\DS04__bhadawari_0179.jpg,bhadawari
eb5c94e360189e2f,D:\Projects\Federated_Learning\Master-Dataset\master_dataset\marathwadi\DS01__image_262x193_34.jpg,marathwadi
fabe9dc5e0c81492,D:\Projects\Federated_Learning\Master-Dataset\master_dataset\bhadawari\DS04__bhadawari_0180.jpg,bhadawari
fabe9dc5e0c81492,D:\Projects\Federated_Learning\Master-Dataset\master_dataset\gojri\DS01__image_272x185_38.jpg,gojri
ed659594bcd89292,D:\Projects\Federated_Learning\Master-Dataset\master_dataset\bhadawari\DS04__bhadawari_0184.jpg,bhadawari
ed659594bcd89292,D:\Projects\Federated_Learning\Master-Dataset\master_dataset\chilika\DS01__image_278x181_11.jpg,chilika
ed659594bcd89292,D:\Projects\Federated_Learning\Master-Dataset\master_dataset\toda\DS04__toda_0033.jpg,toda
ed659594bcd89292,D:\Projects\Federated_Learning\Master-Dataset\master_dataset\toda\DS10__Toda_119.jpg,toda
fc2982b69b1f0e29,D:\Projects\Federated_Learning\Master-Dataset\master_dataset\bhadawari\DS04__bhadawari_0186.jpg,bhadawari
fc2982b69b1f0e29,D:\Projects\Federated_Learning\Master-Dataset\master_dataset\nili-ravi\DS04__nili_ravi_0001.jpg,nili-ravi
fc2982b69b1f0e29,D:\Projects\Federated_Learning\Master-Dataset\master_dataset\nili-ravi\DS04__nili_ravi_0003.jpg,nili-ravi
fc2982b69b1f0e29,D:\Projects\Federated_Learning\Master-Dataset\master_dataset\nili-ravi\DS04__nili_ravi_0005.jpg,nili-ravi
fc2982b69b1f0e29,D:\Projects\Federated_Learning\Master-Dataset\master_dataset\nili-ravi\DS04__nili_ravi_0007.jpg,nili-ravi
fc2982b69b1f0e29,D:\Projects\Federated_Learning\Master-Dataset\master_dataset\nili-ravi\DS04__nili_ravi_0009.jpg,nili-ravi
fc2982b69b1f0e29,D:\Projects\Federated_Learning\Master-Dataset\master_dataset\nili-ravi\DS04__nili_ravi_0046.jpg,nili-ravi
fc2982b69b1f0e29,D:\Projects\Federated_Learning\Master-Dataset\master_dataset\nili-ravi\DS10__Nili_Ravi_43.jpg,nili-ravi
fc2982b69b1f0e29,D:\Projects\Federated_Learning\Master-Dataset\master_dataset\toda\DS04__toda_0042.jpg,toda
fc2982b69b1f0e29,D:\Projects\Federated_Learning\Master-Dataset\master_dataset\toda\DS06__Toda_15.jpg,toda
fc2982b69b1f0e29,D:\Projects\Federated_Learning\Master-Dataset\master_dataset\toda\DS10__Toda_15.jpg,toda
c9f1e96b16952568,D:\Projects\Federated_Learning\Master-Dataset\master_dataset\bhadawari\DS04__bhadawari_0191.jpg,bhadawari
c9f1e96b16952568,D:\Projects\Federated_Learning\Master-Dataset\master_dataset\toda\DS04__toda_0086.jpg,toda
c9f1e96b16952568,D:\Projects\Federated_Learning\Master-Dataset\master_dataset\toda\DS06__Toda_55.jpg,toda
c9f1e96b16952568,D:\Projects\Federated_Learning\Master-Dataset\master_dataset\toda\DS10__Toda_55.jpg,toda
cf26b19166669b89,D:\Projects\Federated_Learning\Master-Dataset\master_dataset\bhadawari\DS04__bhadawari_0194.jpg,bhadawari
cf26b19166669b89,D:\Projects\Federated_Learning\Master-Dataset\master_dataset\nagpuri\DS04__nagpuri_0157.jpg,nagpuri
cf26b19166669b89,D:\Projects\Federated_Learning\Master-Dataset\master_dataset\nagpuri\DS10__Nagpuri_60.jpg,nagpuri
bb9f9422a068f2d5,D:\Projects\Federated_Learning\Master-Dataset\master_dataset\bhadawari\DS11__Bhadawari_005.jpg,bhadawari
bb9f9422a068f2d5,D:\Projects\Federated_Learning\Master-Dataset\master_dataset\toda\DS11__Toda_014.jpg,toda
a6eac915b449ca3e,D:\Projects\Federated_Learning\Master-Dataset\master_dataset\bhadawari\DS11__Bhadawari_006.jpg,bhadawari
a6eac915b449ca3e,D:\Projects\Federated_Learning\Master-Dataset\master_dataset\mehsana\DS11__Mehsana_018.jpg,mehsana
a6eac915b449ca3e,D:\Projects\Federated_Learning\Master-Dataset\master_dataset\mehsana\DS11__Mehsana_089.jpg,mehsana
eebb9148c6351ba2,D:\Projects\Federated_Learning\Master-Dataset\master_dataset\bhadawari\DS11__Bhadawari_008.jpg,bhadawari
eebb9148c6351ba2,D:\Projects\Federated_Learning\Master-Dataset\master_dataset\nagpuri\DS11__Nagpuri_111.jpg,nagpuri
eebb9148c6351ba2,D:\Projects\Federated_Learning\Master-Dataset\master_dataset\toda\DS11__Toda_057.jpg,toda
be5fc1b0a2c1c98e,D:\Projects\Federated_Learning\Master-Dataset\master_dataset\bhadawari\DS11__Bhadawari_011.jpg,bhadawari
be5fc1b0a2c1c98e,D:\Projects\Federated_Learning\Master-Dataset\master_dataset\mehsana\DS11__Mehsana_086.jpg,mehsana
be5fc1b0a2c1c98e,D:\Projects\Federated_Learning\Master-Dataset\master_dataset\murrah\DS11__Murrah_149.jpg,murrah
f5688a0778fc07c3,D:\Projects\Federated_Learning\Master-Dataset\master_dataset\bhadawari\DS11__Bhadawari_018.jpg,bhadawari
f5688a0778fc07c3,D:\Projects\Federated_Learning\Master-Dataset\master_dataset\toda\DS11__Toda_067.jpg,toda
a5a5ce52f178d291,D:\Projects\Federated_Learning\Master-Dataset\master_dataset\bhadawari\DS11__Bhadawari_020.jpg,bhadawari
a5a5ce52f178d291,D:\Projects\Federated_Learning\Master-Dataset\master_dataset\surti\DS11__Surti_040.jpg,surti
f29985e69818b763,D:\Projects\Federated_Learning\Master-Dataset\master_dataset\bhadawari\DS11__Bhadawari_029.jpg,bhadawari
f29985e69818b763,D:\Projects\Federated_Learning\Master-Dataset\master_dataset\nagpuri\DS11__Nagpuri_159.jpg,nagpuri
f29985e69818b763,D:\Projects\Federated_Learning\Master-Dataset\master_dataset\toda\DS11__Toda_037.jpg,toda
a97c9681e8161ff1,D:\Projects\Federated_Learning\Master-Dataset\master_dataset\bhadawari\DS11__Bhadawari_055.jpg,bhadawari
a97c9681e8161ff1,D:\Projects\Federated_Learning\Master-Dataset\master_dataset\toda\DS11__Toda_047.jpg,toda
a61cd763ebe0e0b0,D:\Projects\Federated_Learning\Master-Dataset\master_dataset\bhadawari\DS11__Bhadawari_063.jpg,bhadawari
a61cd763ebe0e0b0,D:\Projects\Federated_Learning\Master-Dataset\master_dataset\toda\DS11__Toda_046.jpg,toda
ea3c94c3e3389a95,D:\Projects\Federated_Learning\Master-Dataset\master_dataset\bhadawari\DS11__Bhadawari_079.jpg,bhadawari
ea3c94c3e3389a95,D:\Projects\Federated_Learning\Master-Dataset\master_dataset\nagpuri\DS11__Nagpuri_027.jpg,nagpuri
ea3c94c3e3389a95,D:\Projects\Federated_Learning\Master-Dataset\master_dataset\surti\DS11__Surti_002.jpg,surti
ea3c94c3e3389a95,D:\Projects\Federated_Learning\Master-Dataset\master_dataset\surti\DS11__Surti_019.jpg,surti
ea3c94c3e3389a95,D:\Projects\Federated_Learning\Master-Dataset\master_dataset\surti\DS11__Surti_022.jpg,surti
d9dd85a1303c6cc7,D:\Projects\Federated_Learning\Master-Dataset\master_dataset\bhelai\DS02__IMPORTANT_BREEDS_OF_CATTLE (2).jpg,bhelai
d9dd85a1303c6cc7,D:\Projects\Federated_Learning\Master-Dataset\master_dataset\krishna-valley\DS02__Krishna_Valley_120.jpg,krishna-valley
d9dd85a1303c6cc7,D:\Projects\Federated_Learning\Master-Dataset\master_dataset\krishna-valley\DS04__krishna_valley_0039.jpg,krishna-valley
d9dd85a1303c6cc7,D:\Projects\Federated_Learning\Master-Dataset\master_dataset\krishna-valley\DS06__Krishna_Valley_120.jpg,krishna-valley
d9dd85a1303c6cc7,D:\Projects\Federated_Learning\Master-Dataset\master_dataset\krishna-valley\DS10__Krishna_Valley_120.jpg,krishna-valley
d9dd85a1303c6cc7,D:\Projects\Federated_Learning\Master-Dataset\master_dataset\nimari\DS02__00000398.png,nimari
d9dd85a1303c6cc7,D:\Projects\Federated_Learning\Master-Dataset\master_dataset\nimari\DS04__nimari_0061.png,nimari
d9dd85a1303c6cc7,D:\Projects\Federated_Learning\Master-Dataset\master_dataset\nimari\DS06__00000398.png,nimari
d9dd85a1303c6cc7,D:\Projects\Federated_Learning\Master-Dataset\master_dataset\nimari\DS10__00000398.png,nimari
d9dd85a1303c6cc7,D:\Projects\Federated_Learning\Master-Dataset\master_dataset\rathi\DS02__00000372.jpg,rathi
d9dd85a1303c6cc7,D:\Projects\Federated_Learning\Master-Dataset\master_dataset\rathi\DS04__rathi_0108.jpg,rathi
d9dd85a1303c6cc7,D:\Projects\Federated_Learning\Master-Dataset\master_dataset\rathi\DS06__00000372.jpg,rathi
d9dd85a1303c6cc7,D:\Projects\Federated_Learning\Master-Dataset\master_dataset\rathi\DS10__00000372.jpg,rathi
ba349106648a5ff7,D:\Projects\Federated_Learning\Master-Dataset\master_dataset\bhelai\DS02__IMPORTANT_BREEDS_OF_CATTLE.jpg,bhelai
ba349106648a5ff7,D:\Projects\Federated_Learning\Master-Dataset\master_dataset\rathi\DS02__00000181.jpg,rathi
ba349106648a5ff7,D:\Projects\Federated_Learning\Master-Dataset\master_dataset\rathi\DS04__rathi_0073.jpg,rathi
ba349106648a5ff7,D:\Projects\Federated_Learning\Master-Dataset\master_dataset\rathi\DS06__00000181.jpg,rathi
ba349106648a5ff7,D:\Projects\Federated_Learning\Master-Dataset\master_dataset\rathi\DS10__00000181.jpg,rathi
ba349106648a5ff7,D:\Projects\Federated_Learning\Master-Dataset\master_dataset\red-sindhi\DS02__Red_Sindhi_96.jpg,red-sindhi
ba349106648a5ff7,D:\Projects\Federated_Learning\Master-Dataset\master_dataset\red-sindhi\DS04__red_sindhi_0169.jpg,red-sindhi
ba349106648a5ff7,D:\Projects\Federated_Learning\Master-Dataset\master_dataset\red-sindhi\DS06__Red_Sindhi_96.jpg,red-sindhi
ba349106648a5ff7,D:\Projects\Federated_Learning\Master-Dataset\master_dataset\red-sindhi\DS10__Red_Sindhi_96.jpg,red-sindhi
ca0e713dace654cc,D:\Projects\Federated_Learning\Master-Dataset\master_dataset\binjharpuri\DS04__binjharpuri_0001.jpg,binjharpuri
ca0e713dace654cc,D:\Projects\Federated_Learning\Master-Dataset\master_dataset\kherigarh\DS04__kherigarh_0025.jpg,kherigarh
ca0e713dace654cc,D:\Projects\Federated_Learning\Master-Dataset\master_dataset\kherigarh\DS10__00000079.jpg,kherigarh
ca0e713dace654cc,D:\Projects\Federated_Learning\Master-Dataset\master_dataset\nagori\DS04__nagori_0035.jpg,nagori
ca0e713dace654cc,D:\Projects\Federated_Learning\Master-Dataset\master_dataset\nagori\DS06__00000108.jpg,nagori
ca0e713dace654cc,D:\Projects\Federated_Learning\Master-Dataset\master_dataset\nagori\DS10__00000108.jpg,nagori
bfbb6b44444c4ca3,D:\Projects\Federated_Learning\Master-Dataset\master_dataset\brown-swiss\DS03__Brown_Swiss_122.jpg,brown-swiss
bfbb6b44444c4ca3,D:\Projects\Federated_Learning\Master-Dataset\master_dataset\holstein-friesian\DS03__Holstein_Friesian_182.jpg,holstein-friesian
bf3b50f605cd04e4,D:\Projects\Federated_Learning\Master-Dataset\master_dataset\brown-swiss\DS03__Brown_Swiss_8.jpg,brown-swiss
bf3b50f605cd04e4,D:\Projects\Federated_Learning\Master-Dataset\master_dataset\nagpuri\DS03__Nagpuri_61.png,nagpuri
c3ef3c1a0e65714c,D:\Projects\Federated_Learning\Master-Dataset\master_dataset\brown-swiss\DS03__Brown_Swiss_89.jpg,brown-swiss
c3ef3c1a0e65714c,D:\Projects\Federated_Learning\Master-Dataset\master_dataset\holstein-friesian\DS03__Holstein_Friesian_284.jpg,holstein-friesian
bbbbbbe060584c98,D:\Projects\Federated_Learning\Master-Dataset\master_dataset\brown-swiss\DS04__brown_swiss_0271.jpg,brown-swiss
bbbbbbe060584c98,D:\Projects\Federated_Learning\Master-Dataset\master_dataset\holstein-friesian\DS04__holstein-friesian_0331.jpg,holstein-friesian
bbbbbbe060584c98,D:\Projects\Federated_Learning\Master-Dataset\master_dataset\red-dane\DS07__RedDanecattle47.jpg,red-dane
c3ed3c988eb23155,D:\Projects\Federated_Learning\Master-Dataset\master_dataset\brown-swiss\DS04__brown_swiss_0458.jpg,brown-swiss
c3ed3c988eb23155,D:\Projects\Federated_Learning\Master-Dataset\master_dataset\holstein-friesian\DS04__holstein-friesian_0444.jpg,holstein-friesian
fa2f83c0e491e565,D:\Projects\Federated_Learning\Master-Dataset\master_dataset\brown-swiss\DS07__BrownSwisscattle11.jpg,brown-swiss
fa2f83c0e491e565,D:\Projects\Federated_Learning\Master-Dataset\master_dataset\red-dane\DS04__red_dane_0070.jpg,red-dane
fa2f83c0e491e565,D:\Projects\Federated_Learning\Master-Dataset\master_dataset\red-dane\DS06__Red_Dane_161.jpg,red-dane
fa2f83c0e491e565,D:\Projects\Federated_Learning\Master-Dataset\master_dataset\red-dane\DS10__Red_Dane_161.jpg,red-dane
bbbbe944c444cca3,D:\Projects\Federated_Learning\Master-Dataset\master_dataset\brown-swiss\DS11__Brown_Swiss_027.jpg,brown-swiss
bbbbe944c444cca3,D:\Projects\Federated_Learning\Master-Dataset\master_dataset\holstein-friesian\DS11__Holstein_Friesian_093.jpg,holstein-friesian
c3edbc1a8665f04c,D:\Projects\Federated_Learning\Master-Dataset\master_dataset\brown-swiss\DS11__Brown_Swiss_214.jpg,brown-swiss
c3edbc1a8665f04c,D:\Projects\Federated_Learning\Master-Dataset\master_dataset\holstein-friesian\DS11__Holstein_Friesian_206.jpg,holstein-friesian
c2dd9271d4aea552,D:\Projects\Federated_Learning\Master-Dataset\master_dataset\chhattisgarhi\DS01__Buffalo_Farming_in_Raipur_Chhattisgarh_.jpg,chhattisgarhi
c2dd9271d4aea552,D:\Projects\Federated_Learning\Master-Dataset\master_dataset\nagpuri\DS01__Top_Buffalo_Farming_in_Nagpur_near_me_.jpg,nagpuri
ef82bc21c15e14d7,D:\Projects\Federated_Learning\Master-Dataset\master_dataset\chhattisgarhi\DS01__ICAR-NDRI_Clones_Endangered_Wild_.jpg,chhattisgarhi
ef82bc21c15e14d7,D:\Projects\Federated_Learning\Master-Dataset\master_dataset\toda\DS01__image_310x163_1.jpg,toda
ee951b197821a567,D:\Projects\Federated_Learning\Master-Dataset\master_dataset\chhattisgarhi\DS01__image_200x150_67.jpg,chhattisgarhi
ee951b197821a567,D:\Projects\Federated_Learning\Master-Dataset\master_dataset\toda\DS01__image_250x188_36.jpg,toda
b5c8c036ddf3b680,D:\Projects\Federated_Learning\Master-Dataset\master_dataset\chhattisgarhi\DS01__image_200x252_63.jpg,chhattisgarhi
b5c8c036ddf3b680,D:\Projects\Federated_Learning\Master-Dataset\master_dataset\nagpuri\DS01__image_200x252_65.jpg,nagpuri
b8c1b32c4d3eb670,D:\Projects\Federated_Learning\Master-Dataset\master_dataset\chhattisgarhi\DS01__image_222x150_66.jpg,chhattisgarhi
b8c1b32c4d3eb670,D:\Projects\Federated_Learning\Master-Dataset\master_dataset\nagpuri\DS01__image_222x150_63.jpg,nagpuri
b8c1b32c4d3eb670,D:\Projects\Federated_Learning\Master-Dataset\master_dataset\toda\DS01__image_222x150_55.jpg,toda
ea2e8d81e3e1705e,D:\Projects\Federated_Learning\Master-Dataset\master_dataset\chhattisgarhi\DS01__image_225x225_2.jpg,chhattisgarhi
ea2e8d81e3e1705e,D:\Projects\Federated_Learning\Master-Dataset\master_dataset\murrah\DS01__The_Murrah_Buffalo_Black_Gold_of_India_.jpg,murrah
ea2e8d81e3e1705e,D:\Projects\Federated_Learning\Master-Dataset\master_dataset\surti\DS01__image_225x225_1.jpg,surti
ea2e8d81e3e1705e,D:\Projects\Federated_Learning\Master-Dataset\master_dataset\surti\DS01__The_Murrah_Buffalo_Black_Gold_of_India_.jpg,surti
ada9d5d5b1b38242,D:\Projects\Federated_Learning\Master-Dataset\master_dataset\chhattisgarhi\DS01__image_225x225_4.jpg,chhattisgarhi
ada9d5d5b1b38242,D:\Projects\Federated_Learning\Master-Dataset\master_dataset\kalahandi\DS01__image_225x225_2.jpg,kalahandi
e20e8763dc929aad,D:\Projects\Federated_Learning\Master-Dataset\master_dataset\chhattisgarhi\DS01__image_259x194_9.jpg,chhattisgarhi
e20e8763dc929aad,D:\Projects\Federated_Learning\Master-Dataset\master_dataset\chilika\DS01__Dairy_Farming_Buffalo_Pics.jpg,chilika
a05bdb8e1d3c3692,D:\Projects\Federated_Learning\Master-Dataset\master_dataset\chhattisgarhi\DS01__image_271x186_7.jpg,chhattisgarhi
a05bdb8e1d3c3692,D:\Projects\Federated_Learning\Master-Dataset\master_dataset\toda\DS04__toda_0128.jpg,toda
a05bdb8e1d3c3692,D:\Projects\Federated_Learning\Master-Dataset\master_dataset\toda\DS10__Toda_93.jpg,toda
afc8d23b299624c7,D:\Projects\Federated_Learning\Master-Dataset\master_dataset\chhattisgarhi\DS01__image_281x179_15.jpg,chhattisgarhi
afc8d23b299624c7,D:\Projects\Federated_Learning\Master-Dataset\master_dataset\kalahandi\DS01__image_281x179_10.jpg,kalahandi
e9859edae06c9c25,D:\Projects\Federated_Learning\Master-Dataset\master_dataset\chhattisgarhi\DS01__image_300x168_3.jpg,chhattisgarhi
e9859edae06c9c25,D:\Projects\Federated_Learning\Master-Dataset\master_dataset\toda\DS01__image_300x168_1.jpg,toda
c066d8686733df26,D:\Projects\Federated_Learning\Master-Dataset\master_dataset\chhattisgarhi\DS01__image_300x168_34.jpg,chhattisgarhi
c066d8686733df26,D:\Projects\Federated_Learning\Master-Dataset\master_dataset\nagpuri\DS01__image_300x168_38.jpg,nagpuri
a63ed883177d0f24,D:\Projects\Federated_Learning\Master-Dataset\master_dataset\chhattisgarhi\DS01__image_50x50_1 (5).jpg,chhattisgarhi
a63ed883177d0f24,D:\Projects\Federated_Learning\Master-Dataset\master_dataset\marathwadi\DS01__image_50x50_4.jpg,marathwadi
e92e903d7125de62,D:\Projects\Federated_Learning\Master-Dataset\master_dataset\chhattisgarhi\DS01__Top_Murrah_Buffalo_Distributors_in_.jpg,chhattisgarhi
e92e903d7125de62,D:\Projects\Federated_Learning\Master-Dataset\master_dataset\murrah\DS01__Top_Murrah_Buffalo_Distributors_in_.jpg,murrah
e92e903d7125de62,D:\Projects\Federated_Learning\Master-Dataset\master_dataset\surti\DS01__Top_Murrah_Buffalo_Distributors_in_Mowa_.jpg,surti
f01a0fe1689e536d,D:\Projects\Federated_Learning\Master-Dataset\master_dataset\chilika\DS01__BUFFALO_BREEDS (3).jpg,chilika
f01a0fe1689e536d,D:\Projects\Federated_Learning\Master-Dataset\master_dataset\luit\DS01__BUFFALO_BREEDS.jpg,luit
f01a0fe1689e536d,D:\Projects\Federated_Learning\Master-Dataset\master_dataset\nagpuri\DS01__image_285x177_2.jpg,nagpuri
fa2b8595347c9a43,D:\Projects\Federated_Learning\Master-Dataset\master_dataset\chilika\DS01__image_200x150_76.jpg,chilika
fa2b8595347c9a43,D:\Projects\Federated_Learning\Master-Dataset\master_dataset\marathwadi\DS01__image_200x150_57.jpg,marathwadi
e79a982663998ae6,D:\Projects\Federated_Learning\Master-Dataset\master_dataset\chilika\DS01__image_248x203_61.jpg,chilika
e79a982663998ae6,D:\Projects\Federated_Learning\Master-Dataset\master_dataset\nagpuri\DS01__image_248x203_66.jpg,nagpuri
adb8c1514a2f2eb5,D:\Projects\Federated_Learning\Master-Dataset\master_dataset\chilika\DS01__image_250x187_17.jpeg,chilika
adb8c1514a2f2eb5,D:\Projects\Federated_Learning\Master-Dataset\master_dataset\marathwadi\DS01__image_259x194_39.jpg,marathwadi
ad2ecec1e068993e,D:\Projects\Federated_Learning\Master-Dataset\master_dataset\chilika\DS01__image_251x201_3.jpg,chilika
ad2ecec1e068993e,D:\Projects\Federated_Learning\Master-Dataset\master_dataset\gojri\DS01__image_251x201_38.jpg,gojri
a759d0a4393b823f,D:\Projects\Federated_Learning\Master-Dataset\master_dataset\chilika\DS01__image_252x200_8.jpg,chilika
a759d0a4393b823f,D:\Projects\Federated_Learning\Master-Dataset\master_dataset\gojri\DS01__image_225x225_42.jpg,gojri
a759d0a4393b823f,D:\Projects\Federated_Learning\Master-Dataset\master_dataset\marathwadi\DS01__image_252x200_35.jpg,marathwadi
a759d0a4393b823f,D:\Projects\Federated_Learning\Master-Dataset\master_dataset\mehsana\DS01__image_252x200_3.jpg,mehsana
a759d0a4393b823f,D:\Projects\Federated_Learning\Master-Dataset\master_dataset\mehsana\DS04__mehsana_0069.jpg,mehsana
a759d0a4393b823f,D:\Projects\Federated_Learning\Master-Dataset\master_dataset\mehsana\DS10__Mehsana_62.jpg,mehsana
a759d0a4393b823f,D:\Projects\Federated_Learning\Master-Dataset\master_dataset\surti\DS04__surti_0039.jpg,surti
a759d0a4393b823f,D:\Projects\Federated_Learning\Master-Dataset\master_dataset\surti\DS10__Surti_37.jpg,surti
ea2d9dc2e0909c6f,D:\Projects\Federated_Learning\Master-Dataset\master_dataset\chilika\DS01__image_254x199_1.jpg,chilika
ea2d9dc2e0909c6f,D:\Projects\Federated_Learning\Master-Dataset\master_dataset\kalahandi\DS01__image_254x199_1.jpg,kalahandi
ea2d9dc2e0909c6f,D:\Projects\Federated_Learning\Master-Dataset\master_dataset\nagpuri\DS04__nagpuri_0022.jpg,nagpuri
ea2d9dc2e0909c6f,D:\Projects\Federated_Learning\Master-Dataset\master_dataset\nagpuri\DS10__Nagpuri_11.jpg,nagpuri
96d681a9e80e1bed,D:\Projects\Federated_Learning\Master-Dataset\master_dataset\chilika\DS01__image_259x194_11.jpg,chilika
96d681a9e80e1bed,D:\Projects\Federated_Learning\Master-Dataset\master_dataset\gojri\DS01__image_259x194_46 (2).jpg,gojri
a7d1d39735652522,D:\Projects\Federated_Learning\Master-Dataset\master_dataset\chilika\DS01__image_260x194_5.jpg,chilika
a7d1d39735652522,D:\Projects\Federated_Learning\Master-Dataset\master_dataset\luit\DS04__luit_(swamp)_0001.jpg,luit
a7d1d39735652522,D:\Projects\Federated_Learning\Master-Dataset\master_dataset\luit\DS04__luit_(swamp)_0003.jpg,luit
a7d1d39735652522,D:\Projects\Federated_Learning\Master-Dataset\master_dataset\luit\DS04__luit_(swamp)_0005.jpg,luit
a7d1d39735652522,D:\Projects\Federated_Learning\Master-Dataset\master_dataset\luit\DS04__luit_(swamp)_0007.jpg,luit
a7d1d39735652522,D:\Projects\Federated_Learning\Master-Dataset\master_dataset\luit\DS04__luit_(swamp)_0009.jpg,luit
bb8ec5c32c9e9264,D:\Projects\Federated_Learning\Master-Dataset\master_dataset\chilika\DS01__image_266x190_1.jpg,chilika
bb8ec5c32c9e9264,D:\Projects\Federated_Learning\Master-Dataset\master_dataset\luit\DS01__image_266x190_3 (2).jpg,luit
bb8ec5c32c9e9264,D:\Projects\Federated_Learning\Master-Dataset\master_dataset\luit\DS01__image_266x190_3 (3).jpg,luit
bb8ec5c32c9e9264,D:\Projects\Federated_Learning\Master-Dataset\master_dataset\luit\DS01__image_266x190_3.jpg,luit
bb8ec5c32c9e9264,D:\Projects\Federated_Learning\Master-Dataset\master_dataset\toda\DS01__image_266x190_3.jpg,toda
bb8ec5c32c9e9264,D:\Projects\Federated_Learning\Master-Dataset\master_dataset\toda\DS01__image_266x190_45.jpg,toda
d664cc933d3c64d2,D:\Projects\Federated_Learning\Master-Dataset\master_dataset\chilika\DS01__image_281x180_1.jpg,chilika
d664cc933d3c64d2,D:\Projects\Federated_Learning\Master-Dataset\master_dataset\marathwadi\DS01__image_281x180_48.jpg,marathwadi
a531f363638d95c2,D:\Projects\Federated_Learning\Master-Dataset\master_dataset\chilika\DS01__image_291x173_5.jpg,chilika
a531f363638d95c2,D:\Projects\Federated_Learning\Master-Dataset\master_dataset\toda\DS01__image_291x173_11.jpg,toda
eb1c94c761705a6d,D:\Projects\Federated_Learning\Master-Dataset\master_dataset\chilika\DS01__image_300x168_2.jpg,chilika
eb1c94c761705a6d,D:\Projects\Federated_Learning\Master-Dataset\master_dataset\nagpuri\DS01__image_259x194_8.jpg,nagpuri
c864b4cbcbcaf40b,D:\Projects\Federated_Learning\Master-Dataset\master_dataset\chilika\DS01__image_318x159_2.jpg,chilika
c864b4cbcbcaf40b,D:\Projects\Federated_Learning\Master-Dataset\master_dataset\nagpuri\DS04__nagpuri_0133.jpg,nagpuri
c864b4cbcbcaf40b,D:\Projects\Federated_Learning\Master-Dataset\master_dataset\nagpuri\DS10__Nagpuri_38.jpg,nagpuri
e23b9d9427699855,D:\Projects\Federated_Learning\Master-Dataset\master_dataset\chilika\DS01__image_344x146_1.jpg,chilika
e23b9d9427699855,D:\Projects\Federated_Learning\Master-Dataset\master_dataset\surti\DS04__surti_0026.jpg,surti
e23b9d9427699855,D:\Projects\Federated_Learning\Master-Dataset\master_dataset\surti\DS05__surti-buffalo_jpg.rf.b53746b62e90de3e0ce14d660772103c.jpg,surti
e23b9d9427699855,D:\Projects\Federated_Learning\Master-Dataset\master_dataset\surti\DS05__surti-buffalo_rot0_b0_8_jpg.rf.8b34d0a70fc68b48bfcd4fbaf6bb591a.jpg,surti
e23b9d9427699855,D:\Projects\Federated_Learning\Master-Dataset\master_dataset\surti\DS05__surti-buffalo_rot0_b1_jpg.rf.192bb3f080d51c374766253844387b33.jpg,surti
e23b9d9427699855,D:\Projects\Federated_Learning\Master-Dataset\master_dataset\surti\DS06__Surti_23.jpg,surti
e23b9d9427699855,D:\Projects\Federated_Learning\Master-Dataset\master_dataset\surti\DS10__Surti_23.jpg,surti
b5639e1ad84e649c,D:\Projects\Federated_Learning\Master-Dataset\master_dataset\chilika\DS01__Manda_buffalo_of_Odishas_Koraput_gets_.jpg,chilika
b5639e1ad84e649c,D:\Projects\Federated_Learning\Master-Dataset\master_dataset\luit\DS01__Manda_buffalo_of_Odishas_Koraput_gets_.jpg,luit
bb7a4c0f8be0f094,D:\Projects\Federated_Learning\Master-Dataset\master_dataset\cholistani\DS09__cholistani_169.jpg,cholistani
bb7a4c0f8be0f094,D:\Projects\Federated_Learning\Master-Dataset\master_dataset\rathi\DS02__00000067.jpg,rathi
bb7a4c0f8be0f094,D:\Projects\Federated_Learning\Master-Dataset\master_dataset\rathi\DS04__rathi_0040.jpg,rathi
bb7a4c0f8be0f094,D:\Projects\Federated_Learning\Master-Dataset\master_dataset\rathi\DS06__00000067.jpg,rathi
bb7a4c0f8be0f094,D:\Projects\Federated_Learning\Master-Dataset\master_dataset\rathi\DS10__00000067.jpg,rathi
af6ac084b5ccda33,D:\Projects\Federated_Learning\Master-Dataset\master_dataset\dagri\DS02__II_ (1).jpg,dagri
af6ac084b5ccda33,D:\Projects\Federated_Learning\Master-Dataset\master_dataset\ghumusari\DS02__II_.jpg,ghumusari
cc8ee3e1e198bca4,D:\Projects\Federated_Learning\Master-Dataset\master_dataset\dagri\DS02__image_168x299_54.jpg,dagri
cc8ee3e1e198bca4,D:\Projects\Federated_Learning\Master-Dataset\master_dataset\shweta-kapila\DS02__image_168x299_59.jpg,shweta-kapila
d87639b971ae8059,D:\Projects\Federated_Learning\Master-Dataset\master_dataset\dagri\DS02__image_168x299_55.jpg,dagri
d87639b971ae8059,D:\Projects\Federated_Learning\Master-Dataset\master_dataset\shweta-kapila\DS02__image_168x299_30.jpg,shweta-kapila
d87639b971ae8059,D:\Projects\Federated_Learning\Master-Dataset\master_dataset\shweta-kapila\DS02__image_168x299_58.jpg,shweta-kapila
a5ad282b2d89dbd1,D:\Projects\Federated_Learning\Master-Dataset\master_dataset\dagri\DS02__image_168x300_53.jpg,dagri
a5ad282b2d89dbd1,D:\Projects\Federated_Learning\Master-Dataset\master_dataset\ghumusari\DS02__image_168x300_13.jpg,ghumusari
84732b8fd4602edb,D:\Projects\Federated_Learning\Master-Dataset\master_dataset\dagri\DS02__image_194x259_45.jpg,dagri
84732b8fd4602edb,D:\Projects\Federated_Learning\Master-Dataset\master_dataset\ghumusari\DS02__image_194x259_32.jpg,ghumusari
c2cb6b3a82827377,D:\Projects\Federated_Learning\Master-Dataset\master_dataset\dagri\DS02__image_194x259_58.jpg,dagri
c2cb6b3a82827377,D:\Projects\Federated_Learning\Master-Dataset\master_dataset\shweta-kapila\DS02__image_194x259_43.jpg,shweta-kapila
c2cb6b3a82827377,D:\Projects\Federated_Learning\Master-Dataset\master_dataset\shweta-kapila\DS02__image_194x259_61.jpg,shweta-kapila
98949637654fcad2,D:\Projects\Federated_Learning\Master-Dataset\master_dataset\dagri\DS02__image_217x232_28.jpg,dagri
98949637654fcad2,D:\Projects\Federated_Learning\Master-Dataset\master_dataset\gangatiri\DS02__image_217x232_42.jpg,gangatiri
c89b376d5ed6c600,D:\Projects\Federated_Learning\Master-Dataset\master_dataset\dagri\DS02__image_224x225_25.jpg,dagri
c89b376d5ed6c600,D:\Projects\Federated_Learning\Master-Dataset\master_dataset\gangatiri\DS02__image_224x225_37.jpg,gangatiri
8e0d26367e59c1f1,D:\Projects\Federated_Learning\Master-Dataset\master_dataset\dagri\DS02__image_225x225_41.jpg,dagri
8e0d26367e59c1f1,D:\Projects\Federated_Learning\Master-Dataset\master_dataset\gangatiri\DS02__image_225x225_34.jpg,gangatiri
a282b031b9bc9bdb,D:\Projects\Federated_Learning\Master-Dataset\master_dataset\dagri\DS02__image_225x225_42.jpg,dagri
a282b031b9bc9bdb,D:\Projects\Federated_Learning\Master-Dataset\master_dataset\malvi\DS02__image_225x225_46.jpg,malvi
898dfd4b0d98bc13,D:\Projects\Federated_Learning\Master-Dataset\master_dataset\dagri\DS02__image_225x225_43.jpg,dagri
898dfd4b0d98bc13,D:\Projects\Federated_Learning\Master-Dataset\master_dataset\mewati\DS02__image_225x225_41.jpg,mewati
db59a43d36965982,D:\Projects\Federated_Learning\Master-Dataset\master_dataset\dagri\DS02__image_225x225_45.jpg,dagri
db59a43d36965982,D:\Projects\Federated_Learning\Master-Dataset\master_dataset\gangatiri\DS02__image_225x225_30.jpg,gangatiri
db59a43d36965982,D:\Projects\Federated_Learning\Master-Dataset\master_dataset\shweta-kapila\DS02__image_225x225_37.jpg,shweta-kapila
db59a43d36965982,D:\Projects\Federated_Learning\Master-Dataset\master_dataset\shweta-kapila\DS02__image_225x225_46.jpg,shweta-kapila
d5df7a6b05919444,D:\Projects\Federated_Learning\Master-Dataset\master_dataset\dagri\DS02__image_242x208_57.jpg,dagri
d5df7a6b05919444,D:\Projects\Federated_Learning\Master-Dataset\master_dataset\shweta-kapila\DS02__image_242x208_53.jpg,shweta-kapila
809a6f2d78d463e3,D:\Projects\Federated_Learning\Master-Dataset\master_dataset\dagri\DS02__image_259x194_11 (2).jpg,dagri
809a6f2d78d463e3,D:\Projects\Federated_Learning\Master-Dataset\master_dataset\shweta-kapila\DS02__image_259x194_31.jpg,shweta-kapila
8d9d3c3f9e8e88a0,D:\Projects\Federated_Learning\Master-Dataset\master_dataset\dagri\DS02__image_259x194_11.jpg,dagri
8d9d3c3f9e8e88a0,D:\Projects\Federated_Learning\Master-Dataset\master_dataset\ghumusari\DS02__image_259x194_34.jpg,ghumusari
86c86e6e4d5d70d1,D:\Projects\Federated_Learning\Master-Dataset\master_dataset\dagri\DS02__image_259x194_12.jpg,dagri
86c86e6e4d5d70d1,D:\Projects\Federated_Learning\Master-Dataset\master_dataset\ghumusari\DS02__image_259x194_37.jpg,ghumusari
9690616f58197775,D:\Projects\Federated_Learning\Master-Dataset\master_dataset\dagri\DS02__image_259x194_13.jpg,dagri
9690616f58197775,D:\Projects\Federated_Learning\Master-Dataset\master_dataset\nagori\DS02__image_259x194_33.jpg,nagori
d96b36388b8d8d29,D:\Projects\Federated_Learning\Master-Dataset\master_dataset\dagri\DS02__image_259x194_16 (2).jpg,dagri
d96b36388b8d8d29,D:\Projects\Federated_Learning\Master-Dataset\master_dataset\shweta-kapila\DS02__image_259x194_32.jpg,shweta-kapila
9cc60e4ecb9297b2,D:\Projects\Federated_Learning\Master-Dataset\master_dataset\dagri\DS02__image_259x194_17.jpg,dagri
9cc60e4ecb9297b2,D:\Projects\Federated_Learning\Master-Dataset\master_dataset\shweta-kapila\DS02__image_259x194_35.jpg,shweta-kapila
c0c1373c3e3a133f,D:\Projects\Federated_Learning\Master-Dataset\master_dataset\dagri\DS02__image_259x194_5 (2).jpg,dagri
c0c1373c3e3a133f,D:\Projects\Federated_Learning\Master-Dataset\master_dataset\gangatiri\DS02__image_259x194_16.jpg,gangatiri
83c66639399d4dc5,D:\Projects\Federated_Learning\Master-Dataset\master_dataset\dagri\DS02__image_259x194_5.jpg,dagri
83c66639399d4dc5,D:\Projects\Federated_Learning\Master-Dataset\master_dataset\shweta-kapila\DS02__image_259x194_36.jpg,shweta-kapila
84b4f1342ecbc3f8,D:\Projects\Federated_Learning\Master-Dataset\master_dataset\dagri\DS02__image_259x194_6.jpg,dagri
84b4f1342ecbc3f8,D:\Projects\Federated_Learning\Master-Dataset\master_dataset\nagori\DS02__image_259x194_27 (2).jpg,nagori
87893a7669781967,D:\Projects\Federated_Learning\Master-Dataset\master_dataset\dagri\DS02__image_259x194_7.jpg,dagri
87893a7669781967,D:\Projects\Federated_Learning\Master-Dataset\master_dataset\ghumusari\DS02__image_259x194_35.jpg,ghumusari
87893a7669781967,D:\Projects\Federated_Learning\Master-Dataset\master_dataset\shweta-kapila\DS02__image_259x194_24.jpg,shweta-kapila
c150356d49cfb371,D:\Projects\Federated_Learning\Master-Dataset\master_dataset\dagri\DS02__image_259x194_8.jpg,dagri
c150356d49cfb371,D:\Projects\Federated_Learning\Master-Dataset\master_dataset\gangatiri\DS02__image_259x194_32.jpg,gangatiri
d4046b7e2b7d9191,D:\Projects\Federated_Learning\Master-Dataset\master_dataset\dagri\DS02__image_259x194_9.jpg,dagri
d4046b7e2b7d9191,D:\Projects\Federated_Learning\Master-Dataset\master_dataset\shweta-kapila\DS02__image_200x150_56.jpg,shweta-kapila
81037f2f2e4a8e79,D:\Projects\Federated_Learning\Master-Dataset\master_dataset\dagri\DS02__image_263x192_1.jpg,dagri
81037f2f2e4a8e79,D:\Projects\Federated_Learning\Master-Dataset\master_dataset\hariana\DS02__Hariana_117.jpg,hariana
81037f2f2e4a8e79,D:\Projects\Federated_Learning\Master-Dataset\master_dataset\shweta-kapila\DS02__image_263x192_15.jpg,shweta-kapila
855cd7f03d19163c,D:\Projects\Federated_Learning\Master-Dataset\master_dataset\dagri\DS02__image_275x183_52.jpg,dagri
855cd7f03d19163c,D:\Projects\Federated_Learning\Master-Dataset\master_dataset\ongole\DS02__Ongole_1.JPG,ongole
855cd7f03d19163c,D:\Projects\Federated_Learning\Master-Dataset\master_dataset\ongole\DS04__ongole_0011.jpg,ongole
855cd7f03d19163c,D:\Projects\Federated_Learning\Master-Dataset\master_dataset\ongole\DS10__Ongole_1.JPG,ongole
911e6c6c8dd99e86,D:\Projects\Federated_Learning\Master-Dataset\master_dataset\dagri\DS02__image_275x183_53.jpg,dagri
911e6c6c8dd99e86,D:\Projects\Federated_Learning\Master-Dataset\master_dataset\gaolao\DS02__20_Most_Popular_Cows_Of_Indian_Breed_.jpg,gaolao
c496f1362d9d9594,D:\Projects\Federated_Learning\Master-Dataset\master_dataset\dagri\DS02__image_275x183_54.jpg,dagri
c496f1362d9d9594,D:\Projects\Federated_Learning\Master-Dataset\master_dataset\kherigarh\DS02__image_275x183_4 (3).jpg,kherigarh
c496f1362d9d9594,D:\Projects\Federated_Learning\Master-Dataset\master_dataset\kherigarh\DS02__image_275x183_6 (2).jpg,kherigarh
c9e777520a282d4f,D:\Projects\Federated_Learning\Master-Dataset\master_dataset\dagri\DS02__image_299x168_49.jpg,dagri
c9e777520a282d4f,D:\Projects\Federated_Learning\Master-Dataset\master_dataset\shweta-kapila\DS02__image_299x168_42.jpg,shweta-kapila
dfcf32329c64e091,D:\Projects\Federated_Learning\Master-Dataset\master_dataset\dagri\DS02__image_300x168_48 (2).jpg,dagri
dfcf32329c64e091,D:\Projects\Federated_Learning\Master-Dataset\master_dataset\nagori\DS02__image_300x168_41.jpg,nagori
88353f263ec2e8e3,D:\Projects\Federated_Learning\Master-Dataset\master_dataset\dagri\DS02__image_300x168_48.jpg,dagri
88353f263ec2e8e3,D:\Projects\Federated_Learning\Master-Dataset\master_dataset\gangatiri\DS02__image_300x168_41.jpg,gangatiri
88353f263ec2e8e3,D:\Projects\Federated_Learning\Master-Dataset\master_dataset\shweta-kapila\DS02__image_300x168_35.jpg,shweta-kapila
c8e16d6d8d93945a,D:\Projects\Federated_Learning\Master-Dataset\master_dataset\dagri\DS02__Indigenous_Cattle_Breeds_.jpg,dagri
c8e16d6d8d93945a,D:\Projects\Federated_Learning\Master-Dataset\master_dataset\shweta-kapila\DS04__shweta_kapila_0001.jpg,shweta-kapila
c8e16d6d8d93945a,D:\Projects\Federated_Learning\Master-Dataset\master_dataset\shweta-kapila\DS04__shweta_kapila_0003.jpg,shweta-kapila
c8e16d6d8d93945a,D:\Projects\Federated_Learning\Master-Dataset\master_dataset\shweta-kapila\DS04__shweta_kapila_0005.jpg,shweta-kapila
c8e16d6d8d93945a,D:\Projects\Federated_Learning\Master-Dataset\master_dataset\shweta-kapila\DS04__shweta_kapila_0007.jpg,shweta-kapila
87fe7916ae407984,D:\Projects\Federated_Learning\Master-Dataset\master_dataset\dagri\DS02__Indigenous_Farm_Animals_.jpg,dagri
87fe7916ae407984,D:\Projects\Federated_Learning\Master-Dataset\master_dataset\nari\DS02__image_275x183_47.jpg,nari
87fe7916ae407984,D:\Projects\Federated_Learning\Master-Dataset\master_dataset\nari\DS02__image_275x183_55.jpg,nari
afd01992eea0999d,D:\Projects\Federated_Learning\Master-Dataset\master_dataset\dagri\DS02__Registered_cattle_breeds_in_India_.jpg,dagri
afd01992eea0999d,D:\Projects\Federated_Learning\Master-Dataset\master_dataset\gaolao\DS02__Registered_cattle_breeds_in_India_.jpg,gaolao
fb4460fa769090eb,D:\Projects\Federated_Learning\Master-Dataset\master_dataset\dagri\DS02__Visually_searched_image (2).jpg,dagri
fb4460fa769090eb,D:\Projects\Federated_Learning\Master-Dataset\master_dataset\gangatiri\DS02__Breeds_of_cattle_buffalo_Agriculture.jpg,gangatiri
fb4460fa769090eb,D:\Projects\Federated_Learning\Master-Dataset\master_dataset\ghumusari\DS02__Breeds_of_cattle_buffalo_Agriculture.jpg,ghumusari
fa0d8fea7090c50f,D:\Projects\Federated_Learning\Master-Dataset\master_dataset\dangi\DS02__00000164.png,dangi
fa0d8fea7090c50f,D:\Projects\Federated_Learning\Master-Dataset\master_dataset\gaolao\DS02__Dangi_cattle_-_Alchetron_The_Free_.jpg,gaolao
c69c746c2b43992f,D:\Projects\Federated_Learning\Master-Dataset\master_dataset\deoni\DS02__Deoni_14.jpg,deoni
c69c746c2b43992f,D:\Projects\Federated_Learning\Master-Dataset\master_dataset\kherigarh\DS02__image_200x133_3.jpg,kherigarh
c69c746c2b43992f,D:\Projects\Federated_Learning\Master-Dataset\master_dataset\shweta-kapila\DS02__image_200x133_67.jpg,shweta-kapila
c69c746c2b43992f,D:\Projects\Federated_Learning\Master-Dataset\master_dataset\shweta-kapila\DS02__Visually_searched_image (5).jpg,shweta-kapila
c69c746c2b43992f,D:\Projects\Federated_Learning\Master-Dataset\master_dataset\shweta-kapila\DS02__Visually_searched_image (6).jpg,shweta-kapila
9d87e3e888b2b1b4,D:\Projects\Federated_Learning\Master-Dataset\master_dataset\deoni\DS02__Deoni_5.jpg,deoni
9d87e3e888b2b1b4,D:\Projects\Federated_Learning\Master-Dataset\master_dataset\khillari\DS02__Khillari_13.jpg,khillari
9d87e3e888b2b1b4,D:\Projects\Federated_Learning\Master-Dataset\master_dataset\khillari\DS04__khillar_0037.jpg,khillari
9d87e3e888b2b1b4,D:\Projects\Federated_Learning\Master-Dataset\master_dataset\khillari\DS06__Khillari_13.jpg,khillari
9d87e3e888b2b1b4,D:\Projects\Federated_Learning\Master-Dataset\master_dataset\khillari\DS10__Khillari_13.jpg,khillari
9d87e3e888b2b1b4,D:\Projects\Federated_Learning\Master-Dataset\master_dataset\krishna-valley\DS02__Krishna_Valley_10.jpg,krishna-valley
9d87e3e888b2b1b4,D:\Projects\Federated_Learning\Master-Dataset\master_dataset\krishna-valley\DS04__krishna_valley_0016.jpg,krishna-valley
9d87e3e888b2b1b4,D:\Projects\Federated_Learning\Master-Dataset\master_dataset\krishna-valley\DS06__Krishna_Valley_10.jpg,krishna-valley
9d87e3e888b2b1b4,D:\Projects\Federated_Learning\Master-Dataset\master_dataset\krishna-valley\DS10__Krishna_Valley_10.jpg,krishna-valley
9d87e3e888b2b1b4,D:\Projects\Federated_Learning\Master-Dataset\master_dataset\pulikulam\DS02__Pulikulam_19.jpg,pulikulam
9d87e3e888b2b1b4,D:\Projects\Federated_Learning\Master-Dataset\master_dataset\pulikulam\DS04__pulikulam_0049.jpg,pulikulam
9d87e3e888b2b1b4,D:\Projects\Federated_Learning\Master-Dataset\master_dataset\pulikulam\DS06__Pulikulam_19.jpg,pulikulam
9d87e3e888b2b1b4,D:\Projects\Federated_Learning\Master-Dataset\master_dataset\pulikulam\DS10__Pulikulam_19.jpg,pulikulam
87bf2975d480270f,D:\Projects\Federated_Learning\Master-Dataset\master_dataset\deoni\DS02__Deoni_61.png,deoni
87bf2975d480270f,D:\Projects\Federated_Learning\Master-Dataset\master_dataset\nagpuri\DS04__nagpuri_0184.png,nagpuri
87bf2975d480270f,D:\Projects\Federated_Learning\Master-Dataset\master_dataset\nagpuri\DS10__Nagpuri_86.png,nagpuri
8e0270fd4dcec633,D:\Projects\Federated_Learning\Master-Dataset\master_dataset\deoni\DS03__Deoni_1.JPG,deoni
8e0270fd4dcec633,D:\Projects\Federated_Learning\Master-Dataset\master_dataset\kenkatha\DS03__00000144.JPG,kenkatha
e65619a97a76941c,D:\Projects\Federated_Learning\Master-Dataset\master_dataset\deoni\DS03__Deoni_28.jpg,deoni
e65619a97a76941c,D:\Projects\Federated_Learning\Master-Dataset\master_dataset\kenkatha\DS03__00000156.jpg,kenkatha
9d9762683c327565,D:\Projects\Federated_Learning\Master-Dataset\master_dataset\deoni\DS03__Deoni_5.jpg,deoni
9d9762683c327565,D:\Projects\Federated_Learning\Master-Dataset\master_dataset\khillari\DS03__Khillari_13.jpg,khillari
9d9762683c327565,D:\Projects\Federated_Learning\Master-Dataset\master_dataset\krishna-valley\DS03__Krishna_Valley_10.jpg,krishna-valley
9d9762683c327565,D:\Projects\Federated_Learning\Master-Dataset\master_dataset\pulikulam\DS03__Pulikulam_19.jpg,pulikulam
87bf686454c8275b,D:\Projects\Federated_Learning\Master-Dataset\master_dataset\deoni\DS03__Deoni_61.png,deoni
87bf686454c8275b,D:\Projects\Federated_Learning\Master-Dataset\master_dataset\nagpuri\DS03__Nagpuri_86.png,nagpuri
d6982167d31f0e2e,D:\Projects\Federated_Learning\Master-Dataset\master_dataset\deoni\DS04__deoni_0016.jpg,deoni
d6982167d31f0e2e,D:\Projects\Federated_Learning\Master-Dataset\master_dataset\gangatiri\DS02__Deoni_Dairy_Knowledge_Portal.jpg,gangatiri
d6982167d31f0e2e,D:\Projects\Federated_Learning\Master-Dataset\master_dataset\gaolao\DS02__Registered_cattle_breeds_in_India_ (1).jpg,gaolao
e64685896bc395b5,D:\Projects\Federated_Learning\Master-Dataset\master_dataset\deoni\DS04__deoni_0059.jpg,deoni
e64685896bc395b5,D:\Projects\Federated_Learning\Master-Dataset\master_dataset\kenkatha\DS04__kenkatha_0036.jpg,kenkatha
9d87e268b830f565,D:\Projects\Federated_Learning\Master-Dataset\master_dataset\deoni\DS11__Deoni_046.jpg,deoni
9d87e268b830f565,D:\Projects\Federated_Learning\Master-Dataset\master_dataset\khillari\DS11__Khillari_023.jpg,khillari
9d87e268b830f565,D:\Projects\Federated_Learning\Master-Dataset\master_dataset\krishna-valley\DS11__Krishna_Valley_002.jpg,krishna-valley
9d87e268b830f565,D:\Projects\Federated_Learning\Master-Dataset\master_dataset\pulikulam\DS11__Pulikulam_039.jpg,pulikulam
85bde864d088a7db,D:\Projects\Federated_Learning\Master-Dataset\master_dataset\deoni\DS11__Deoni_058.jpg,deoni
85bde864d088a7db,D:\Projects\Federated_Learning\Master-Dataset\master_dataset\nagpuri\DS11__Nagpuri_174.jpg,nagpuri
c4847871389793bf,D:\Projects\Federated_Learning\Master-Dataset\master_dataset\dhani\DS09__dhani_7.jpg,dhani
c4847871389793bf,D:\Projects\Federated_Learning\Master-Dataset\master_dataset\shweta-kapila\DS02__image_259x195_20.jpg,shweta-kapila
c4847871389793bf,D:\Projects\Federated_Learning\Master-Dataset\master_dataset\shweta-kapila\DS02__image_259x195_44.jpg,shweta-kapila
a282943de872de1f,D:\Projects\Federated_Learning\Master-Dataset\master_dataset\fresian\DS09__fresian_13.jpg,fresian
a282943de872de1f,D:\Projects\Federated_Learning\Master-Dataset\master_dataset\holstein-friesian\DS07__HolsteinFriesiancattle131.jpg,holstein-friesian
95d0686b5b4b2787,D:\Projects\Federated_Learning\Master-Dataset\master_dataset\fresian\DS09__fresian_17.jpg,fresian
95d0686b5b4b2787,D:\Projects\Federated_Learning\Master-Dataset\master_dataset\red-dane\DS07__RedDanecattle79_c.jpg,red-dane
c303d7b0916aae6e,D:\Projects\Federated_Learning\Master-Dataset\master_dataset\fresian\DS09__fresian_21.jpg,fresian
c303d7b0916aae6e,D:\Projects\Federated_Learning\Master-Dataset\master_dataset\holstein-friesian\DS07__HolsteinFriesiancattle144.jpg,holstein-friesian
9c98eb67c351f070,D:\Projects\Federated_Learning\Master-Dataset\master_dataset\fresian\DS09__fresian_28.jpg,fresian
9c98eb67c351f070,D:\Projects\Federated_Learning\Master-Dataset\master_dataset\holstein-friesian\DS07__HolsteinFriesiancattle19.jpg,holstein-friesian
ed699296b485c4ce,D:\Projects\Federated_Learning\Master-Dataset\master_dataset\fresian\DS09__fresian_32.jpg,fresian
ed699296b485c4ce,D:\Projects\Federated_Learning\Master-Dataset\master_dataset\holstein-friesian\DS07__HolsteinFriesiancattle33.jpg,holstein-friesian
f4cbcb846278cc96,D:\Projects\Federated_Learning\Master-Dataset\master_dataset\fresian\DS09__fresian_34.jpg,fresian
f4cbcb846278cc96,D:\Projects\Federated_Learning\Master-Dataset\master_dataset\holstein-friesian\DS07__HolsteinFriesiancattle38.jpg,holstein-friesian
b490cb8bb234f86d,D:\Projects\Federated_Learning\Master-Dataset\master_dataset\fresian\DS09__fresian_36.jpg,fresian
b490cb8bb234f86d,D:\Projects\Federated_Learning\Master-Dataset\master_dataset\holstein-friesian\DS07__HolsteinFriesiancattle58.jpg,holstein-friesian
eb6bd8d034669c38,D:\Projects\Federated_Learning\Master-Dataset\master_dataset\fresian\DS09__fresian_46.jpg,fresian
eb6bd8d034669c38,D:\Projects\Federated_Learning\Master-Dataset\master_dataset\holstein-friesian\DS07__HolsteinFriesiancattle27.jpg,holstein-friesian
b979c6d6e4258728,D:\Projects\Federated_Learning\Master-Dataset\master_dataset\fresian\DS09__fresian_5.jpg,fresian
b979c6d6e4258728,D:\Projects\Federated_Learning\Master-Dataset\master_dataset\holstein-friesian\DS07__HolsteinFriesiancattle65.jpg,holstein-friesian
e14b8ec6e1cf0e32,D:\Projects\Federated_Learning\Master-Dataset\master_dataset\fresian\DS09__fresian_51.jpg,fresian
e14b8ec6e1cf0e32,D:\Projects\Federated_Learning\Master-Dataset\master_dataset\holstein-friesian\DS04__holstein-friesian_0461.jpg,holstein-friesian
d11ec4609b9ba3ec,D:\Projects\Federated_Learning\Master-Dataset\master_dataset\fresian\DS09__fresian_66.jpg,fresian
d11ec4609b9ba3ec,D:\Projects\Federated_Learning\Master-Dataset\master_dataset\holstein-friesian\DS07__HolsteinFriesiancattle60.jpg,holstein-friesian
ad1d9e86e3f160c2,D:\Projects\Federated_Learning\Master-Dataset\master_dataset\fresian\DS09__fresian_68.jpg,fresian
ad1d9e86e3f160c2,D:\Projects\Federated_Learning\Master-Dataset\master_dataset\holstein-friesian\DS07__HolsteinFriesiancattle30.jpg,holstein-friesian
ad1d9e86e3f160c2,D:\Projects\Federated_Learning\Master-Dataset\master_dataset\siri\DS02__image_246x204_67.jpg,siri
abbb79f948c6c480,D:\Projects\Federated_Learning\Master-Dataset\master_dataset\gangatiri\DS02__39_Nagori_Cow_Royalty-Free_Images_.jpg,gangatiri
abbb79f948c6c480,D:\Projects\Federated_Learning\Master-Dataset\master_dataset\gaolao\DS02__Herd_Zebu_Cattle_Possibly_Ongole_.jpg,gaolao
fa0d9da36ac894a3,D:\Projects\Federated_Learning\Master-Dataset\master_dataset\gangatiri\DS02__Gaolao_Dairy_Knowledge_Portal.jpg,gangatiri
fa0d9da36ac894a3,D:\Projects\Federated_Learning\Master-Dataset\master_dataset\ghumusari\DS02__Gaolao_Dairy_Knowledge_Portal.jpg,ghumusari
9edc82076561676b,D:\Projects\Federated_Learning\Master-Dataset\master_dataset\gangatiri\DS02__Hariana_cattle_-_Native_Breedorg.jpg,gangatiri
9edc82076561676b,D:\Projects\Federated_Learning\Master-Dataset\master_dataset\hariana\DS02__Hariana_114.jpg,hariana
d8a3291f16696e87,D:\Projects\Federated_Learning\Master-Dataset\master_dataset\gangatiri\DS02__image_190x266_54.jpg,gangatiri
d8a3291f16696e87,D:\Projects\Federated_Learning\Master-Dataset\master_dataset\shweta-kapila\DS02__image_190x266_36.jpg,shweta-kapila
918587bbe198796a,D:\Projects\Federated_Learning\Master-Dataset\master_dataset\gangatiri\DS02__image_194x259_52.jpg,gangatiri
918587bbe198796a,D:\Projects\Federated_Learning\Master-Dataset\master_dataset\shweta-kapila\DS02__image_194x259_39.jpg,shweta-kapila
918587bbe198796a,D:\Projects\Federated_Learning\Master-Dataset\master_dataset\shweta-kapila\DS02__image_194x259_57 (2).jpg,shweta-kapila
8786da68ec9192e7,D:\Projects\Federated_Learning\Master-Dataset\master_dataset\gangatiri\DS02__image_194x259_55.jpg,gangatiri
8786da68ec9192e7,D:\Projects\Federated_Learning\Master-Dataset\master_dataset\nari\DS02__image_194x259_53.jpg,nari
8786da68ec9192e7,D:\Projects\Federated_Learning\Master-Dataset\master_dataset\shweta-kapila\DS02__image_194x259_42.jpg,shweta-kapila
954a681fc9b4db07,D:\Projects\Federated_Learning\Master-Dataset\master_dataset\gangatiri\DS02__image_200x150_61.jpg,gangatiri
954a681fc9b4db07,D:\Projects\Federated_Learning\Master-Dataset\master_dataset\shweta-kapila\DS02__image_200x150_63.jpg,shweta-kapila
83434e7e7cf4a4d0,D:\Projects\Federated_Learning\Master-Dataset\master_dataset\gangatiri\DS02__image_205x246_56.jpg,gangatiri
83434e7e7cf4a4d0,D:\Projects\Federated_Learning\Master-Dataset\master_dataset\shweta-kapila\DS02__image_205x246_63.jpg,shweta-kapila
dde5605ac2603dc7,D:\Projects\Federated_Learning\Master-Dataset\master_dataset\gangatiri\DS02__image_217x232_43.jpg,gangatiri
dde5605ac2603dc7,D:\Projects\Federated_Learning\Master-Dataset\master_dataset\malvi\DS02__image_217x232_53.jpg,malvi
dde5605ac2603dc7,D:\Projects\Federated_Learning\Master-Dataset\master_dataset\shweta-kapila\DS02__image_217x232_53.jpg,shweta-kapila
dde5605ac2603dc7,D:\Projects\Federated_Learning\Master-Dataset\master_dataset\shweta-kapila\DS02__Visually_searched_image (4).jpg,shweta-kapila
81b1aca3dcd93359,D:\Projects\Federated_Learning\Master-Dataset\master_dataset\gangatiri\DS02__image_225x224_35.jpg,gangatiri
81b1aca3dcd93359,D:\Projects\Federated_Learning\Master-Dataset\master_dataset\mewati\DS02__image_225x224_41.jpg,mewati
9086e8e8c6e796f8,D:\Projects\Federated_Learning\Master-Dataset\master_dataset\gangatiri\DS02__image_225x225_31.jpg,gangatiri
9086e8e8c6e796f8,D:\Projects\Federated_Learning\Master-Dataset\master_dataset\shweta-kapila\DS02__image_225x225_41.jpg,shweta-kapila
a034ed0f3e32b7b0,D:\Projects\Federated_Learning\Master-Dataset\master_dataset\gangatiri\DS02__image_225x225_39.jpg,gangatiri
a034ed0f3e32b7b0,D:\Projects\Federated_Learning\Master-Dataset\master_dataset\shweta-kapila\DS02__image_225x225_43.jpg,shweta-kapila
ca1e7e3801a7257b,D:\Projects\Federated_Learning\Master-Dataset\master_dataset\gangatiri\DS02__image_227x222_38.jpg,gangatiri
ca1e7e3801a7257b,D:\Projects\Federated_Learning\Master-Dataset\master_dataset\malvi\DS02__image_227x222_17.jpg,malvi
838301333f5eee78,D:\Projects\Federated_Learning\Master-Dataset\master_dataset\gangatiri\DS02__image_234x133_65.jpg,gangatiri
838301333f5eee78,D:\Projects\Federated_Learning\Master-Dataset\master_dataset\shweta-kapila\DS02__image_234x133_68.jpg,shweta-kapila
c5173c3c4accc3ab,D:\Projects\Federated_Learning\Master-Dataset\master_dataset\gangatiri\DS02__image_238x211_49.jpg,gangatiri
c5173c3c4accc3ab,D:\Projects\Federated_Learning\Master-Dataset\master_dataset\krishna-valley\DS02__Krishna_Valley_76.jpg,krishna-valley
c5173c3c4accc3ab,D:\Projects\Federated_Learning\Master-Dataset\master_dataset\krishna-valley\DS04__krishna_valley_0125.jpg,krishna-valley
c5173c3c4accc3ab,D:\Projects\Federated_Learning\Master-Dataset\master_dataset\krishna-valley\DS10__Krishna_Valley_76.jpg,krishna-valley
94636b3d94a466e3,D:\Projects\Federated_Learning\Master-Dataset\master_dataset\gangatiri\DS02__image_259x194_24 (2).jpg,gangatiri
94636b3d94a466e3,D:\Projects\Federated_Learning\Master-Dataset\master_dataset\shweta-kapila\DS02__image_259x194_29 (2).jpg,shweta-kapila
9c936a2e89f45c4d,D:\Projects\Federated_Learning\Master-Dataset\master_dataset\gangatiri\DS02__image_259x194_26 (2).jpg,gangatiri
9c936a2e89f45c4d,D:\Projects\Federated_Learning\Master-Dataset\master_dataset\shweta-kapila\DS02__image_259x194_33.jpg,shweta-kapila
9c936a2e89f45c4d,D:\Projects\Federated_Learning\Master-Dataset\master_dataset\shweta-kapila\DS02__image_259x194_34 (2).jpg,shweta-kapila
94266b39999546e7,D:\Projects\Federated_Learning\Master-Dataset\master_dataset\gangatiri\DS02__image_259x194_29.jpg,gangatiri
94266b39999546e7,D:\Projects\Federated_Learning\Master-Dataset\master_dataset\malvi\DS02__image_259x194_39.jpg,malvi
c2cf7e185c84ccce,D:\Projects\Federated_Learning\Master-Dataset\master_dataset\gangatiri\DS02__image_275x183_49.jpg,gangatiri
c2cf7e185c84ccce,D:\Projects\Federated_Learning\Master-Dataset\master_dataset\shweta-kapila\DS02__image_275x183_49.jpg,shweta-kapila
cf83b471cf8870b2,D:\Projects\Federated_Learning\Master-Dataset\master_dataset\gangatiri\DS02__image_278x181_52.jpg,gangatiri
cf83b471cf8870b2,D:\Projects\Federated_Learning\Master-Dataset\master_dataset\kherigarh\DS02__image_278x181_7 (2).jpg,kherigarh
cf83b471cf8870b2,D:\Projects\Federated_Learning\Master-Dataset\master_dataset\kherigarh\DS02__image_278x181_7.jpg,kherigarh
cf83b471cf8870b2,D:\Projects\Federated_Learning\Master-Dataset\master_dataset\malvi\DS04__malvi_0001.jpg,malvi
cf83b471cf8870b2,D:\Projects\Federated_Learning\Master-Dataset\master_dataset\malvi\DS04__malvi_0003.jpg,malvi
cf83b471cf8870b2,D:\Projects\Federated_Learning\Master-Dataset\master_dataset\malvi\DS04__malvi_0005.jpg,malvi
cf83b471cf8870b2,D:\Projects\Federated_Learning\Master-Dataset\master_dataset\malvi\DS04__malvi_0007.jpg,malvi
cf83b471cf8870b2,D:\Projects\Federated_Learning\Master-Dataset\master_dataset\malvi\DS04__malvi_0009.jpg,malvi
9898682c9ab2f6ee,D:\Projects\Federated_Learning\Master-Dataset\master_dataset\gangatiri\DS02__image_300x168_40.jpg,gangatiri
9898682c9ab2f6ee,D:\Projects\Federated_Learning\Master-Dataset\master_dataset\shweta-kapila\DS02__image_300x168_38.jpg,shweta-kapila
9898682c9ab2f6ee,D:\Projects\Federated_Learning\Master-Dataset\master_dataset\shweta-kapila\DS02__image_300x168_41.jpg,shweta-kapila
be4b61649899cae3,D:\Projects\Federated_Learning\Master-Dataset\master_dataset\gangatiri\DS02__image_300x168_42.jpg,gangatiri
be4b61649899cae3,D:\Projects\Federated_Learning\Master-Dataset\master_dataset\ongole\DS02__Ongole_124.png,ongole
be4b61649899cae3,D:\Projects\Federated_Learning\Master-Dataset\master_dataset\ongole\DS04__ongole_0039.png,ongole
be4b61649899cae3,D:\Projects\Federated_Learning\Master-Dataset\master_dataset\ongole\DS06__Ongole_124.png,ongole
be4b61649899cae3,D:\Projects\Federated_Learning\Master-Dataset\master_dataset\ongole\DS10__Ongole_124.png,ongole
c6467f796882d296,D:\Projects\Federated_Learning\Master-Dataset\master_dataset\gangatiri\DS02__image_318x159_62.jpeg,gangatiri
c6467f796882d296,D:\Projects\Federated_Learning\Master-Dataset\master_dataset\kherigarh\DS02__image_318x159_1.jpeg,kherigarh
c6467f796882d296,D:\Projects\Federated_Learning\Master-Dataset\master_dataset\malvi\DS02__image_318x159_71.jpg,malvi
8ece82d39241cb7b,D:\Projects\Federated_Learning\Master-Dataset\master_dataset\gangatiri\DS02__Punganur_cattle_cattle_farmers_ (2).jpg,gangatiri
8ece82d39241cb7b,D:\Projects\Federated_Learning\Master-Dataset\master_dataset\tharparkar\DS05__punganur-cattle-cattle-farmers-gangatiri-footage-225309772_iconl_webp.rf.38dc4f15cddbb0021a2c13876213c504.jpg,tharparkar
82723f2f25380f4f,D:\Projects\Federated_Learning\Master-Dataset\master_dataset\gangatiri\DS02__Screenshot 2025-09-24 191742.png,gangatiri
82723f2f25380f4f,D:\Projects\Federated_Learning\Master-Dataset\master_dataset\ghumusari\DS02__Screenshot 2025-09-24 191742.png,ghumusari
85472f383af270f8,D:\Projects\Federated_Learning\Master-Dataset\master_dataset\gangatiri\DS02__Screenshot 2025-09-24 191754.png,gangatiri
85472f383af270f8,D:\Projects\Federated_Learning\Master-Dataset\master_dataset\ghumusari\DS02__Screenshot 2025-09-24 191754.png,ghumusari
c52f2c3535e5d2c1,D:\Projects\Federated_Learning\Master-Dataset\master_dataset\gangatiri\DS02__Screenshot 2025-09-24 191804.png,gangatiri
c52f2c3535e5d2c1,D:\Projects\Federated_Learning\Master-Dataset\master_dataset\ghumusari\DS02__Screenshot 2025-09-24 191804.png,ghumusari
e9424f2f38293ef0,D:\Projects\Federated_Learning\Master-Dataset\master_dataset\gangatiri\DS02__Screenshot 2025-09-24 191810.png,gangatiri
e9424f2f38293ef0,D:\Projects\Federated_Learning\Master-Dataset\master_dataset\ghumusari\DS02__Screenshot 2025-09-24 191810.png,ghumusari
d4422b306bf3eacc,D:\Projects\Federated_Learning\Master-Dataset\master_dataset\gangatiri\DS02__Screenshot 2025-09-24 191820.png,gangatiri
d4422b306bf3eacc,D:\Projects\Federated_Learning\Master-Dataset\master_dataset\ghumusari\DS02__Screenshot 2025-09-24 191820.png,ghumusari
ca02277f2b072f1d,D:\Projects\Federated_Learning\Master-Dataset\master_dataset\gangatiri\DS04__gangatiri_0001.jpg,gangatiri
ca02277f2b072f1d,D:\Projects\Federated_Learning\Master-Dataset\master_dataset\kherigarh\DS02__image_236x167_1.jpg,kherigarh
8f6ed8f29690c531,D:\Projects\Federated_Learning\Master-Dataset\master_dataset\gaolao\DS02__Gaolao_Cattle_Origin_Characteristics_.jpg,gaolao
8f6ed8f29690c531,D:\Projects\Federated_Learning\Master-Dataset\master_dataset\luit\DS01__Nagpuri_Buffalo_Origin_.jpg,luit
8f6ed8f29690c531,D:\Projects\Federated_Learning\Master-Dataset\master_dataset\nagpuri\DS04__nagpuri_0077.jpg,nagpuri
8f6ed8f29690c531,D:\Projects\Federated_Learning\Master-Dataset\master_dataset\nagpuri\DS06__Nagpuri_163.jpg,nagpuri
8f6ed8f29690c531,D:\Projects\Federated_Learning\Master-Dataset\master_dataset\nagpuri\DS10__Nagpuri_163.jpg,nagpuri
8f6ed8f29690c531,D:\Projects\Federated_Learning\Master-Dataset\master_dataset\surti\DS04__surti_0033.jpg,surti
8f6ed8f29690c531,D:\Projects\Federated_Learning\Master-Dataset\master_dataset\surti\DS06__Surti_3.jpg,surti
8f6ed8f29690c531,D:\Projects\Federated_Learning\Master-Dataset\master_dataset\surti\DS10__Surti_3.jpg,surti
da1f05e1685a1bb5,D:\Projects\Federated_Learning\Master-Dataset\master_dataset\gaolao\DS02__Gaolao_Cow_Bull_Status_.jpg,gaolao
da1f05e1685a1bb5,D:\Projects\Federated_Learning\Master-Dataset\master_dataset\nimari\DS02__00000393.jpg,nimari
da1f05e1685a1bb5,D:\Projects\Federated_Learning\Master-Dataset\master_dataset\nimari\DS04__nimari_0056.jpg,nimari
da1f05e1685a1bb5,D:\Projects\Federated_Learning\Master-Dataset\master_dataset\nimari\DS10__00000393.jpg,nimari
b1339ecc8cce2366,D:\Projects\Federated_Learning\Master-Dataset\master_dataset\gaolao\DS02__GO-GIVER_-_Telegraph_India.jpg,gaolao
b1339ecc8cce2366,D:\Projects\Federated_Learning\Master-Dataset\master_dataset\kenkatha\DS04__kenkatha_0069.jpg,kenkatha
b1339ecc8cce2366,D:\Projects\Federated_Learning\Master-Dataset\master_dataset\nagori\DS04__nagori_0012.jpg,nagori
b1339ecc8cce2366,D:\Projects\Federated_Learning\Master-Dataset\master_dataset\nagori\DS10__00000003.jpg,nagori
c11deaa29ded82e1,D:\Projects\Federated_Learning\Master-Dataset\master_dataset\gaolao\DS02__IMPORTANT_BREEDS_OF_CATTLE.jpg,gaolao
c11deaa29ded82e1,D:\Projects\Federated_Learning\Master-Dataset\master_dataset\gir\DS02__Gir_157.jpg,gir
9f0f956869d0f868,D:\Projects\Federated_Learning\Master-Dataset\master_dataset\gaolao\DS02__Indigenous_Dual_Purpose_Breeds_of_Cows_.jpg,gaolao
9f0f956869d0f868,D:\Projects\Federated_Learning\Master-Dataset\master_dataset\jaffarabadi\DS01__GVC_ENTERPRISES_in_Hyderabad_ (2).jpg,jaffarabadi
d6f24d09e35207e3,D:\Projects\Federated_Learning\Master-Dataset\master_dataset\gaolao\DS02__Kosali_Cow.jpg,gaolao
d6f24d09e35207e3,D:\Projects\Federated_Learning\Master-Dataset\master_dataset\kosali\DS04__kosali_0001.jpg,kosali
d6f24d09e35207e3,D:\Projects\Federated_Learning\Master-Dataset\master_dataset\kosali\DS04__kosali_0003.jpg,kosali
d6f24d09e35207e3,D:\Projects\Federated_Learning\Master-Dataset\master_dataset\kosali\DS04__kosali_0005.jpg,kosali
d6f24d09e35207e3,D:\Projects\Federated_Learning\Master-Dataset\master_dataset\kosali\DS04__kosali_0007.jpg,kosali
d6f24d09e35207e3,D:\Projects\Federated_Learning\Master-Dataset\master_dataset\kosali\DS04__kosali_0009.jpg,kosali
d6dde924498f3648,D:\Projects\Federated_Learning\Master-Dataset\master_dataset\gaolao\DS02__Ongole_102.png,gaolao
d6dde924498f3648,D:\Projects\Federated_Learning\Master-Dataset\master_dataset\ongole\DS02__Ongole_102.png,ongole
d6dde924498f3648,D:\Projects\Federated_Learning\Master-Dataset\master_dataset\ongole\DS04__ongole_0015.png,ongole
d6dde924498f3648,D:\Projects\Federated_Learning\Master-Dataset\master_dataset\ongole\DS06__Ongole_102.png,ongole
d6dde924498f3648,D:\Projects\Federated_Learning\Master-Dataset\master_dataset\ongole\DS10__Ongole_102.png,ongole
94503e0658edede9,D:\Projects\Federated_Learning\Master-Dataset\master_dataset\gaolao\DS02__Ongole_103.png,gaolao
94503e0658edede9,D:\Projects\Federated_Learning\Master-Dataset\master_dataset\ongole\DS02__Ongole_103.png,ongole
94503e0658edede9,D:\Projects\Federated_Learning\Master-Dataset\master_dataset\ongole\DS04__ongole_0016.png,ongole
94503e0658edede9,D:\Projects\Federated_Learning\Master-Dataset\master_dataset\ongole\DS10__Ongole_103.png,ongole
95816e7f7939c0c1,D:\Projects\Federated_Learning\Master-Dataset\master_dataset\gaolao\DS02__Ongole_104.png,gaolao
95816e7f7939c0c1,D:\Projects\Federated_Learning\Master-Dataset\master_dataset\ongole\DS02__Ongole_104.png,ongole
95816e7f7939c0c1,D:\Projects\Federated_Learning\Master-Dataset\master_dataset\ongole\DS04__ongole_0017.png,ongole
95816e7f7939c0c1,D:\Projects\Federated_Learning\Master-Dataset\master_dataset\ongole\DS06__Ongole_104.png,ongole
95816e7f7939c0c1,D:\Projects\Federated_Learning\Master-Dataset\master_dataset\ongole\DS10__Ongole_104.png,ongole
da0c6c6c07d31bb3,D:\Projects\Federated_Learning\Master-Dataset\master_dataset\gaolao\DS02__Ongole_105.jpg,gaolao
da0c6c6c07d31bb3,D:\Projects\Federated_Learning\Master-Dataset\master_dataset\ongole\DS02__Ongole_105.jpg,ongole
da0c6c6c07d31bb3,D:\Projects\Federated_Learning\Master-Dataset\master_dataset\ongole\DS04__ongole_0018.jpg,ongole
da0c6c6c07d31bb3,D:\Projects\Federated_Learning\Master-Dataset\master_dataset\ongole\DS10__Ongole_105.jpg,ongole
8dc6ec2627741d71,D:\Projects\Federated_Learning\Master-Dataset\master_dataset\gaolao\DS02__Ongole_107.png,gaolao
8dc6ec2627741d71,D:\Projects\Federated_Learning\Master-Dataset\master_dataset\ongole\DS02__Ongole_107.png,ongole
8dc6ec2627741d71,D:\Projects\Federated_Learning\Master-Dataset\master_dataset\ongole\DS04__ongole_0020.png,ongole
8dc6ec2627741d71,D:\Projects\Federated_Learning\Master-Dataset\master_dataset\ongole\DS06__Ongole_107.png,ongole
8dc6ec2627741d71,D:\Projects\Federated_Learning\Master-Dataset\master_dataset\ongole\DS10__Ongole_107.png,ongole
c2c048e6b7bec2d5,D:\Projects\Federated_Learning\Master-Dataset\master_dataset\gaolao\DS02__Ongole_108.png,gaolao
c2c048e6b7bec2d5,D:\Projects\Federated_Learning\Master-Dataset\master_dataset\ongole\DS02__Ongole_108.png,ongole
c2c048e6b7bec2d5,D:\Projects\Federated_Learning\Master-Dataset\master_dataset\ongole\DS04__ongole_0021.png,ongole
c2c048e6b7bec2d5,D:\Projects\Federated_Learning\Master-Dataset\master_dataset\ongole\DS06__Ongole_108.png,ongole
c2c048e6b7bec2d5,D:\Projects\Federated_Learning\Master-Dataset\master_dataset\ongole\DS10__Ongole_108.png,ongole
d2d6efec64000c7e,D:\Projects\Federated_Learning\Master-Dataset\master_dataset\gaolao\DS02__Ongole_109.png,gaolao
d2d6efec64000c7e,D:\Projects\Federated_Learning\Master-Dataset\master_dataset\ongole\DS02__Ongole_109.png,ongole
d2d6efec64000c7e,D:\Projects\Federated_Learning\Master-Dataset\master_dataset\ongole\DS04__ongole_0022.png,ongole
d2d6efec64000c7e,D:\Projects\Federated_Learning\Master-Dataset\master_dataset\ongole\DS06__Ongole_109.png,ongole
d2d6efec64000c7e,D:\Projects\Federated_Learning\Master-Dataset\master_dataset\ongole\DS10__Ongole_109.png,ongole
86d1a12fef90ba07,D:\Projects\Federated_Learning\Master-Dataset\master_dataset\gaolao\DS02__Ongole_110.jpg,gaolao
86d1a12fef90ba07,D:\Projects\Federated_Learning\Master-Dataset\master_dataset\ongole\DS02__Ongole_110.jpg,ongole
86d1a12fef90ba07,D:\Projects\Federated_Learning\Master-Dataset\master_dataset\ongole\DS04__ongole_0024.jpg,ongole
86d1a12fef90ba07,D:\Projects\Federated_Learning\Master-Dataset\master_dataset\ongole\DS06__Ongole_110.jpg,ongole
86d1a12fef90ba07,D:\Projects\Federated_Learning\Master-Dataset\master_dataset\ongole\DS10__Ongole_110.jpg,ongole
cc433377713931b4,D:\Projects\Federated_Learning\Master-Dataset\master_dataset\gaolao\DS02__Ongole_112.png,gaolao
cc433377713931b4,D:\Projects\Federated_Learning\Master-Dataset\master_dataset\ongole\DS02__Ongole_112.png,ongole
cc433377713931b4,D:\Projects\Federated_Learning\Master-Dataset\master_dataset\ongole\DS04__ongole_0026.png,ongole
cc433377713931b4,D:\Projects\Federated_Learning\Master-Dataset\master_dataset\ongole\DS06__Ongole_112.png,ongole
cc433377713931b4,D:\Projects\Federated_Learning\Master-Dataset\master_dataset\ongole\DS10__Ongole_112.png,ongole
c9ca362537741733,D:\Projects\Federated_Learning\Master-Dataset\master_dataset\gaolao\DS02__Ongole_113.png,gaolao
c9ca362537741733,D:\Projects\Federated_Learning\Master-Dataset\master_dataset\ongole\DS02__Ongole_113.png,ongole
c9ca362537741733,D:\Projects\Federated_Learning\Master-Dataset\master_dataset\ongole\DS04__ongole_0027.png,ongole
c9ca362537741733,D:\Projects\Federated_Learning\Master-Dataset\master_dataset\ongole\DS06__Ongole_113.png,ongole
c9ca362537741733,D:\Projects\Federated_Learning\Master-Dataset\master_dataset\ongole\DS10__Ongole_113.png,ongole
959a3a7040e77667,D:\Projects\Federated_Learning\Master-Dataset\master_dataset\gaolao\DS02__Ongole_114.png,gaolao
959a3a7040e77667,D:\Projects\Federated_Learning\Master-Dataset\master_dataset\ongole\DS02__Ongole_114.png,ongole
959a3a7040e77667,D:\Projects\Federated_Learning\Master-Dataset\master_dataset\ongole\DS04__ongole_0028.png,ongole
959a3a7040e77667,D:\Projects\Federated_Learning\Master-Dataset\master_dataset\ongole\DS10__Ongole_114.png,ongole
c78625252d784ef9,D:\Projects\Federated_Learning\Master-Dataset\master_dataset\gaolao\DS02__Ongole_115.png,gaolao
c78625252d784ef9,D:\Projects\Federated_Learning\Master-Dataset\master_dataset\ongole\DS02__Ongole_115.png,ongole
c78625252d784ef9,D:\Projects\Federated_Learning\Master-Dataset\master_dataset\ongole\DS04__ongole_0029.png,ongole
c78625252d784ef9,D:\Projects\Federated_Learning\Master-Dataset\master_dataset\ongole\DS10__Ongole_115.png,ongole
99cccc3674666633,D:\Projects\Federated_Learning\Master-Dataset\master_dataset\gaolao\DS02__Ongole_117.png,gaolao
99cccc3674666633,D:\Projects\Federated_Learning\Master-Dataset\master_dataset\ongole\DS02__Ongole_117.png,ongole
99cccc3674666633,D:\Projects\Federated_Learning\Master-Dataset\master_dataset\ongole\DS04__ongole_0031.png,ongole
99cccc3674666633,D:\Projects\Federated_Learning\Master-Dataset\master_dataset\ongole\DS06__Ongole_117.png,ongole
99cccc3674666633,D:\Projects\Federated_Learning\Master-Dataset\master_dataset\ongole\DS10__Ongole_117.png,ongole
ccce6c3133333333,D:\Projects\Federated_Learning\Master-Dataset\master_dataset\gaolao\DS02__Ongole_118.png,gaolao
ccce6c3133333333,D:\Projects\Federated_Learning\Master-Dataset\master_dataset\ongole\DS02__Ongole_118.png,ongole
ccce6c3133333333,D:\Projects\Federated_Learning\Master-Dataset\master_dataset\ongole\DS04__ongole_0032.png,ongole
ccce6c3133333333,D:\Projects\Federated_Learning\Master-Dataset\master_dataset\ongole\DS06__Ongole_118.png,ongole
ccce6c3133333333,D:\Projects\Federated_Learning\Master-Dataset\master_dataset\ongole\DS10__Ongole_118.png,ongole
ce99319b64336c99,D:\Projects\Federated_Learning\Master-Dataset\master_dataset\gaolao\DS02__Ongole_119.png,gaolao
ce99319b64336c99,D:\Projects\Federated_Learning\Master-Dataset\master_dataset\ongole\DS02__Ongole_119.png,ongole
ce99319b64336c99,D:\Projects\Federated_Learning\Master-Dataset\master_dataset\ongole\DS04__ongole_0033.png,ongole
ce99319b64336c99,D:\Projects\Federated_Learning\Master-Dataset\master_dataset\ongole\DS10__Ongole_119.png,ongole
d6d6b636724a4a23,D:\Projects\Federated_Learning\Master-Dataset\master_dataset\gaolao\DS02__Ongole_120.jpg,gaolao
d6d6b636724a4a23,D:\Projects\Federated_Learning\Master-Dataset\master_dataset\ongole\DS02__Ongole_120.jpg,ongole
d6d6b636724a4a23,D:\Projects\Federated_Learning\Master-Dataset\master_dataset\ongole\DS02__Ongole_3.jpg,ongole
d6d6b636724a4a23,D:\Projects\Federated_Learning\Master-Dataset\master_dataset\ongole\DS04__ongole_0035.jpg,ongole
d6d6b636724a4a23,D:\Projects\Federated_Learning\Master-Dataset\master_dataset\ongole\DS04__ongole_0126.jpg,ongole
d6d6b636724a4a23,D:\Projects\Federated_Learning\Master-Dataset\master_dataset\ongole\DS06__Ongole_120.jpg,ongole
d6d6b636724a4a23,D:\Projects\Federated_Learning\Master-Dataset\master_dataset\ongole\DS10__Ongole_120.jpg,ongole
d6d6b636724a4a23,D:\Projects\Federated_Learning\Master-Dataset\master_dataset\ongole\DS10__Ongole_3.jpg,ongole
da2f87c5ea5c940a,D:\Projects\Federated_Learning\Master-Dataset\master_dataset\gaolao\DS02__Ongole_163.jpg,gaolao
da2f87c5ea5c940a,D:\Projects\Federated_Learning\Master-Dataset\master_dataset\ghumusari\DS02__Ongole_163.jpg,ghumusari
da2f87c5ea5c940a,D:\Projects\Federated_Learning\Master-Dataset\master_dataset\ongole\DS02__Ongole_163.jpg,ongole
da2f87c5ea5c940a,D:\Projects\Federated_Learning\Master-Dataset\master_dataset\ongole\DS04__ongole_0081.jpg,ongole
da2f87c5ea5c940a,D:\Projects\Federated_Learning\Master-Dataset\master_dataset\ongole\DS06__Ongole_163.jpg,ongole
da2f87c5ea5c940a,D:\Projects\Federated_Learning\Master-Dataset\master_dataset\ongole\DS10__Ongole_163.jpg,ongole
abc3666c0c3c3e78,D:\Projects\Federated_Learning\Master-Dataset\master_dataset\gaolao\DS02__Ongole_164.png,gaolao
abc3666c0c3c3e78,D:\Projects\Federated_Learning\Master-Dataset\master_dataset\ghumusari\DS02__Ongole_164.png,ghumusari
abc3666c0c3c3e78,D:\Projects\Federated_Learning\Master-Dataset\master_dataset\ongole\DS02__Ongole_164.png,ongole
abc3666c0c3c3e78,D:\Projects\Federated_Learning\Master-Dataset\master_dataset\ongole\DS04__ongole_0082.png,ongole
abc3666c0c3c3e78,D:\Projects\Federated_Learning\Master-Dataset\master_dataset\ongole\DS06__Ongole_164.png,ongole
abc3666c0c3c3e78,D:\Projects\Federated_Learning\Master-Dataset\master_dataset\ongole\DS10__Ongole_164.png,ongole
ee6a696c693c1d0c,D:\Projects\Federated_Learning\Master-Dataset\master_dataset\gaolao\DS02__Ongole_165.jpg,gaolao
ee6a696c693c1d0c,D:\Projects\Federated_Learning\Master-Dataset\master_dataset\ghumusari\DS02__Ongole_165.jpg,ghumusari
ee6a696c693c1d0c,D:\Projects\Federated_Learning\Master-Dataset\master_dataset\ongole\DS02__Ongole_165.jpg,ongole
ee6a696c693c1d0c,D:\Projects\Federated_Learning\Master-Dataset\master_dataset\ongole\DS04__ongole_0083.jpg,ongole
ee6a696c693c1d0c,D:\Projects\Federated_Learning\Master-Dataset\master_dataset\ongole\DS06__Ongole_165.jpg,ongole
ee6a696c693c1d0c,D:\Projects\Federated_Learning\Master-Dataset\master_dataset\ongole\DS10__Ongole_165.jpg,ongole
8ad65b5970f86323,D:\Projects\Federated_Learning\Master-Dataset\master_dataset\gaolao\DS02__Ongole_166.jpg,gaolao
8ad65b5970f86323,D:\Projects\Federated_Learning\Master-Dataset\master_dataset\ghumusari\DS02__Ongole_166.jpg,ghumusari
8ad65b5970f86323,D:\Projects\Federated_Learning\Master-Dataset\master_dataset\ongole\DS02__Ongole_166.jpg,ongole
8ad65b5970f86323,D:\Projects\Federated_Learning\Master-Dataset\master_dataset\ongole\DS04__ongole_0084.jpg,ongole
8ad65b5970f86323,D:\Projects\Federated_Learning\Master-Dataset\master_dataset\ongole\DS06__Ongole_166.jpg,ongole
8ad65b5970f86323,D:\Projects\Federated_Learning\Master-Dataset\master_dataset\ongole\DS10__Ongole_166.jpg,ongole
ff8f35f8c0e0d090,D:\Projects\Federated_Learning\Master-Dataset\master_dataset\gaolao\DS02__Ongole_167.png,gaolao
ff8f35f8c0e0d090,D:\Projects\Federated_Learning\Master-Dataset\master_dataset\ghumusari\DS02__Ongole_167.png,ghumusari
ff8f35f8c0e0d090,D:\Projects\Federated_Learning\Master-Dataset\master_dataset\ongole\DS02__Ongole_167.png,ongole
ff8f35f8c0e0d090,D:\Projects\Federated_Learning\Master-Dataset\master_dataset\ongole\DS04__ongole_0085.png,ongole
ff8f35f8c0e0d090,D:\Projects\Federated_Learning\Master-Dataset\master_dataset\ongole\DS06__Ongole_167.png,ongole
ff8f35f8c0e0d090,D:\Projects\Federated_Learning\Master-Dataset\master_dataset\ongole\DS10__Ongole_167.png,ongole
fedb2928cfe68480,D:\Projects\Federated_Learning\Master-Dataset\master_dataset\gaolao\DS02__Ongole_168.jpg,gaolao
fedb2928cfe68480,D:\Projects\Federated_Learning\Master-Dataset\master_dataset\ongole\DS02__Ongole_168.jpg,ongole
fedb2928cfe68480,D:\Projects\Federated_Learning\Master-Dataset\master_dataset\ongole\DS04__ongole_0086.jpg,ongole
fedb2928cfe68480,D:\Projects\Federated_Learning\Master-Dataset\master_dataset\ongole\DS10__Ongole_168.jpg,ongole
e680383b3b3f7823,D:\Projects\Federated_Learning\Master-Dataset\master_dataset\gaolao\DS02__Ongole_169.jpg,gaolao
e680383b3b3f7823,D:\Projects\Federated_Learning\Master-Dataset\master_dataset\ongole\DS02__Ongole_169.jpg,ongole
e680383b3b3f7823,D:\Projects\Federated_Learning\Master-Dataset\master_dataset\ongole\DS04__ongole_0087.jpg,ongole
e680383b3b3f7823,D:\Projects\Federated_Learning\Master-Dataset\master_dataset\ongole\DS06__Ongole_169.jpg,ongole
e680383b3b3f7823,D:\Projects\Federated_Learning\Master-Dataset\master_dataset\ongole\DS10__Ongole_169.jpg,ongole
8fd4a8216a4c5f2f,D:\Projects\Federated_Learning\Master-Dataset\master_dataset\gaolao\DS02__Ongole_170.png,gaolao
8fd4a8216a4c5f2f,D:\Projects\Federated_Learning\Master-Dataset\master_dataset\hariana\DS02__Hariana_30.png,hariana
8fd4a8216a4c5f2f,D:\Projects\Federated_Learning\Master-Dataset\master_dataset\ongole\DS02__Ongole_170.png,ongole
8fd4a8216a4c5f2f,D:\Projects\Federated_Learning\Master-Dataset\master_dataset\ongole\DS04__ongole_0089.png,ongole
8fd4a8216a4c5f2f,D:\Projects\Federated_Learning\Master-Dataset\master_dataset\ongole\DS06__Ongole_170.png,ongole
8fd4a8216a4c5f2f,D:\Projects\Federated_Learning\Master-Dataset\master_dataset\ongole\DS10__Ongole_170.png,ongole
8fd4a8216a4c5f2f,D:\Projects\Federated_Learning\Master-Dataset\master_dataset\tharparkar\DS02__Tharparkar_197.png,tharparkar
8fd4a8216a4c5f2f,D:\Projects\Federated_Learning\Master-Dataset\master_dataset\tharparkar\DS04__tharparkar_0122.png,tharparkar
8fd4a8216a4c5f2f,D:\Projects\Federated_Learning\Master-Dataset\master_dataset\tharparkar\DS06__Tharparkar_197.png,tharparkar
8fd4a8216a4c5f2f,D:\Projects\Federated_Learning\Master-Dataset\master_dataset\tharparkar\DS10__Tharparkar_197.png,tharparkar
c707b318cccf3139,D:\Projects\Federated_Learning\Master-Dataset\master_dataset\gaolao\DS02__Ongole_171.jpg,gaolao
c707b318cccf3139,D:\Projects\Federated_Learning\Master-Dataset\master_dataset\ongole\DS02__Ongole_171.jpg,ongole
c707b318cccf3139,D:\Projects\Federated_Learning\Master-Dataset\master_dataset\ongole\DS04__ongole_0090.jpg,ongole
c707b318cccf3139,D:\Projects\Federated_Learning\Master-Dataset\master_dataset\ongole\DS06__Ongole_171.jpg,ongole
c707b318cccf3139,D:\Projects\Federated_Learning\Master-Dataset\master_dataset\ongole\DS10__Ongole_171.jpg,ongole
9c98e228ccdbd5cc,D:\Projects\Federated_Learning\Master-Dataset\master_dataset\gaolao\DS02__Ongole_172.png,gaolao
9c98e228ccdbd5cc,D:\Projects\Federated_Learning\Master-Dataset\master_dataset\ongole\DS02__Ongole_172.png,ongole
9c98e228ccdbd5cc,D:\Projects\Federated_Learning\Master-Dataset\master_dataset\ongole\DS04__ongole_0091.png,ongole
9c98e228ccdbd5cc,D:\Projects\Federated_Learning\Master-Dataset\master_dataset\ongole\DS06__Ongole_172.png,ongole
9c98e228ccdbd5cc,D:\Projects\Federated_Learning\Master-Dataset\master_dataset\ongole\DS10__Ongole_172.png,ongole
c8c834373b2627be,D:\Projects\Federated_Learning\Master-Dataset\master_dataset\gaolao\DS02__Ongole_73.png,gaolao
c8c834373b2627be,D:\Projects\Federated_Learning\Master-Dataset\master_dataset\ongole\DS02__Ongole_73.png,ongole
c8c834373b2627be,D:\Projects\Federated_Learning\Master-Dataset\master_dataset\ongole\DS04__ongole_0173.png,ongole
c8c834373b2627be,D:\Projects\Federated_Learning\Master-Dataset\master_dataset\ongole\DS10__Ongole_73.png,ongole
c6451b7179393e1c,D:\Projects\Federated_Learning\Master-Dataset\master_dataset\gaolao\DS02__Ongole_74.png,gaolao
c6451b7179393e1c,D:\Projects\Federated_Learning\Master-Dataset\master_dataset\ongole\DS02__Ongole_74.png,ongole
c6451b7179393e1c,D:\Projects\Federated_Learning\Master-Dataset\master_dataset\ongole\DS04__ongole_0174.png,ongole
c6451b7179393e1c,D:\Projects\Federated_Learning\Master-Dataset\master_dataset\ongole\DS10__Ongole_74.png,ongole
9797383b4e48497c,D:\Projects\Federated_Learning\Master-Dataset\master_dataset\gaolao\DS02__Ongole_75.png,gaolao
9797383b4e48497c,D:\Projects\Federated_Learning\Master-Dataset\master_dataset\ongole\DS02__Ongole_75.png,ongole
9797383b4e48497c,D:\Projects\Federated_Learning\Master-Dataset\master_dataset\ongole\DS04__ongole_0175.png,ongole
9797383b4e48497c,D:\Projects\Federated_Learning\Master-Dataset\master_dataset\ongole\DS06__Ongole_75.png,ongole
9797383b4e48497c,D:\Projects\Federated_Learning\Master-Dataset\master_dataset\ongole\DS10__Ongole_75.png,ongole
9f9e1e4f407161a5,D:\Projects\Federated_Learning\Master-Dataset\master_dataset\gaolao\DS02__Ongole_76.png,gaolao
9f9e1e4f407161a5,D:\Projects\Federated_Learning\Master-Dataset\master_dataset\ongole\DS02__Ongole_76.png,ongole
9f9e1e4f407161a5,D:\Projects\Federated_Learning\Master-Dataset\master_dataset\ongole\DS04__ongole_0176.png,ongole
9f9e1e4f407161a5,D:\Projects\Federated_Learning\Master-Dataset\master_dataset\ongole\DS06__Ongole_76.png,ongole
9f9e1e4f407161a5,D:\Projects\Federated_Learning\Master-Dataset\master_dataset\ongole\DS10__Ongole_76.png,ongole
c90b36743ce534f4,D:\Projects\Federated_Learning\Master-Dataset\master_dataset\gaolao\DS02__Ongole_77.png,gaolao
c90b36743ce534f4,D:\Projects\Federated_Learning\Master-Dataset\master_dataset\ongole\DS02__Ongole_77.png,ongole
c90b36743ce534f4,D:\Projects\Federated_Learning\Master-Dataset\master_dataset\ongole\DS04__ongole_0177.png,ongole
c90b36743ce534f4,D:\Projects\Federated_Learning\Master-Dataset\master_dataset\ongole\DS06__Ongole_77.png,ongole
c90b36743ce534f4,D:\Projects\Federated_Learning\Master-Dataset\master_dataset\ongole\DS10__Ongole_77.png,ongole
d90931f62eae0f85,D:\Projects\Federated_Learning\Master-Dataset\master_dataset\gaolao\DS02__Ongole_78.png,gaolao
d90931f62eae0f85,D:\Projects\Federated_Learning\Master-Dataset\master_dataset\ongole\DS02__Ongole_78.png,ongole
d90931f62eae0f85,D:\Projects\Federated_Learning\Master-Dataset\master_dataset\ongole\DS04__ongole_0178.png,ongole
d90931f62eae0f85,D:\Projects\Federated_Learning\Master-Dataset\master_dataset\ongole\DS06__Ongole_78.png,ongole
d90931f62eae0f85,D:\Projects\Federated_Learning\Master-Dataset\master_dataset\ongole\DS10__Ongole_78.png,ongole
f29da2d18fe240a7,D:\Projects\Federated_Learning\Master-Dataset\master_dataset\gaolao\DS02__Ongole_79.jpg,gaolao
f29da2d18fe240a7,D:\Projects\Federated_Learning\Master-Dataset\master_dataset\ongole\DS02__Ongole_79.jpg,ongole
f29da2d18fe240a7,D:\Projects\Federated_Learning\Master-Dataset\master_dataset\ongole\DS03__Ongole_79.jpg,ongole
f29da2d18fe240a7,D:\Projects\Federated_Learning\Master-Dataset\master_dataset\ongole\DS04__ongole_0179.jpg,ongole
f29da2d18fe240a7,D:\Projects\Federated_Learning\Master-Dataset\master_dataset\ongole\DS06__Ongole_79.jpg,ongole
f29da2d18fe240a7,D:\Projects\Federated_Learning\Master-Dataset\master_dataset\ongole\DS10__Ongole_79.jpg,ongole
f29da2d18fe240a7,D:\Projects\Federated_Learning\Master-Dataset\master_dataset\ongole\DS11__Ongole_169.jpg,ongole
ced3362c692d213b,D:\Projects\Federated_Learning\Master-Dataset\master_dataset\gaolao\DS02__Ongole_80.png,gaolao
ced3362c692d213b,D:\Projects\Federated_Learning\Master-Dataset\master_dataset\ongole\DS02__Ongole_80.png,ongole
ced3362c692d213b,D:\Projects\Federated_Learning\Master-Dataset\master_dataset\ongole\DS04__ongole_0181.png,ongole
ced3362c692d213b,D:\Projects\Federated_Learning\Master-Dataset\master_dataset\ongole\DS06__Ongole_80.png,ongole
ced3362c692d213b,D:\Projects\Federated_Learning\Master-Dataset\master_dataset\ongole\DS10__Ongole_80.png,ongole
dfc0e5b534921a9a,D:\Projects\Federated_Learning\Master-Dataset\master_dataset\gaolao\DS02__Ongole_81.png,gaolao
dfc0e5b534921a9a,D:\Projects\Federated_Learning\Master-Dataset\master_dataset\ongole\DS02__Ongole_81.png,ongole
dfc0e5b534921a9a,D:\Projects\Federated_Learning\Master-Dataset\master_dataset\ongole\DS04__ongole_0182.png,ongole
dfc0e5b534921a9a,D:\Projects\Federated_Learning\Master-Dataset\master_dataset\ongole\DS10__Ongole_81.png,ongole
84927a6ecbdb84d8,D:\Projects\Federated_Learning\Master-Dataset\master_dataset\gaolao\DS02__Ongole_Cattle_Oklahoma_State_University.jpg,gaolao
84927a6ecbdb84d8,D:\Projects\Federated_Learning\Master-Dataset\master_dataset\nagori\DS04__nagori_0029.jpg,nagori
84927a6ecbdb84d8,D:\Projects\Federated_Learning\Master-Dataset\master_dataset\nagori\DS06__00000079.jpg,nagori
84927a6ecbdb84d8,D:\Projects\Federated_Learning\Master-Dataset\master_dataset\nagori\DS10__00000079.jpg,nagori
84927a6ecbdb84d8,D:\Projects\Federated_Learning\Master-Dataset\master_dataset\ongole\DS02__Ongole_72.jpg,ongole
84927a6ecbdb84d8,D:\Projects\Federated_Learning\Master-Dataset\master_dataset\ongole\DS04__ongole_0172.jpg,ongole
84927a6ecbdb84d8,D:\Projects\Federated_Learning\Master-Dataset\master_dataset\ongole\DS06__Ongole_72.jpg,ongole
84927a6ecbdb84d8,D:\Projects\Federated_Learning\Master-Dataset\master_dataset\ongole\DS10__Ongole_72.jpg,ongole
c6c6f4d9cb8c6129,D:\Projects\Federated_Learning\Master-Dataset\master_dataset\gaolao\DS02__Welcome_to_insprmcoop_insprmcoop.jpg,gaolao
c6c6f4d9cb8c6129,D:\Projects\Federated_Learning\Master-Dataset\master_dataset\hariana\DS02__Hariana_51.jpg,hariana
8481f0747f6b5c69,D:\Projects\Federated_Learning\Master-Dataset\master_dataset\ghumusari\DS02__image_259x194_39.jpg,ghumusari
8481f0747f6b5c69,D:\Projects\Federated_Learning\Master-Dataset\master_dataset\ongole\DS02__Ongole_10.jpg,ongole
8481f0747f6b5c69,D:\Projects\Federated_Learning\Master-Dataset\master_dataset\ongole\DS04__ongole_0012.jpg,ongole
8481f0747f6b5c69,D:\Projects\Federated_Learning\Master-Dataset\master_dataset\ongole\DS06__Ongole_10.jpg,ongole
8481f0747f6b5c69,D:\Projects\Federated_Learning\Master-Dataset\master_dataset\ongole\DS10__Ongole_10.jpg,ongole
d6f3786d89949292,D:\Projects\Federated_Learning\Master-Dataset\master_dataset\ghumusari\DS02__image_264x191_3.jpg,ghumusari
d6f3786d89949292,D:\Projects\Federated_Learning\Master-Dataset\master_dataset\malvi\DS02__image_265x191_32.jpg,malvi
83237634b95b598d,D:\Projects\Federated_Learning\Master-Dataset\master_dataset\ghumusari\DS02__List_of_Indian_cattle_breeds_-_Wikiwand.jpg,ghumusari
83237634b95b598d,D:\Projects\Federated_Learning\Master-Dataset\master_dataset\kankrej\DS09__kankarej_44.jpg,kankrej
cd4db632a149cc37,D:\Projects\Federated_Learning\Master-Dataset\master_dataset\ghumusari\DS02__Malvi_Ox.jpg,ghumusari
cd4db632a149cc37,D:\Projects\Federated_Learning\Master-Dataset\master_dataset\hariana\DS02__Hariana_104.png,hariana
cd4db632a149cc37,D:\Projects\Federated_Learning\Master-Dataset\master_dataset\kenkatha\DS04__kenkatha_0015.jpeg,kenkatha
cd4db632a149cc37,D:\Projects\Federated_Learning\Master-Dataset\master_dataset\kherigarh\DS04__kherigarh_0012.png,kherigarh
cd4db632a149cc37,D:\Projects\Federated_Learning\Master-Dataset\master_dataset\kherigarh\DS06__00000002.png,kherigarh
cd4db632a149cc37,D:\Projects\Federated_Learning\Master-Dataset\master_dataset\kherigarh\DS10__00000002.png,kherigarh
cd4db632a149cc37,D:\Projects\Federated_Learning\Master-Dataset\master_dataset\malvi\DS04__malvi_0002.jpg,malvi
cd4db632a149cc37,D:\Projects\Federated_Learning\Master-Dataset\master_dataset\malvi\DS04__malvi_0004.jpg,malvi
cd4db632a149cc37,D:\Projects\Federated_Learning\Master-Dataset\master_dataset\malvi\DS04__malvi_0006.jpg,malvi
cd4db632a149cc37,D:\Projects\Federated_Learning\Master-Dataset\master_dataset\malvi\DS04__malvi_0008.jpg,malvi
cd4db632a149cc37,D:\Projects\Federated_Learning\Master-Dataset\master_dataset\malvi\DS04__malvi_0010.jpg,malvi
d41a23656f08ab5f,D:\Projects\Federated_Learning\Master-Dataset\master_dataset\ghumusari\DS02__Ongole_158.jpg,ghumusari
d41a23656f08ab5f,D:\Projects\Federated_Learning\Master-Dataset\master_dataset\ongole\DS02__Ongole_158.jpg,ongole
d41a23656f08ab5f,D:\Projects\Federated_Learning\Master-Dataset\master_dataset\ongole\DS04__ongole_0075.jpg,ongole
d41a23656f08ab5f,D:\Projects\Federated_Learning\Master-Dataset\master_dataset\ongole\DS06__Ongole_158.jpg,ongole
d41a23656f08ab5f,D:\Projects\Federated_Learning\Master-Dataset\master_dataset\ongole\DS10__Ongole_158.jpg,ongole
c773790f13439a1a,D:\Projects\Federated_Learning\Master-Dataset\master_dataset\ghumusari\DS02__Ongole_159.jpg,ghumusari
c773790f13439a1a,D:\Projects\Federated_Learning\Master-Dataset\master_dataset\ongole\DS02__Ongole_159.jpg,ongole
c773790f13439a1a,D:\Projects\Federated_Learning\Master-Dataset\master_dataset\ongole\DS04__ongole_0076.jpg,ongole
c773790f13439a1a,D:\Projects\Federated_Learning\Master-Dataset\master_dataset\ongole\DS10__Ongole_159.jpg,ongole
d0caefafa48015b3,D:\Projects\Federated_Learning\Master-Dataset\master_dataset\ghumusari\DS02__Ongole_160.png,ghumusari
d0caefafa48015b3,D:\Projects\Federated_Learning\Master-Dataset\master_dataset\ongole\DS02__Ongole_160.png,ongole
d0caefafa48015b3,D:\Projects\Federated_Learning\Master-Dataset\master_dataset\ongole\DS04__ongole_0078.png,ongole
d0caefafa48015b3,D:\Projects\Federated_Learning\Master-Dataset\master_dataset\ongole\DS10__Ongole_160.png,ongole
87c368689999769b,D:\Projects\Federated_Learning\Master-Dataset\master_dataset\ghumusari\DS02__Ongole_161.jpg,ghumusari
87c368689999769b,D:\Projects\Federated_Learning\Master-Dataset\master_dataset\ongole\DS02__Ongole_161.jpg,ongole
87c368689999769b,D:\Projects\Federated_Learning\Master-Dataset\master_dataset\ongole\DS04__ongole_0079.jpg,ongole
87c368689999769b,D:\Projects\Federated_Learning\Master-Dataset\master_dataset\ongole\DS06__Ongole_161.jpg,ongole
87c368689999769b,D:\Projects\Federated_Learning\Master-Dataset\master_dataset\ongole\DS10__Ongole_161.jpg,ongole
85907e6303635b7d,D:\Projects\Federated_Learning\Master-Dataset\master_dataset\ghumusari\DS02__Ongole_162.jpg,ghumusari
85907e6303635b7d,D:\Projects\Federated_Learning\Master-Dataset\master_dataset\ongole\DS02__Ongole_162.jpg,ongole
85907e6303635b7d,D:\Projects\Federated_Learning\Master-Dataset\master_dataset\ongole\DS04__ongole_0080.jpg,ongole
85907e6303635b7d,D:\Projects\Federated_Learning\Master-Dataset\master_dataset\ongole\DS06__Ongole_162.jpg,ongole
85907e6303635b7d,D:\Projects\Federated_Learning\Master-Dataset\master_dataset\ongole\DS10__Ongole_162.jpg,ongole
fbbf1fc114d48806,D:\Projects\Federated_Learning\Master-Dataset\master_dataset\gir\DS02__Gir_236.png,gir
fbbf1fc114d48806,D:\Projects\Federated_Learning\Master-Dataset\master_dataset\red-sindhi\DS02__Red_Sindhi_65.png,red-sindhi
fbbf1fc114d48806,D:\Projects\Federated_Learning\Master-Dataset\master_dataset\red-sindhi\DS04__red_sindhi_0135.png,red-sindhi
fbbf1fc114d48806,D:\Projects\Federated_Learning\Master-Dataset\master_dataset\red-sindhi\DS06__Red_Sindhi_65.png,red-sindhi
fbbf1fc114d48806,D:\Projects\Federated_Learning\Master-Dataset\master_dataset\red-sindhi\DS10__Red_Sindhi_65.png,red-sindhi
ae92c0693be66c1b,D:\Projects\Federated_Learning\Master-Dataset\master_dataset\gir\DS02__Gir_29.jpg,gir
ae92c0693be66c1b,D:\Projects\Federated_Learning\Master-Dataset\master_dataset\kankrej\DS02__Kankrej_89.jpg,kankrej
c330996b6ec0b6e9,D:\Projects\Federated_Learning\Master-Dataset\master_dataset\gir\DS02__Gir_296.jpg,gir
c330996b6ec0b6e9,D:\Projects\Federated_Learning\Master-Dataset\master_dataset\red-kandhari\DS02__image_290x174_31.jpg,red-kandhari
bc158484d8d4efe3,D:\Projects\Federated_Learning\Master-Dataset\master_dataset\gir\DS02__Gir_333.jpg,gir
bc158484d8d4efe3,D:\Projects\Federated_Learning\Master-Dataset\master_dataset\red-sindhi\DS02__Red_Sindhi_105.jpg,red-sindhi
bc158484d8d4efe3,D:\Projects\Federated_Learning\Master-Dataset\master_dataset\red-sindhi\DS04__red_sindhi_0014.jpg,red-sindhi
bc158484d8d4efe3,D:\Projects\Federated_Learning\Master-Dataset\master_dataset\red-sindhi\DS06__Red_Sindhi_105.jpg,red-sindhi
bc158484d8d4efe3,D:\Projects\Federated_Learning\Master-Dataset\master_dataset\red-sindhi\DS10__Red_Sindhi_105.jpg,red-sindhi
d0a42b3acde5b2c3,D:\Projects\Federated_Learning\Master-Dataset\master_dataset\gir\DS02__Gir_70.png,gir
d0a42b3acde5b2c3,D:\Projects\Federated_Learning\Master-Dataset\master_dataset\krishna-valley\DS02__Krishna_Valley_78.jpg,krishna-valley
d0a42b3acde5b2c3,D:\Projects\Federated_Learning\Master-Dataset\master_dataset\krishna-valley\DS04__krishna_valley_0127.jpg,krishna-valley
d0a42b3acde5b2c3,D:\Projects\Federated_Learning\Master-Dataset\master_dataset\krishna-valley\DS10__Krishna_Valley_78.jpg,krishna-valley
d0a42b3acde5b2c3,D:\Projects\Federated_Learning\Master-Dataset\master_dataset\luit\DS01__Breeds_of_cattle_buffalo_Agriculture (5).jpg,luit
d0a42b3acde5b2c3,D:\Projects\Federated_Learning\Master-Dataset\master_dataset\nagpuri\DS01__Breeds_of_cattle_buffalo_Agriculture.jpg,nagpuri
d0a42b3acde5b2c3,D:\Projects\Federated_Learning\Master-Dataset\master_dataset\nagpuri\DS04__nagpuri_0035.png,nagpuri
d0a42b3acde5b2c3,D:\Projects\Federated_Learning\Master-Dataset\master_dataset\nagpuri\DS06__Nagpuri_122.png,nagpuri
d0a42b3acde5b2c3,D:\Projects\Federated_Learning\Master-Dataset\master_dataset\nagpuri\DS10__Nagpuri_122.png,nagpuri
d0a42b3acde5b2c3,D:\Projects\Federated_Learning\Master-Dataset\master_dataset\red-dane\DS04__red_dane_0130.jpg,red-dane
d0a42b3acde5b2c3,D:\Projects\Federated_Learning\Master-Dataset\master_dataset\red-dane\DS06__Red_Dane_65.jpg,red-dane
d0a42b3acde5b2c3,D:\Projects\Federated_Learning\Master-Dataset\master_dataset\red-dane\DS10__Red_Dane_65.jpg,red-dane
ea3738e8f49129c3,D:\Projects\Federated_Learning\Master-Dataset\master_dataset\gir\DS02__Gir_80.jpg,gir
ea3738e8f49129c3,D:\Projects\Federated_Learning\Master-Dataset\master_dataset\krishna-valley\DS02__Krishna_Valley_39.jpg,krishna-valley
ea3738e8f49129c3,D:\Projects\Federated_Learning\Master-Dataset\master_dataset\krishna-valley\DS04__krishna_valley_0084.jpg,krishna-valley
ea3738e8f49129c3,D:\Projects\Federated_Learning\Master-Dataset\master_dataset\krishna-valley\DS10__Krishna_Valley_39.jpg,krishna-valley
da2ebf1af00c9427,D:\Projects\Federated_Learning\Master-Dataset\master_dataset\gir\DS02__Gir_90.jpg,gir
da2ebf1af00c9427,D:\Projects\Federated_Learning\Master-Dataset\master_dataset\red-kandhari\DS02__image_280x180_33.jpg,red-kandhari
da2ebf1af00c9427,D:\Projects\Federated_Learning\Master-Dataset\master_dataset\red-kandhari\DS02__image_280x180_58.jpg,red-kandhari
fb3e44e1285815cf,D:\Projects\Federated_Learning\Master-Dataset\master_dataset\gir\DS03__Gir_147.jpg,gir
fb3e44e1285815cf,D:\Projects\Federated_Learning\Master-Dataset\master_dataset\red-sindhi\DS03__Red_Sindhi_145.jpg,red-sindhi
ac1453ef2e8053b7,D:\Projects\Federated_Learning\Master-Dataset\master_dataset\gir\DS03__Gir_231.jpg,gir
ac1453ef2e8053b7,D:\Projects\Federated_Learning\Master-Dataset\master_dataset\rathi\DS03__00000200.jpg,rathi
fbaf15c0602cea2b,D:\Projects\Federated_Learning\Master-Dataset\master_dataset\gir\DS03__Gir_236.png,gir
fbaf15c0602cea2b,D:\Projects\Federated_Learning\Master-Dataset\master_dataset\red-sindhi\DS03__Red_Sindhi_65.png,red-sindhi
bc9502e27b7b8583,D:\Projects\Federated_Learning\Master-Dataset\master_dataset\gir\DS03__Gir_333.jpg,gir
bc9502e27b7b8583,D:\Projects\Federated_Learning\Master-Dataset\master_dataset\red-sindhi\DS03__Red_Sindhi_105.jpg,red-sindhi
c53e38e8f0912dc7,D:\Projects\Federated_Learning\Master-Dataset\master_dataset\gir\DS03__Gir_80.jpg,gir
c53e38e8f0912dc7,D:\Projects\Federated_Learning\Master-Dataset\master_dataset\krishna-valley\DS03__Krishna_Valley_39.jpg,krishna-valley
bfccc053cc666b28,D:\Projects\Federated_Learning\Master-Dataset\master_dataset\gir\DS04__gir_0001.jpg,gir
bfccc053cc666b28,D:\Projects\Federated_Learning\Master-Dataset\master_dataset\red-kandhari\DS02__image_275x183_16.jpg,red-kandhari
afebdad2c0a5a2c0,D:\Projects\Federated_Learning\Master-Dataset\master_dataset\gir\DS04__gir_0176.jpg,gir
afebdad2c0a5a2c0,D:\Projects\Federated_Learning\Master-Dataset\master_dataset\red-sindhi\DS03__Red_Sindhi_146.jpg,red-sindhi
afebdad2c0a5a2c0,D:\Projects\Federated_Learning\Master-Dataset\master_dataset\red-sindhi\DS04__red_sindhi_0058.jpg,red-sindhi
afebdad2c0a5a2c0,D:\Projects\Federated_Learning\Master-Dataset\master_dataset\red-sindhi\DS06__Red_Sindhi_146.jpg,red-sindhi
afebdad2c0a5a2c0,D:\Projects\Federated_Learning\Master-Dataset\master_dataset\red-sindhi\DS10__Red_Sindhi_146.jpg,red-sindhi
afebdad2c0a5a2c0,D:\Projects\Federated_Learning\Master-Dataset\master_dataset\red-sindhi\DS11__Red_Sindhi_052.jpg,red-sindhi
afebdad2c0a5a2c0,D:\Projects\Federated_Learning\Master-Dataset\master_dataset\vechur\DS02__00000292.jpg,vechur
afebdad2c0a5a2c0,D:\Projects\Federated_Learning\Master-Dataset\master_dataset\vechur\DS03__00000292.jpg,vechur
afebdad2c0a5a2c0,D:\Projects\Federated_Learning\Master-Dataset\master_dataset\vechur\DS04__vechur_0084.jpg,vechur
afebdad2c0a5a2c0,D:\Projects\Federated_Learning\Master-Dataset\master_dataset\vechur\DS06__00000292.jpg,vechur
afebdad2c0a5a2c0,D:\Projects\Federated_Learning\Master-Dataset\master_dataset\vechur\DS10__00000292.jpg,vechur
afebdad2c0a5a2c0,D:\Projects\Federated_Learning\Master-Dataset\master_dataset\vechur\DS11__Vechur_074.jpg,vechur
ac14537fad4c9163,D:\Projects\Federated_Learning\Master-Dataset\master_dataset\gir\DS04__gir_0381.jpg,gir
ac14537fad4c9163,D:\Projects\Federated_Learning\Master-Dataset\master_dataset\rathi\DS02__00000200.jpg,rathi
ac14537fad4c9163,D:\Projects\Federated_Learning\Master-Dataset\master_dataset\rathi\DS04__rathi_0076.jpg,rathi
ac14537fad4c9163,D:\Projects\Federated_Learning\Master-Dataset\master_dataset\rathi\DS10__00000200.jpg,rathi
d52a6493760b137d,D:\Projects\Federated_Learning\Master-Dataset\master_dataset\gir\DS05__download_jpeg.rf.293f9534a2526408891836b861a1a7ae.jpg,gir
d52a6493760b137d,D:\Projects\Federated_Learning\Master-Dataset\master_dataset\jaffarabadi\DS01__Chaudhary_Dairy_Farm_in_Mahesana_.jpg,jaffarabadi
fb3ec4e1a858958a,D:\Projects\Federated_Learning\Master-Dataset\master_dataset\gir\DS11__Gir_054.jpg,gir
fb3ec4e1a858958a,D:\Projects\Federated_Learning\Master-Dataset\master_dataset\red-sindhi\DS11__Red_Sindhi_051.jpg,red-sindhi
a5a18142de7df515,D:\Projects\Federated_Learning\Master-Dataset\master_dataset\gir\DS11__Gir_074.jpg,gir
a5a18142de7df515,D:\Projects\Federated_Learning\Master-Dataset\master_dataset\sahiwal\DS11__Sahiwal_340.jpg,sahiwal
a3b3dc93366c8391,D:\Projects\Federated_Learning\Master-Dataset\master_dataset\gojri\DS01__image_195x259_17.jpg,gojri
a3b3dc93366c8391,D:\Projects\Federated_Learning\Master-Dataset\master_dataset\jaffarabadi\DS01___-Buffalo_Buy-Sell (5).jpg,jaffarabadi
f564aa0bf1f11417,D:\Projects\Federated_Learning\Master-Dataset\master_dataset\gojri\DS01__image_217x149_64.jpg,gojri
f564aa0bf1f11417,D:\Projects\Federated_Learning\Master-Dataset\master_dataset\nagpuri\DS01__Indigenous_Buffalo_Breeds_-_Quiz_.jpg,nagpuri
f564aa0bf1f11417,D:\Projects\Federated_Learning\Master-Dataset\master_dataset\nagpuri\DS04__nagpuri_0166.png,nagpuri
f564aa0bf1f11417,D:\Projects\Federated_Learning\Master-Dataset\master_dataset\nagpuri\DS06__Nagpuri_69.png,nagpuri
f564aa0bf1f11417,D:\Projects\Federated_Learning\Master-Dataset\master_dataset\nagpuri\DS10__Nagpuri_69.png,nagpuri
fa54d7e324319436,D:\Projects\Federated_Learning\Master-Dataset\master_dataset\gojri\DS01__image_250x188_47.jpg,gojri
fa54d7e324319436,D:\Projects\Federated_Learning\Master-Dataset\master_dataset\nagpuri\DS01__image_250x188_20.jpg,nagpuri
fb6cc4834a6edb40,D:\Projects\Federated_Learning\Master-Dataset\master_dataset\gojri\DS01__image_259x194_42.jpg,gojri
fb6cc4834a6edb40,D:\Projects\Federated_Learning\Master-Dataset\master_dataset\nili-ravi\DS01__image_259x194_11.jpg,nili-ravi
af49c3343cc5e474,D:\Projects\Federated_Learning\Master-Dataset\master_dataset\gojri\DS01__image_273x184_39.jpg,gojri
af49c3343cc5e474,D:\Projects\Federated_Learning\Master-Dataset\master_dataset\nagpuri\DS01__image_273x184_53.jpg,nagpuri
fce84304b43d4d76,D:\Projects\Federated_Learning\Master-Dataset\master_dataset\gojri\DS01__image_275x183_37.jpg,gojri
fce84304b43d4d76,D:\Projects\Federated_Learning\Master-Dataset\master_dataset\surti\DS01__image_275x183_1 (2).jpg,surti
c667312b4a7ab334,D:\Projects\Federated_Learning\Master-Dataset\master_dataset\gojri\DS01__image_287x176_61.jpg,gojri
c667312b4a7ab334,D:\Projects\Federated_Learning\Master-Dataset\master_dataset\kalahandi\DS01__image_286x176_1.jpg,kalahandi
9fc880f1b36a63ac,D:\Projects\Federated_Learning\Master-Dataset\master_dataset\gojri\DS01__image_300x168_25.jpg,gojri
9fc880f1b36a63ac,D:\Projects\Federated_Learning\Master-Dataset\master_dataset\marathwadi\DS01__image_300x168_49.jpg,marathwadi
accdc584764b8f34,D:\Projects\Federated_Learning\Master-Dataset\master_dataset\gojri\DS01__image_300x168_52.jpg,gojri
accdc584764b8f34,D:\Projects\Federated_Learning\Master-Dataset\master_dataset\nagpuri\DS01__image_300x168_37.jpg,nagpuri
ec4ad335256b9a70,D:\Projects\Federated_Learning\Master-Dataset\master_dataset\gojri\DS01__Visually_searched_image (4).jpg,gojri
ec4ad335256b9a70,D:\Projects\Federated_Learning\Master-Dataset\master_dataset\marathwadi\DS01__image_251x201_2.jpg,marathwadi
94906b6b3cd84ed5,D:\Projects\Federated_Learning\Master-Dataset\master_dataset\guernsey\DS03__Guernsey_28.jpg,guernsey
94906b6b3cd84ed5,D:\Projects\Federated_Learning\Master-Dataset\master_dataset\holstein-friesian\DS03__Holstein_Friesian_210.jpg,holstein-friesian
d9ca26372dd95a22,D:\Projects\Federated_Learning\Master-Dataset\master_dataset\guernsey\DS03__Guernsey_61.jpg,guernsey
d9ca26372dd95a22,D:\Projects\Federated_Learning\Master-Dataset\master_dataset\red-dane\DS03__Red_Dane_148.jpg,red-dane
cc11316f1fc6dcb0,D:\Projects\Federated_Learning\Master-Dataset\master_dataset\guernsey\DS03__Guernsey_90.jpg,guernsey
cc11316f1fc6dcb0,D:\Projects\Federated_Learning\Master-Dataset\master_dataset\red-dane\DS03__Red_Dane_21.jpg,red-dane
94946b2b316a6b6b,D:\Projects\Federated_Learning\Master-Dataset\master_dataset\guernsey\DS04__guernsey_0166.jpg,guernsey
94946b2b316a6b6b,D:\Projects\Federated_Learning\Master-Dataset\master_dataset\holstein-friesian\DS04__holstein-friesian_0363.jpg,holstein-friesian
d9ca263625dd52d2,D:\Projects\Federated_Learning\Master-Dataset\master_dataset\guernsey\DS04__guernsey_0203.jpg,guernsey
d9ca263625dd52d2,D:\Projects\Federated_Learning\Master-Dataset\master_dataset\red-dane\DS04__red_dane_0055.jpg,red-dane
d9ca263625dd52d2,D:\Projects\Federated_Learning\Master-Dataset\master_dataset\red-dane\DS06__Red_Dane_148.jpg,red-dane
d9ca263625dd52d2,D:\Projects\Federated_Learning\Master-Dataset\master_dataset\red-dane\DS10__Red_Dane_148.jpg,red-dane
c411607d334fbace,D:\Projects\Federated_Learning\Master-Dataset\master_dataset\guernsey\DS04__guernsey_0235.jpg,guernsey
c411607d334fbace,D:\Projects\Federated_Learning\Master-Dataset\master_dataset\red-dane\DS04__red_dane_0082.jpg,red-dane
c411607d334fbace,D:\Projects\Federated_Learning\Master-Dataset\master_dataset\red-dane\DS06__Red_Dane_21.jpg,red-dane
c411607d334fbace,D:\Projects\Federated_Learning\Master-Dataset\master_dataset\red-dane\DS10__Red_Dane_21.jpg,red-dane
d9caa634add9d222,D:\Projects\Federated_Learning\Master-Dataset\master_dataset\guernsey\DS11__Guernsey_078.jpg,guernsey
d9caa634add9d222,D:\Projects\Federated_Learning\Master-Dataset\master_dataset\red-dane\DS11__Red_Dane_055.jpg,red-dane
d1c53e3acee4c581,D:\Projects\Federated_Learning\Master-Dataset\master_dataset\hallikar\DS02__Hallikar_108.png,hallikar
d1c53e3acee4c581,D:\Projects\Federated_Learning\Master-Dataset\master_dataset\nagpuri\DS04__nagpuri_0126.png,nagpuri
d1c53e3acee4c581,D:\Projects\Federated_Learning\Master-Dataset\master_dataset\nagpuri\DS06__Nagpuri_30.png,nagpuri
d1c53e3acee4c581,D:\Projects\Federated_Learning\Master-Dataset\master_dataset\nagpuri\DS10__Nagpuri_30.png,nagpuri
855578e8898bd6f1,D:\Projects\Federated_Learning\Master-Dataset\master_dataset\hallikar\DS02__Hallikar_62.jpg,hallikar
855578e8898bd6f1,D:\Projects\Federated_Learning\Master-Dataset\master_dataset\malvi\DS02__image_201x250_66.jpg,malvi
afc43039dc8fc331,D:\Projects\Federated_Learning\Master-Dataset\master_dataset\hallikar\DS02__Hallikar_66.png,hallikar
afc43039dc8fc331,D:\Projects\Federated_Learning\Master-Dataset\master_dataset\malvi\DS02__image_245x206_34.jpg,malvi
cb0a14f56b0a9cdd,D:\Projects\Federated_Learning\Master-Dataset\master_dataset\hallikar\DS03__Hallikar_104.jpg,hallikar
cb0a14f56b0a9cdd,D:\Projects\Federated_Learning\Master-Dataset\master_dataset\umblachery\DS03__Umblachery_64.jpg,umblachery
c1c53f3bcec4c485,D:\Projects\Federated_Learning\Master-Dataset\master_dataset\hallikar\DS03__Hallikar_108.png,hallikar
c1c53f3bcec4c485,D:\Projects\Federated_Learning\Master-Dataset\master_dataset\nagpuri\DS03__Nagpuri_30.png,nagpuri
d0872f7ac6d43913,D:\Projects\Federated_Learning\Master-Dataset\master_dataset\hallikar\DS03__Hallikar_51.png,hallikar
d0872f7ac6d43913,D:\Projects\Federated_Learning\Master-Dataset\master_dataset\nagpuri\DS03__Nagpuri_185.png,nagpuri
cb0a94f5e3632c1e,D:\Projects\Federated_Learning\Master-Dataset\master_dataset\hallikar\DS04__hallikar_0040.jpg,hallikar
cb0a94f5e3632c1e,D:\Projects\Federated_Learning\Master-Dataset\master_dataset\umblachery\DS02__Umblachery_64.jpg,umblachery
cb0a94f5e3632c1e,D:\Projects\Federated_Learning\Master-Dataset\master_dataset\umblachery\DS04__umblachery_0071.jpg,umblachery
cb0a94f5e3632c1e,D:\Projects\Federated_Learning\Master-Dataset\master_dataset\umblachery\DS06__Umblachery_64.jpg,umblachery
cb0a94f5e3632c1e,D:\Projects\Federated_Learning\Master-Dataset\master_dataset\umblachery\DS10__Umblachery_64.jpg,umblachery
96c520626b9ecdad,D:\Projects\Federated_Learning\Master-Dataset\master_dataset\hallikar\DS04__hallikar_0096.jpg,hallikar
96c520626b9ecdad,D:\Projects\Federated_Learning\Master-Dataset\master_dataset\kherigarh\DS02__image_245x206_2.jpg,kherigarh
96c520626b9ecdad,D:\Projects\Federated_Learning\Master-Dataset\master_dataset\krishna-valley\DS02__Krishna_Valley_37.jpg,krishna-valley
96c520626b9ecdad,D:\Projects\Federated_Learning\Master-Dataset\master_dataset\krishna-valley\DS04__krishna_valley_0082.jpg,krishna-valley
96c520626b9ecdad,D:\Projects\Federated_Learning\Master-Dataset\master_dataset\krishna-valley\DS06__Krishna_Valley_37.jpg,krishna-valley
96c520626b9ecdad,D:\Projects\Federated_Learning\Master-Dataset\master_dataset\krishna-valley\DS10__Krishna_Valley_37.jpg,krishna-valley
ebc43f3acac4c485,D:\Projects\Federated_Learning\Master-Dataset\master_dataset\hallikar\DS11__Hallikar_011.jpg,hallikar
ebc43f3acac4c485,D:\Projects\Federated_Learning\Master-Dataset\master_dataset\nagpuri\DS11__Nagpuri_116.jpg,nagpuri
9ec5e06aea9cd4a1,D:\Projects\Federated_Learning\Master-Dataset\master_dataset\hallikar\DS11__Hallikar_076.jpg,hallikar
9ec5e06aea9cd4a1,D:\Projects\Federated_Learning\Master-Dataset\master_dataset\krishna-valley\DS11__Krishna_Valley_068.jpg,krishna-valley
cd90246a2f9f6996,D:\Projects\Federated_Learning\Master-Dataset\master_dataset\hariana\DS02__Hariana_108.jpg,hariana
cd90246a2f9f6996,D:\Projects\Federated_Learning\Master-Dataset\master_dataset\tharparkar\DS02__Tharparkar_210.jpg,tharparkar
cd90246a2f9f6996,D:\Projects\Federated_Learning\Master-Dataset\master_dataset\tharparkar\DS04__tharparkar_0138.jpg,tharparkar
cd90246a2f9f6996,D:\Projects\Federated_Learning\Master-Dataset\master_dataset\tharparkar\DS05__tharparkar-1_jpg.rf.f1295c966f286837c2c53af660d82762.jpg,tharparkar
cd90246a2f9f6996,D:\Projects\Federated_Learning\Master-Dataset\master_dataset\tharparkar\DS05__tharparkar-1_rot0_b0_8_jpg.rf.186802a21b6430ca5652dfc5f7c7ce09.jpg,tharparkar
cd90246a2f9f6996,D:\Projects\Federated_Learning\Master-Dataset\master_dataset\tharparkar\DS05__tharparkar-1_rot0_b1_0_jpg.rf.f0403d2bb41131e5882f8b5e82df8b36.jpg,tharparkar
cd90246a2f9f6996,D:\Projects\Federated_Learning\Master-Dataset\master_dataset\tharparkar\DS10__Tharparkar_210.jpg,tharparkar
ba0f95e2eed46061,D:\Projects\Federated_Learning\Master-Dataset\master_dataset\hariana\DS02__Hariana_118.jpg,hariana
ba0f95e2eed46061,D:\Projects\Federated_Learning\Master-Dataset\master_dataset\malvi\DS02__image_255x198_33.jpg,malvi
c86d363296cdc9d8,D:\Projects\Federated_Learning\Master-Dataset\master_dataset\hariana\DS02__Hariana_119.jpg,hariana
c86d363296cdc9d8,D:\Projects\Federated_Learning\Master-Dataset\master_dataset\krishna-valley\DS02__Krishna_Valley_106.jpg,krishna-valley
c86d363296cdc9d8,D:\Projects\Federated_Learning\Master-Dataset\master_dataset\krishna-valley\DS04__krishna_valley_0023.jpg,krishna-valley
c86d363296cdc9d8,D:\Projects\Federated_Learning\Master-Dataset\master_dataset\krishna-valley\DS06__Krishna_Valley_106.jpg,krishna-valley
c86d363296cdc9d8,D:\Projects\Federated_Learning\Master-Dataset\master_dataset\krishna-valley\DS10__Krishna_Valley_106.jpg,krishna-valley
9676652c9e9c1cca,D:\Projects\Federated_Learning\Master-Dataset\master_dataset\hariana\DS02__Hariana_121.jpg,hariana
9676652c9e9c1cca,D:\Projects\Federated_Learning\Master-Dataset\master_dataset\shweta-kapila\DS02__image_212x238_22.jpg,shweta-kapila
d40e2f2b39f4c4c6,D:\Projects\Federated_Learning\Master-Dataset\master_dataset\hariana\DS02__Hariana_3.JPG,hariana
d40e2f2b39f4c4c6,D:\Projects\Federated_Learning\Master-Dataset\master_dataset\nagori\DS04__nagori_0025.jpg,nagori
d40e2f2b39f4c4c6,D:\Projects\Federated_Learning\Master-Dataset\master_dataset\nagori\DS06__00000060.JPG,nagori
d40e2f2b39f4c4c6,D:\Projects\Federated_Learning\Master-Dataset\master_dataset\nagori\DS10__00000060.JPG,nagori
b64403c33eece70b,D:\Projects\Federated_Learning\Master-Dataset\master_dataset\hariana\DS02__Hariana_4.JPG,hariana
b64403c33eece70b,D:\Projects\Federated_Learning\Master-Dataset\master_dataset\kankrej\DS09__kankarej_13.jpg,kankrej
e3e3961c1c6a62e3,D:\Projects\Federated_Learning\Master-Dataset\master_dataset\hariana\DS02__Hariana_73.jpg,hariana
e3e3961c1c6a62e3,D:\Projects\Federated_Learning\Master-Dataset\master_dataset\kenkatha\DS04__kenkatha_0028.jpg,kenkatha
c5517a6e5b09898f,D:\Projects\Federated_Learning\Master-Dataset\master_dataset\hariana\DS02__Hariana_98.jpg,hariana
c5517a6e5b09898f,D:\Projects\Federated_Learning\Master-Dataset\master_dataset\khillari\DS02__Khillari_6.jpg,khillari
c5517a6e5b09898f,D:\Projects\Federated_Learning\Master-Dataset\master_dataset\khillari\DS04__khillar_0086.jpg,khillari
c5517a6e5b09898f,D:\Projects\Federated_Learning\Master-Dataset\master_dataset\khillari\DS06__Khillari_6.jpg,khillari
c5517a6e5b09898f,D:\Projects\Federated_Learning\Master-Dataset\master_dataset\khillari\DS10__Khillari_6.jpg,khillari
c5517a6e5b09898f,D:\Projects\Federated_Learning\Master-Dataset\master_dataset\krishna-valley\DS02__Krishna_Valley_88.jpg,krishna-valley
c5517a6e5b09898f,D:\Projects\Federated_Learning\Master-Dataset\master_dataset\krishna-valley\DS04__krishna_valley_0138.jpg,krishna-valley
c5517a6e5b09898f,D:\Projects\Federated_Learning\Master-Dataset\master_dataset\krishna-valley\DS10__Krishna_Valley_88.jpg,krishna-valley
c5517a6e5b09898f,D:\Projects\Federated_Learning\Master-Dataset\master_dataset\ongole\DS02__Ongole_68.jpg,ongole
c5517a6e5b09898f,D:\Projects\Federated_Learning\Master-Dataset\master_dataset\ongole\DS04__ongole_0167.jpg,ongole
c5517a6e5b09898f,D:\Projects\Federated_Learning\Master-Dataset\master_dataset\ongole\DS06__Ongole_68.jpg,ongole
c5517a6e5b09898f,D:\Projects\Federated_Learning\Master-Dataset\master_dataset\ongole\DS10__Ongole_68.jpg,ongole
ed8502321f0d9f5e,D:\Projects\Federated_Learning\Master-Dataset\master_dataset\hariana\DS03__Hariana_101.png,hariana
ed8502321f0d9f5e,D:\Projects\Federated_Learning\Master-Dataset\master_dataset\tharparkar\DS03__Tharparkar_98.png,tharparkar
cd4d32b249cdce32,D:\Projects\Federated_Learning\Master-Dataset\master_dataset\hariana\DS03__Hariana_104.png,hariana
cd4d32b249cdce32,D:\Projects\Federated_Learning\Master-Dataset\master_dataset\kherigarh\DS03__00000002.png,kherigarh
cd95236b1b9fd060,D:\Projects\Federated_Learning\Master-Dataset\master_dataset\hariana\DS03__Hariana_108.jpg,hariana
cd95236b1b9fd060,D:\Projects\Federated_Learning\Master-Dataset\master_dataset\tharparkar\DS03__Tharparkar_210.jpg,tharparkar
85c0fa2eab29acec,D:\Projects\Federated_Learning\Master-Dataset\master_dataset\hariana\DS03__Hariana_16.jpg,hariana
85c0fa2eab29acec,D:\Projects\Federated_Learning\Master-Dataset\master_dataset\tharparkar\DS02__Tharparkar_208.jpg,tharparkar
85c0fa2eab29acec,D:\Projects\Federated_Learning\Master-Dataset\master_dataset\tharparkar\DS03__Tharparkar_208.jpg,tharparkar
85c0fa2eab29acec,D:\Projects\Federated_Learning\Master-Dataset\master_dataset\tharparkar\DS04__tharparkar_0135.jpg,tharparkar
85c0fa2eab29acec,D:\Projects\Federated_Learning\Master-Dataset\master_dataset\tharparkar\DS06__Tharparkar_208.jpg,tharparkar
85c0fa2eab29acec,D:\Projects\Federated_Learning\Master-Dataset\master_dataset\tharparkar\DS10__Tharparkar_208.jpg,tharparkar
9cce63711d8a70e5,D:\Projects\Federated_Learning\Master-Dataset\master_dataset\hariana\DS03__Hariana_29.jpg,hariana
9cce63711d8a70e5,D:\Projects\Federated_Learning\Master-Dataset\master_dataset\kenkatha\DS03__00000171.jpg,kenkatha
9cce63711d8a70e5,D:\Projects\Federated_Learning\Master-Dataset\master_dataset\nagori\DS03__00000023.jpg,nagori
9cce63711d8a70e5,D:\Projects\Federated_Learning\Master-Dataset\master_dataset\ongole\DS03__Ongole_12.jpg,ongole
9cce63711d8a70e5,D:\Projects\Federated_Learning\Master-Dataset\master_dataset\tharparkar\DS03__Tharparkar_14.jpeg,tharparkar
d40e2bb370d4ce2b,D:\Projects\Federated_Learning\Master-Dataset\master_dataset\hariana\DS03__Hariana_3.JPG,hariana
d40e2bb370d4ce2b,D:\Projects\Federated_Learning\Master-Dataset\master_dataset\nagori\DS03__00000060.JPG,nagori
8fdc682377de9480,D:\Projects\Federated_Learning\Master-Dataset\master_dataset\hariana\DS03__Hariana_30.png,hariana
8fdc682377de9480,D:\Projects\Federated_Learning\Master-Dataset\master_dataset\ongole\DS03__Ongole_170.png,ongole
8fdc682377de9480,D:\Projects\Federated_Learning\Master-Dataset\master_dataset\tharparkar\DS03__Tharparkar_197.png,tharparkar
b6464b9a7c3cc153,D:\Projects\Federated_Learning\Master-Dataset\master_dataset\hariana\DS03__Hariana_4.JPG,hariana
b6464b9a7c3cc153,D:\Projects\Federated_Learning\Master-Dataset\master_dataset\kankrej\DS03__Kankrej_3.JPG,kankrej
b6464b9a7c3cc153,D:\Projects\Federated_Learning\Master-Dataset\master_dataset\krishna-valley\DS03__Krishna_Valley_2.jpg,krishna-valley
ebe3171c48636317,D:\Projects\Federated_Learning\Master-Dataset\master_dataset\hariana\DS03__Hariana_73.jpg,hariana
ebe3171c48636317,D:\Projects\Federated_Learning\Master-Dataset\master_dataset\kenkatha\DS03__00000114.jpg,kenkatha
df0f2af16854172a,D:\Projects\Federated_Learning\Master-Dataset\master_dataset\hariana\DS03__Hariana_80.jpg,hariana
df0f2af16854172a,D:\Projects\Federated_Learning\Master-Dataset\master_dataset\kherigarh\DS03__00000049.jpg,kherigarh
df0f2af16854172a,D:\Projects\Federated_Learning\Master-Dataset\master_dataset\tharparkar\DS03__Tharparkar_53.jpg,tharparkar
96724a7669de0b43,D:\Projects\Federated_Learning\Master-Dataset\master_dataset\hariana\DS03__Hariana_84.jpg,hariana
96724a7669de0b43,D:\Projects\Federated_Learning\Master-Dataset\master_dataset\nagpuri\DS03__Nagpuri_140.jpg,nagpuri
c5557a2e019196f7,D:\Projects\Federated_Learning\Master-Dataset\master_dataset\hariana\DS03__Hariana_98.jpg,hariana
c5557a2e019196f7,D:\Projects\Federated_Learning\Master-Dataset\master_dataset\khillari\DS03__Khillari_6.jpg,khillari
c5557a2e019196f7,D:\Projects\Federated_Learning\Master-Dataset\master_dataset\ongole\DS03__Ongole_68.jpg,ongole
bad5cbcab1853231,D:\Projects\Federated_Learning\Master-Dataset\master_dataset\hariana\DS04__hariana_0123.jpg,hariana
bad5cbcab1853231,D:\Projects\Federated_Learning\Master-Dataset\master_dataset\khillari\DS02__Khillari_61.jpg,khillari
bad5cbcab1853231,D:\Projects\Federated_Learning\Master-Dataset\master_dataset\khillari\DS03__Khillari_61.jpg,khillari
bad5cbcab1853231,D:\Projects\Federated_Learning\Master-Dataset\master_dataset\khillari\DS04__khillar_0088.jpg,khillari
bad5cbcab1853231,D:\Projects\Federated_Learning\Master-Dataset\master_dataset\khillari\DS06__Khillari_61.jpg,khillari
bad5cbcab1853231,D:\Projects\Federated_Learning\Master-Dataset\master_dataset\khillari\DS10__Khillari_61.jpg,khillari
bad5cbcab1853231,D:\Projects\Federated_Learning\Master-Dataset\master_dataset\khillari\DS11__Khillari_074.jpg,khillari
96724a6679f60b62,D:\Projects\Federated_Learning\Master-Dataset\master_dataset\hariana\DS04__hariana_0124.jpg,hariana
96724a6679f60b62,D:\Projects\Federated_Learning\Master-Dataset\master_dataset\nagpuri\DS04__nagpuri_0054.jpg,nagpuri
96724a6679f60b62,D:\Projects\Federated_Learning\Master-Dataset\master_dataset\nagpuri\DS06__Nagpuri_140.jpg,nagpuri
96724a6679f60b62,D:\Projects\Federated_Learning\Master-Dataset\master_dataset\nagpuri\DS10__Nagpuri_140.jpg,nagpuri
cd48b2b2c9cd5e32,D:\Projects\Federated_Learning\Master-Dataset\master_dataset\hariana\DS11__Hariana_007.jpg,hariana
cd48b2b2c9cd5e32,D:\Projects\Federated_Learning\Master-Dataset\master_dataset\kherigarh\DS11__Kherigarh_002.jpg,kherigarh
c84cb6129fcdc9d8,D:\Projects\Federated_Learning\Master-Dataset\master_dataset\hariana\DS11__Hariana_023.jpg,hariana
c84cb6129fcdc9d8,D:\Projects\Federated_Learning\Master-Dataset\master_dataset\krishna-valley\DS11__Krishna_Valley_009.jpg,krishna-valley
e3e3961cc862e317,D:\Projects\Federated_Learning\Master-Dataset\master_dataset\hariana\DS11__Hariana_101.jpg,hariana
e3e3961cc862e317,D:\Projects\Federated_Learning\Master-Dataset\master_dataset\kenkatha\DS11__Kenkatha_014.jpg,kenkatha
9672ca66e9cc8b43,D:\Projects\Federated_Learning\Master-Dataset\master_dataset\hariana\DS11__Hariana_113.jpg,hariana
9672ca66e9cc8b43,D:\Projects\Federated_Learning\Master-Dataset\master_dataset\nagpuri\DS11__Nagpuri_044.jpg,nagpuri
f03f87916487176c,D:\Projects\Federated_Learning\Master-Dataset\master_dataset\himachali-pahari\DS02__image_257x196_5.jpg,himachali-pahari
f03f87916487176c,D:\Projects\Federated_Learning\Master-Dataset\master_dataset\konkan-kapila\DS02__image_258x195_13.jpg,konkan-kapila
fb16d5f022d3c889,D:\Projects\Federated_Learning\Master-Dataset\master_dataset\himachali-pahari\DS02__image_276x183_1.jpg,himachali-pahari
fb16d5f022d3c889,D:\Projects\Federated_Learning\Master-Dataset\master_dataset\konkan-kapila\DS02__image_276x183_1.jpg,konkan-kapila
af5ad0a53bc285b1,D:\Projects\Federated_Learning\Master-Dataset\master_dataset\himachali-pahari\DS02__image_279x181_2.jpg,himachali-pahari
af5ad0a53bc285b1,D:\Projects\Federated_Learning\Master-Dataset\master_dataset\konkan-kapila\DS02__image_279x181_1.jpg,konkan-kapila
af5ad0a53bc285b1,D:\Projects\Federated_Learning\Master-Dataset\master_dataset\konkan-kapila\DS02__Visually_searched_image.jpg,konkan-kapila
fe2b91479eb0842d,D:\Projects\Federated_Learning\Master-Dataset\master_dataset\himachali-pahari\DS02__Murrah_Buffalo_Supplier_In_Himachal_ (2).jpg,himachali-pahari
fe2b91479eb0842d,D:\Projects\Federated_Learning\Master-Dataset\master_dataset\murrah\DS01__Murrah_Buffalo_-_Get_Latest_Price_.jpg,murrah
fe2b91479eb0842d,D:\Projects\Federated_Learning\Master-Dataset\master_dataset\surti\DS01__image_225x225_30.jpg,surti
e6529c36010ff4f5,D:\Projects\Federated_Learning\Master-Dataset\master_dataset\himachali-pahari\DS02__Pahadi_Cow_ghee_Himhaat.jpg,himachali-pahari
e6529c36010ff4f5,D:\Projects\Federated_Learning\Master-Dataset\master_dataset\thutho\DS02__image_200x168_64.jpg,thutho
f8749471e12d6327,D:\Projects\Federated_Learning\Master-Dataset\master_dataset\himachali-pahari\DS02__Top_10_Black_Cattle_Breeds_An_Overview (2).jpg,himachali-pahari
f8749471e12d6327,D:\Projects\Federated_Learning\Master-Dataset\master_dataset\thutho\DS02__image_259x194_23 (2).jpg,thutho
bdf14a4625294b5b,D:\Projects\Federated_Learning\Master-Dataset\master_dataset\holstein-friesian\DS03__Holstein_Friesian_104.jpg,holstein-friesian
bdf14a4625294b5b,D:\Projects\Federated_Learning\Master-Dataset\master_dataset\jersey\DS03__Jersey_56.jpg,jersey
e39e1c612d9ce0e3,D:\Projects\Federated_Learning\Master-Dataset\master_dataset\holstein-friesian\DS03__Holstein_Friesian_109.jpg,holstein-friesian
e39e1c612d9ce0e3,D:\Projects\Federated_Learning\Master-Dataset\master_dataset\sahiwal\DS03__Sahiwal_146.jpg,sahiwal
dc9922661f11f0fc,D:\Projects\Federated_Learning\Master-Dataset\master_dataset\holstein-friesian\DS03__Holstein_Friesian_225.jpg,holstein-friesian
dc9922661f11f0fc,D:\Projects\Federated_Learning\Master-Dataset\master_dataset\jersey\DS03__Jersey_22.jpg,jersey
ae0c63f33838ce87,D:\Projects\Federated_Learning\Master-Dataset\master_dataset\holstein-friesian\DS03__Holstein_Friesian_228.jpg,holstein-friesian
ae0c63f33838ce87,D:\Projects\Federated_Learning\Master-Dataset\master_dataset\jersey\DS03__Jersey_169.jpg,jersey
a2a21f5f5ac86527,D:\Projects\Federated_Learning\Master-Dataset\master_dataset\holstein-friesian\DS03__Holstein_Friesian_252.jpg,holstein-friesian
a2a21f5f5ac86527,D:\Projects\Federated_Learning\Master-Dataset\master_dataset\jersey\DS03__Jersey_178.jpg,jersey
eb9c35610a4b33b6,D:\Projects\Federated_Learning\Master-Dataset\master_dataset\holstein-friesian\DS03__Holstein_Friesian_27.jpg,holstein-friesian
eb9c35610a4b33b6,D:\Projects\Federated_Learning\Master-Dataset\master_dataset\jersey\DS03__Jersey_9.jpg,jersey
b63648c91f27647c,D:\Projects\Federated_Learning\Master-Dataset\master_dataset\holstein-friesian\DS03__Holstein_Friesian_315.jpg,holstein-friesian
b63648c91f27647c,D:\Projects\Federated_Learning\Master-Dataset\master_dataset\jersey\DS03__Jersey_156.jpg,jersey
c0853f7a4acb71e1,D:\Projects\Federated_Learning\Master-Dataset\master_dataset\holstein-friesian\DS03__Holstein_Friesian_316.jpg,holstein-friesian
c0853f7a4acb71e1,D:\Projects\Federated_Learning\Master-Dataset\master_dataset\red-dane\DS03__Red_Dane_122.jpg,red-dane
eede10316b6bb184,D:\Projects\Federated_Learning\Master-Dataset\master_dataset\holstein-friesian\DS03__Holstein_Friesian_51.jpg,holstein-friesian
eede10316b6bb184,D:\Projects\Federated_Learning\Master-Dataset\master_dataset\jersey\DS03__Jersey_51.jpg,jersey
eede10316b6bb184,D:\Projects\Federated_Learning\Master-Dataset\master_dataset\red-dane\DS03__Red_Dane_97.jpg,red-dane
b61649e9317c7c43,D:\Projects\Federated_Learning\Master-Dataset\master_dataset\holstein-friesian\DS03__Holstein_Friesian_55.jpg,holstein-friesian
b61649e9317c7c43,D:\Projects\Federated_Learning\Master-Dataset\master_dataset\jersey\DS03__Jersey_181.jpg,jersey
a90154f07e1f87e3,D:\Projects\Federated_Learning\Master-Dataset\master_dataset\holstein-friesian\DS03__Holstein_Friesian_59.jpg,holstein-friesian
a90154f07e1f87e3,D:\Projects\Federated_Learning\Master-Dataset\master_dataset\jersey\DS03__Jersey_189.jpg,jersey
a90154f07e1f87e3,D:\Projects\Federated_Learning\Master-Dataset\master_dataset\red-dane\DS03__Red_Dane_77.jpg,red-dane
c0c11fbe61633e39,D:\Projects\Federated_Learning\Master-Dataset\master_dataset\holstein-friesian\DS04__holstein-friesian_0187.jpg,holstein-friesian
c0c11fbe61633e39,D:\Projects\Federated_Learning\Master-Dataset\master_dataset\red-dane\DS07__RedDanecattle20_c.jpg,red-dane
bdf1dac6b4a50458,D:\Projects\Federated_Learning\Master-Dataset\master_dataset\holstein-friesian\DS04__holstein-friesian_0245.jpg,holstein-friesian
bdf1dac6b4a50458,D:\Projects\Federated_Learning\Master-Dataset\master_dataset\jersey\DS04__jersey_0156.jpg,jersey
e39ed061d3cc91ac,D:\Projects\Federated_Learning\Master-Dataset\master_dataset\holstein-friesian\DS04__holstein-friesian_0250.jpg,holstein-friesian
e39ed061d3cc91ac,D:\Projects\Federated_Learning\Master-Dataset\master_dataset\sahiwal\DS02__Sahiwal_146.jpg,sahiwal
e39ed061d3cc91ac,D:\Projects\Federated_Learning\Master-Dataset\master_dataset\sahiwal\DS04__sahiwal_0068.jpg,sahiwal
e39ed061d3cc91ac,D:\Projects\Federated_Learning\Master-Dataset\master_dataset\sahiwal\DS06__Sahiwal_146.jpg,sahiwal
e39ed061d3cc91ac,D:\Projects\Federated_Learning\Master-Dataset\master_dataset\sahiwal\DS10__Sahiwal_146.jpg,sahiwal
83aabce9c35a7226,D:\Projects\Federated_Learning\Master-Dataset\master_dataset\holstein-friesian\DS04__holstein-friesian_0342.jpg,holstein-friesian
83aabce9c35a7226,D:\Projects\Federated_Learning\Master-Dataset\master_dataset\red-dane\DS04__red_dane_0011.jpg,red-dane
83aabce9c35a7226,D:\Projects\Federated_Learning\Master-Dataset\master_dataset\red-dane\DS06__Red_Dane_108.jpg,red-dane
83aabce9c35a7226,D:\Projects\Federated_Learning\Master-Dataset\master_dataset\red-dane\DS10__Red_Dane_108.jpg,red-dane
dc9960ee0f236726,D:\Projects\Federated_Learning\Master-Dataset\master_dataset\holstein-friesian\DS04__holstein-friesian_0379.jpg,holstein-friesian
dc9960ee0f236726,D:\Projects\Federated_Learning\Master-Dataset\master_dataset\jersey\DS04__jersey_0119.jpg,jersey
8e0cc7c7b170c96b,D:\Projects\Federated_Learning\Master-Dataset\master_dataset\holstein-friesian\DS04__holstein-friesian_0382.jpg,holstein-friesian
8e0cc7c7b170c96b,D:\Projects\Federated_Learning\Master-Dataset\master_dataset\jersey\DS07__Jerseycattle90.jpg,jersey
b190cf7ea8075a71,D:\Projects\Federated_Learning\Master-Dataset\master_dataset\holstein-friesian\DS04__holstein-friesian_0405.jpg,holstein-friesian
b190cf7ea8075a71,D:\Projects\Federated_Learning\Master-Dataset\master_dataset\jersey\DS04__jersey_0186.jpg,jersey
eb9c35718c4963b4,D:\Projects\Federated_Learning\Master-Dataset\master_dataset\holstein-friesian\DS04__holstein-friesian_0428.jpg,holstein-friesian
eb9c35718c4963b4,D:\Projects\Federated_Learning\Master-Dataset\master_dataset\jersey\DS04__jersey_0193.jpg,jersey
a989ced6f4a98a98,D:\Projects\Federated_Learning\Master-Dataset\master_dataset\holstein-friesian\DS04__holstein-friesian_0477.jpg,holstein-friesian
a989ced6f4a98a98,D:\Projects\Federated_Learning\Master-Dataset\master_dataset\siri\DS02__image_250x166_58.jpg,siri
eece9494c2f23319,D:\Projects\Federated_Learning\Master-Dataset\master_dataset\holstein-friesian\DS04__holstein-friesian_0514.jpg,holstein-friesian
eece9494c2f23319,D:\Projects\Federated_Learning\Master-Dataset\master_dataset\jersey\DS07__Jerseycattle64.jpg,jersey
eece9494c2f23319,D:\Projects\Federated_Learning\Master-Dataset\master_dataset\red-dane\DS04__red_dane_0165.jpg,red-dane
eece9494c2f23319,D:\Projects\Federated_Learning\Master-Dataset\master_dataset\red-dane\DS06__Red_Dane_97.jpg,red-dane
eece9494c2f23319,D:\Projects\Federated_Learning\Master-Dataset\master_dataset\red-dane\DS10__Red_Dane_97.jpg,red-dane
9616cb8383bc6ccd,D:\Projects\Federated_Learning\Master-Dataset\master_dataset\holstein-friesian\DS04__holstein-friesian_0518.jpg,holstein-friesian
9616cb8383bc6ccd,D:\Projects\Federated_Learning\Master-Dataset\master_dataset\jersey\DS04__jersey_0092.jpg,jersey
e91c6b93c6b59521,D:\Projects\Federated_Learning\Master-Dataset\master_dataset\holstein-friesian\DS04__holstein-friesian_0527.jpg,holstein-friesian
e91c6b93c6b59521,D:\Projects\Federated_Learning\Master-Dataset\master_dataset\jersey\DS07__Jerseycattle103.jpg,jersey
a90705f17c3c8eb6,D:\Projects\Federated_Learning\Master-Dataset\master_dataset\holstein-friesian\DS07__HolsteinFriesiancattle115.jpg,holstein-friesian
a90705f17c3c8eb6,D:\Projects\Federated_Learning\Master-Dataset\master_dataset\jersey\DS07__Jerseycattle73.jpg,jersey
a90705f17c3c8eb6,D:\Projects\Federated_Learning\Master-Dataset\master_dataset\red-dane\DS04__red_dane_0143.jpg,red-dane
a90705f17c3c8eb6,D:\Projects\Federated_Learning\Master-Dataset\master_dataset\red-dane\DS06__Red_Dane_77.jpg,red-dane
a90705f17c3c8eb6,D:\Projects\Federated_Learning\Master-Dataset\master_dataset\red-dane\DS10__Red_Dane_77.jpg,red-dane
c0853d3e0e1e73d3,D:\Projects\Federated_Learning\Master-Dataset\master_dataset\holstein-friesian\DS07__HolsteinFriesiancattle140.jpg,holstein-friesian
c0853d3e0e1e73d3,D:\Projects\Federated_Learning\Master-Dataset\master_dataset\red-dane\DS04__red_dane_0027.jpg,red-dane
c0853d3e0e1e73d3,D:\Projects\Federated_Learning\Master-Dataset\master_dataset\red-dane\DS07__RedDanecattle79.jpg,red-dane
c0853d3e0e1e73d3,D:\Projects\Federated_Learning\Master-Dataset\master_dataset\red-dane\DS10__Red_Dane_122.jpg,red-dane
f3b0deeca232e089,D:\Projects\Federated_Learning\Master-Dataset\master_dataset\holstein-friesian\DS07__HolsteinFriesiancattle45.jpg,holstein-friesian
f3b0deeca232e089,D:\Projects\Federated_Learning\Master-Dataset\master_dataset\jersey\DS04__jersey_0075.jpg,jersey
b636c0c89fc3c0de,D:\Projects\Federated_Learning\Master-Dataset\master_dataset\holstein-friesian\DS07__HolsteinFriesiancattle73.jpg,holstein-friesian
b636c0c89fc3c0de,D:\Projects\Federated_Learning\Master-Dataset\master_dataset\jersey\DS04__jersey_0064.jpg,jersey
b190d75ab8075ad9,D:\Projects\Federated_Learning\Master-Dataset\master_dataset\holstein-friesian\DS08__Holstein_Friesian_249_jpg.rf.b8cecc7649c13d8d9cea3695d71274b9.jpg,holstein-friesian
b190d75ab8075ad9,D:\Projects\Federated_Learning\Master-Dataset\master_dataset\jersey\DS08__Jersey_83_jpg.rf.b8d819d033092b737bc2ae732aabb694.jpg,jersey
f3b0dea4b033e08d,D:\Projects\Federated_Learning\Master-Dataset\master_dataset\holstein-friesian\DS08__Holstein_Friesian_273_jpg.rf.9bce2e6063abb926a7135db0ea030589.jpg,holstein-friesian
f3b0dea4b033e08d,D:\Projects\Federated_Learning\Master-Dataset\master_dataset\jersey\DS08__Jersey_166_jpg.rf.edcc2e628ebdccdd19eb9ff91894aa56.jpg,jersey
b69ec0819fd9807e,D:\Projects\Federated_Learning\Master-Dataset\master_dataset\holstein-friesian\DS08__Holstein_Friesian_315_jpg.rf.94667655ba81b104d9c39b5d8c85a60f.jpg,holstein-friesian
b69ec0819fd9807e,D:\Projects\Federated_Learning\Master-Dataset\master_dataset\jersey\DS08__Jersey_156_jpg.rf.9a43f1969960efa7b973fd006f3f469c.jpg,jersey
bdf1c246a509cb5a,D:\Projects\Federated_Learning\Master-Dataset\master_dataset\holstein-friesian\DS11__Holstein_Friesian_007.jpg,holstein-friesian
bdf1c246a509cb5a,D:\Projects\Federated_Learning\Master-Dataset\master_dataset\jersey\DS11__Jersey_156.jpg,jersey
ea9cb5618a49b2b6,D:\Projects\Federated_Learning\Master-Dataset\master_dataset\holstein-friesian\DS11__Holstein_Friesian_190.jpg,holstein-friesian
ea9cb5618a49b2b6,D:\Projects\Federated_Learning\Master-Dataset\master_dataset\jersey\DS11__Jersey_193.jpg,jersey
b636c8c99f27c03c,D:\Projects\Federated_Learning\Master-Dataset\master_dataset\holstein-friesian\DS11__Holstein_Friesian_241.jpg,holstein-friesian
b636c8c99f27c03c,D:\Projects\Federated_Learning\Master-Dataset\master_dataset\jersey\DS11__Jersey_064.jpg,jersey
c085bf7acacbc1a1,D:\Projects\Federated_Learning\Master-Dataset\master_dataset\holstein-friesian\DS11__Holstein_Friesian_242.jpg,holstein-friesian
c085bf7acacbc1a1,D:\Projects\Federated_Learning\Master-Dataset\master_dataset\red-dane\DS11__Red_Dane_027.jpg,red-dane
9616c9c1b17cfc43,D:\Projects\Federated_Learning\Master-Dataset\master_dataset\holstein-friesian\DS11__Holstein_Friesian_280.jpg,holstein-friesian
9616c9c1b17cfc43,D:\Projects\Federated_Learning\Master-Dataset\master_dataset\jersey\DS11__Jersey_092.jpg,jersey
c68ede4c83d9049f,D:\Projects\Federated_Learning\Master-Dataset\master_dataset\jaffarabadi\DS01__bahubali_jafarabadi_buffalo_.jpg,jaffarabadi
c68ede4c83d9049f,D:\Projects\Federated_Learning\Master-Dataset\master_dataset\murrah\DS01__Murrah_Buffalo_Buffalo_Images_-_Pixabay.jpg,murrah
bcf2f30d95d2016c,D:\Projects\Federated_Learning\Master-Dataset\master_dataset\jaffarabadi\DS01__Chaudhary_Dairy_Farm_in_Mahesana_ (2).jpg,jaffarabadi
bcf2f30d95d2016c,D:\Projects\Federated_Learning\Master-Dataset\master_dataset\jersey\DS07__Jerseycattle50.jpg,jersey
efbd86e0e0909dc4,D:\Projects\Federated_Learning\Master-Dataset\master_dataset\jaffarabadi\DS01__High_Breed_Jafarabadi_Buffalo_at_Best_.jpg,jaffarabadi
efbd86e0e0909dc4,D:\Projects\Federated_Learning\Master-Dataset\master_dataset\surti\DS05__images-2-_jpg.rf.c55ada47fbd84cc3c41855b461f61723.jpg,surti
efbd86e0e0909dc4,D:\Projects\Federated_Learning\Master-Dataset\master_dataset\surti\DS05__images-2-_rot0_b0_8_jpg.rf.bc715c17969e6c79baff54239df13a82.jpg,surti
efbd86e0e0909dc4,D:\Projects\Federated_Learning\Master-Dataset\master_dataset\surti\DS05__images-2-_rot0_b1_jpg.rf.78721ee031f5f98753320a1191f78210.jpg,surti
a60dcb363778452e,D:\Projects\Federated_Learning\Master-Dataset\master_dataset\jaffarabadi\DS01__image_209x165_1.jpg,jaffarabadi
a60dcb363778452e,D:\Projects\Federated_Learning\Master-Dataset\master_dataset\nagpuri\DS04__nagpuri_0111.png,nagpuri
a60dcb363778452e,D:\Projects\Federated_Learning\Master-Dataset\master_dataset\nagpuri\DS10__Nagpuri_196.png,nagpuri
e23c9ce368960f63,D:\Projects\Federated_Learning\Master-Dataset\master_dataset\jaffarabadi\DS01__image_271x186_4.jpg,jaffarabadi
e23c9ce368960f63,D:\Projects\Federated_Learning\Master-Dataset\master_dataset\marathwadi\DS01__BUFFALO_BREEDS (1).jpg,marathwadi
e23c9ce368960f63,D:\Projects\Federated_Learning\Master-Dataset\master_dataset\marathwadi\DS01__image_271x186_1.jpg,marathwadi
a97e96e1e00e7c13,D:\Projects\Federated_Learning\Master-Dataset\master_dataset\jaffarabadi\DS01__image_277x182_3.jpg,jaffarabadi
a97e96e1e00e7c13,D:\Projects\Federated_Learning\Master-Dataset\master_dataset\luit\DS01___12_.jpg,luit
a97e96e1e00e7c13,D:\Projects\Federated_Learning\Master-Dataset\master_dataset\toda\DS04__toda_0057.jpg,toda
a97e96e1e00e7c13,D:\Projects\Federated_Learning\Master-Dataset\master_dataset\toda\DS10__Toda_29.jpg,toda
b01acfd176654c27,D:\Projects\Federated_Learning\Master-Dataset\master_dataset\jaffarabadi\DS01__image_300x168_3.jpg,jaffarabadi
b01acfd176654c27,D:\Projects\Federated_Learning\Master-Dataset\master_dataset\kalahandi\DS01__image_300x168_3.jpg,kalahandi
b01acfd176654c27,D:\Projects\Federated_Learning\Master-Dataset\master_dataset\mehsana\DS01__image_300x168_9.jpg,mehsana
b01acfd176654c27,D:\Projects\Federated_Learning\Master-Dataset\master_dataset\murrah\DS01__Jafarabadi_Buffalo_Milk_Per_Day_ (1).jpg,murrah
b01acfd176654c27,D:\Projects\Federated_Learning\Master-Dataset\master_dataset\surti\DS01__Jafarabadi_Buffalo_Milk_Per_Day_.jpg,surti
f360db4ac8bca48d,D:\Projects\Federated_Learning\Master-Dataset\master_dataset\jaffarabadi\DS01__image_300x168_5.jpg,jaffarabadi
f360db4ac8bca48d,D:\Projects\Federated_Learning\Master-Dataset\master_dataset\pandharpuri\DS01__Top_10_Buffalo_Breeds_in_India_ (2).jpg,pandharpuri
f11c9ee3e1188be4,D:\Projects\Federated_Learning\Master-Dataset\master_dataset\jaffarabadi\DS01__image_300x168_8.jpg,jaffarabadi
f11c9ee3e1188be4,D:\Projects\Federated_Learning\Master-Dataset\master_dataset\kalahandi\DS01__Buffalo_Breed_The_Rajasthan_Express (3).jpg,kalahandi
e40cdb9431536677,D:\Projects\Federated_Learning\Master-Dataset\master_dataset\jaffarabadi\DS01__image_50x50_10.jpg,jaffarabadi
e40cdb9431536677,D:\Projects\Federated_Learning\Master-Dataset\master_dataset\marathwadi\DS01__image_50x50_3.jpg,marathwadi
e40cdb9431536677,D:\Projects\Federated_Learning\Master-Dataset\master_dataset\mehsana\DS01__image_50x50_1 (2).jpg,mehsana
e40cdb9431536677,D:\Projects\Federated_Learning\Master-Dataset\master_dataset\nagpuri\DS01__image_50x50_1.jpg,nagpuri
f37d8ce3e018390b,D:\Projects\Federated_Learning\Master-Dataset\master_dataset\jaffarabadi\DS01__image_50x50_11.jpg,jaffarabadi
f37d8ce3e018390b,D:\Projects\Federated_Learning\Master-Dataset\master_dataset\marathwadi\DS01__image_50x50_6.jpg,marathwadi
f37d8ce3e018390b,D:\Projects\Federated_Learning\Master-Dataset\master_dataset\nagpuri\DS01__image_50x50_3.jpg,nagpuri
a77a98b7c9c06744,D:\Projects\Federated_Learning\Master-Dataset\master_dataset\jaffarabadi\DS01__image_50x50_4.jpg,jaffarabadi
a77a98b7c9c06744,D:\Projects\Federated_Learning\Master-Dataset\master_dataset\mehsana\DS01__image_50x50_1.jpg,mehsana
ab3a9223694ceda5,D:\Projects\Federated_Learning\Master-Dataset\master_dataset\jaffarabadi\DS01__Jafrabadi_Buffalo.jpg,jaffarabadi
ab3a9223694ceda5,D:\Projects\Federated_Learning\Master-Dataset\master_dataset\surti\DS01__Jafrabadi_buffalo_jafrabadibuffalo_.jpg,surti
bd60803fbe2371d8,D:\Projects\Federated_Learning\Master-Dataset\master_dataset\jaffarabadi\DS01__Murrah_Buffalo_at_Rs_70000_in_Mahesana_.jpg,jaffarabadi
bd60803fbe2371d8,D:\Projects\Federated_Learning\Master-Dataset\master_dataset\mehsana\DS01__image_259x194_13.jpg,mehsana
bd60803fbe2371d8,D:\Projects\Federated_Learning\Master-Dataset\master_dataset\mehsana\DS04__mehsana_0093.jpeg,mehsana
bd60803fbe2371d8,D:\Projects\Federated_Learning\Master-Dataset\master_dataset\mehsana\DS06__Mehsana_85.jpeg,mehsana
bd60803fbe2371d8,D:\Projects\Federated_Learning\Master-Dataset\master_dataset\mehsana\DS10__Mehsana_85.jpeg,mehsana
bd60803fbe2371d8,D:\Projects\Federated_Learning\Master-Dataset\master_dataset\murrah\DS01__Murrah_BuffaloMurrah_Breed_Buffalo_.jpg,murrah
bd60803fbe2371d8,D:\Projects\Federated_Learning\Master-Dataset\master_dataset\murrah\DS04__murrah_0035.jpeg,murrah
bd60803fbe2371d8,D:\Projects\Federated_Learning\Master-Dataset\master_dataset\murrah\DS06__Murrah_122.jpeg,murrah
bd60803fbe2371d8,D:\Projects\Federated_Learning\Master-Dataset\master_dataset\murrah\DS10__Murrah_122.jpeg,murrah
af7ad08435694a5e,D:\Projects\Federated_Learning\Master-Dataset\master_dataset\jaffarabadi\DS01__Murrah_Buffalo_In_Rajkot_Gujarat_At_.jpg,jaffarabadi
af7ad08435694a5e,D:\Projects\Federated_Learning\Master-Dataset\master_dataset\mehsana\DS01__image_225x225_3.jpg,mehsana
af7ad08435694a5e,D:\Projects\Federated_Learning\Master-Dataset\master_dataset\murrah\DS01__Murrah_Buffalo.jpg,murrah
af7ad08435694a5e,D:\Projects\Federated_Learning\Master-Dataset\master_dataset\nagpuri\DS11__Nagpuri_130.jpg,nagpuri
af7ad08435694a5e,D:\Projects\Federated_Learning\Master-Dataset\master_dataset\surti\DS01__Murrah_Buffalo.jpg,surti
bf7c9f9e48c0c064,D:\Projects\Federated_Learning\Master-Dataset\master_dataset\jaffarabadi\DS01__Murrah_Jafarabadi_Buffalo_Calf_18_at_ (2).jpg,jaffarabadi
bf7c9f9e48c0c064,D:\Projects\Federated_Learning\Master-Dataset\master_dataset\murrah\DS01__Murrah_Buffalo_Calf_at_12000_Murrah_ (1).jpg,murrah
fae88517ae0b9970,D:\Projects\Federated_Learning\Master-Dataset\master_dataset\jaffarabadi\DS01__Nili_Ravi_Buffalo_-_Nili_Ravi_Buffalo_.jpg,jaffarabadi
fae88517ae0b9970,D:\Projects\Federated_Learning\Master-Dataset\master_dataset\nili-ravi\DS01__Nili_Ravi_Buffalo_-_Nili_Ravi_Buffalo_ (3).jpg,nili-ravi
e322bbc3517106be,D:\Projects\Federated_Learning\Master-Dataset\master_dataset\jaffarabadi\DS01__Surti_Buffalo_Black_Jafarabadi_Bull_at_.jpg,jaffarabadi
e322bbc3517106be,D:\Projects\Federated_Learning\Master-Dataset\master_dataset\surti\DS05__images-1-_jpg.rf.7c7f1a90ebd24d16e60bbb3870261977.jpg,surti
e322bbc3517106be,D:\Projects\Federated_Learning\Master-Dataset\master_dataset\surti\DS05__images-1-_rot0_b0_8_jpg.rf.116aa3040dab1848a55e8a77c6ca015b.jpg,surti
e322bbc3517106be,D:\Projects\Federated_Learning\Master-Dataset\master_dataset\surti\DS05__images-1-_rot0_b1_jpg.rf.b2dca120496d860e0ffec7e4d85e8105.jpg,surti
b8de47e1660b18b6,D:\Projects\Federated_Learning\Master-Dataset\master_dataset\jaffarabadi\DS03__Jaffrabadi_13.png,jaffarabadi
b8de47e1660b18b6,D:\Projects\Federated_Learning\Master-Dataset\master_dataset\toda\DS03__Toda_23.jpg,toda
b93c94c1616e5b95,D:\Projects\Federated_Learning\Master-Dataset\master_dataset\jaffarabadi\DS03__Jaffrabadi_18.png,jaffarabadi
b93c94c1616e5b95,D:\Projects\Federated_Learning\Master-Dataset\master_dataset\nagpuri\DS03__Nagpuri_10.png,nagpuri
ac4943b631c9de4e,D:\Projects\Federated_Learning\Master-Dataset\master_dataset\jaffarabadi\DS03__Jaffrabadi_45.jpg,jaffarabadi
ac4943b631c9de4e,D:\Projects\Federated_Learning\Master-Dataset\master_dataset\nagpuri\DS03__Nagpuri_25.jpg,nagpuri
a60d5bf635e844c6,D:\Projects\Federated_Learning\Master-Dataset\master_dataset\jaffarabadi\DS03__Jaffrabadi_46.png,jaffarabadi
a60d5bf635e844c6,D:\Projects\Federated_Learning\Master-Dataset\master_dataset\nagpuri\DS03__Nagpuri_196.png,nagpuri
fabb0365358415bc,D:\Projects\Federated_Learning\Master-Dataset\master_dataset\jaffarabadi\DS03__Jaffrabadi_82.jpg,jaffarabadi
fabb0365358415bc,D:\Projects\Federated_Learning\Master-Dataset\master_dataset\mehsana\DS03__Mehsana_79.jpg,mehsana
af49d0343d4b4a3d,D:\Projects\Federated_Learning\Master-Dataset\master_dataset\jaffarabadi\DS04__jaffarabadi_0014.jpg,jaffarabadi
af49d0343d4b4a3d,D:\Projects\Federated_Learning\Master-Dataset\master_dataset\nagpuri\DS01__Buffalo_Milk_Production_.jpg,nagpuri
b97c94c3c56a4b85,D:\Projects\Federated_Learning\Master-Dataset\master_dataset\jaffarabadi\DS04__jaffarabadi_0024.png,jaffarabadi
b97c94c3c56a4b85,D:\Projects\Federated_Learning\Master-Dataset\master_dataset\nagpuri\DS04__nagpuri_0012.png,nagpuri
b97c94c3c56a4b85,D:\Projects\Federated_Learning\Master-Dataset\master_dataset\nagpuri\DS10__Nagpuri_10.png,nagpuri
bc49cf7625345833,D:\Projects\Federated_Learning\Master-Dataset\master_dataset\jaffarabadi\DS04__jaffarabadi_0053.jpg,jaffarabadi
bc49cf7625345833,D:\Projects\Federated_Learning\Master-Dataset\master_dataset\nagpuri\DS04__nagpuri_0120.jpg,nagpuri
bc49cf7625345833,D:\Projects\Federated_Learning\Master-Dataset\master_dataset\nagpuri\DS10__Nagpuri_25.jpg,nagpuri
fa6fc0d1aa92950e,D:\Projects\Federated_Learning\Master-Dataset\master_dataset\jaffarabadi\DS04__jaffarabadi_0063.jpg,jaffarabadi
fa6fc0d1aa92950e,D:\Projects\Federated_Learning\Master-Dataset\master_dataset\kalahandi\DS01__image_266x189_11.jpg,kalahandi
fa6fc0d1aa92950e,D:\Projects\Federated_Learning\Master-Dataset\master_dataset\marathwadi\DS01__Buffalo_Animal_Husbandry_Apni_Kheti (2).jpg,marathwadi
fa6fc0d1aa92950e,D:\Projects\Federated_Learning\Master-Dataset\master_dataset\marathwadi\DS01__image_266x189_6.jpg,marathwadi
eb1c96d1645a8763,D:\Projects\Federated_Learning\Master-Dataset\master_dataset\jaffarabadi\DS04__jaffarabadi_0066.jpg,jaffarabadi
eb1c96d1645a8763,D:\Projects\Federated_Learning\Master-Dataset\master_dataset\konkan-kapila\DS02__image_269x187_11.jpg,konkan-kapila
be11c9b69339ca29,D:\Projects\Federated_Learning\Master-Dataset\master_dataset\jaffarabadi\DS04__jaffarabadi_0069.jpg,jaffarabadi
be11c9b69339ca29,D:\Projects\Federated_Learning\Master-Dataset\master_dataset\kalahandi\DS01__image_276x183_1.jpg,kalahandi
be11c9b69339ca29,D:\Projects\Federated_Learning\Master-Dataset\master_dataset\luit\DS01__Jaffarabadi_Dairy_Knowledge_Portal.jpg,luit
fabb8b63654181d4,D:\Projects\Federated_Learning\Master-Dataset\master_dataset\jaffarabadi\DS04__jaffarabadi_0094.jpg,jaffarabadi
fabb8b63654181d4,D:\Projects\Federated_Learning\Master-Dataset\master_dataset\mehsana\DS04__mehsana_0086.jpg,mehsana
fabb8b63654181d4,D:\Projects\Federated_Learning\Master-Dataset\master_dataset\mehsana\DS06__Mehsana_79.jpg,mehsana
fabb8b63654181d4,D:\Projects\Federated_Learning\Master-Dataset\master_dataset\mehsana\DS10__Mehsana_79.jpg,mehsana
a65bc0b439c615f5,D:\Projects\Federated_Learning\Master-Dataset\master_dataset\jaffarabadi\DS04__jaffarabadi_0102.jpg,jaffarabadi
a65bc0b439c615f5,D:\Projects\Federated_Learning\Master-Dataset\master_dataset\kalahandi\DS01__Registered_buffalo_breeds_in_India_.jpg,kalahandi
a65bc0b439c615f5,D:\Projects\Federated_Learning\Master-Dataset\master_dataset\marathwadi\DS01__image_302x167_1.jpg,marathwadi
a65bc0b439c615f5,D:\Projects\Federated_Learning\Master-Dataset\master_dataset\marathwadi\DS01__Registered_buffalo_breeds_in_India_.jpg,marathwadi
a609d9f6b4e8c4c6,D:\Projects\Federated_Learning\Master-Dataset\master_dataset\jaffarabadi\DS11__Jaffrabadi_044.jpg,jaffarabadi
a609d9f6b4e8c4c6,D:\Projects\Federated_Learning\Master-Dataset\master_dataset\nagpuri\DS11__Nagpuri_101.jpg,nagpuri
faab8365b58494b4,D:\Projects\Federated_Learning\Master-Dataset\master_dataset\jaffarabadi\DS11__Jaffrabadi_084.jpg,jaffarabadi
faab8365b58494b4,D:\Projects\Federated_Learning\Master-Dataset\master_dataset\mehsana\DS11__Mehsana_076.jpg,mehsana
aecd4132743fcec0,D:\Projects\Federated_Learning\Master-Dataset\master_dataset\jersey\DS03__Jersey_70.jpg,jersey
aecd4132743fcec0,D:\Projects\Federated_Learning\Master-Dataset\master_dataset\red-dane\DS03__Red_Dane_5.jpg,red-dane
ddd4222b1d566369,D:\Projects\Federated_Learning\Master-Dataset\master_dataset\jersey\DS03__Jersey_95.jpg,jersey
ddd4222b1d566369,D:\Projects\Federated_Learning\Master-Dataset\master_dataset\red-dane\DS03__Red_Dane_10.jpg,red-dane
ead68fa0c185b535,D:\Projects\Federated_Learning\Master-Dataset\master_dataset\jersey\DS04__jersey_0093.jpg,jersey
ead68fa0c185b535,D:\Projects\Federated_Learning\Master-Dataset\master_dataset\motu\DS02__image_259x194_23 (2).jpg,motu
dfdbc8c06123ac4e,D:\Projects\Federated_Learning\Master-Dataset\master_dataset\jersey\DS04__jersey_0197.jpg,jersey
dfdbc8c06123ac4e,D:\Projects\Federated_Learning\Master-Dataset\master_dataset\motu\DS02__image_279x181_51.jpg,motu
9613692c9e99c5d6,D:\Projects\Federated_Learning\Master-Dataset\master_dataset\jersey\DS07__Jerseycattle0.jpg,jersey
9613692c9e99c5d6,D:\Projects\Federated_Learning\Master-Dataset\master_dataset\red-dane\DS07__RedDanecattle37.jpg,red-dane
aecd81c0313cdf5c,D:\Projects\Federated_Learning\Master-Dataset\master_dataset\jersey\DS07__Jerseycattle19.jpg,jersey
aecd81c0313cdf5c,D:\Projects\Federated_Learning\Master-Dataset\master_dataset\red-dane\DS04__red_dane_0113.jpg,red-dane
aecd81c0313cdf5c,D:\Projects\Federated_Learning\Master-Dataset\master_dataset\red-dane\DS06__Red_Dane_5.jpg,red-dane
aecd81c0313cdf5c,D:\Projects\Federated_Learning\Master-Dataset\master_dataset\red-dane\DS07__RedDanecattle43.jpg,red-dane
aecd81c0313cdf5c,D:\Projects\Federated_Learning\Master-Dataset\master_dataset\red-dane\DS10__Red_Dane_5.jpg,red-dane
ddd4e2ab9c16c03a,D:\Projects\Federated_Learning\Master-Dataset\master_dataset\jersey\DS07__Jerseycattle85.jpg,jersey
ddd4e2ab9c16c03a,D:\Projects\Federated_Learning\Master-Dataset\master_dataset\red-dane\DS04__red_dane_0002.jpg,red-dane
ddd4e2ab9c16c03a,D:\Projects\Federated_Learning\Master-Dataset\master_dataset\red-dane\DS10__Red_Dane_10.jpg,red-dane
ddc4a02b9d54e369,D:\Projects\Federated_Learning\Master-Dataset\master_dataset\jersey\DS11__Jersey_199.jpg,jersey
ddc4a02b9d54e369,D:\Projects\Federated_Learning\Master-Dataset\master_dataset\red-dane\DS11__Red_Dane_002.jpg,red-dane
eaf08596d24dd6c2,D:\Projects\Federated_Learning\Master-Dataset\master_dataset\kalahandi\DS01__image_200x252_2.jpg,kalahandi
eaf08596d24dd6c2,D:\Projects\Federated_Learning\Master-Dataset\master_dataset\luit\DS01__image_200x252_1 (2).jpg,luit
eaf08596d24dd6c2,D:\Projects\Federated_Learning\Master-Dataset\master_dataset\luit\DS01__image_200x252_1.jpg,luit
a7a8d053f8c6c1f1,D:\Projects\Federated_Learning\Master-Dataset\master_dataset\kalahandi\DS01__image_259x194_7.jpg,kalahandi
a7a8d053f8c6c1f1,D:\Projects\Federated_Learning\Master-Dataset\master_dataset\nagpuri\DS01__image_259x194_5 (2).jpg,nagpuri
fa1e85c1e0659baa,D:\Projects\Federated_Learning\Master-Dataset\master_dataset\kalahandi\DS01__image_259x194_8.jpg,kalahandi
fa1e85c1e0659baa,D:\Projects\Federated_Learning\Master-Dataset\master_dataset\mehsana\DS01__image_259x194_8.jpg,mehsana
fa1e85c1e0659baa,D:\Projects\Federated_Learning\Master-Dataset\master_dataset\mehsana\DS01__Live_Mehsana_Buffalo_at_Best_Price_in_.jpg,mehsana
eb71c0e000fa1ddf,D:\Projects\Federated_Learning\Master-Dataset\master_dataset\kalahandi\DS01__image_275x183_5.jpg,kalahandi
eb71c0e000fa1ddf,D:\Projects\Federated_Learning\Master-Dataset\master_dataset\luit\DS01__Pandharpuri_Buffalopedia.jpg,luit
eb71c0e000fa1ddf,D:\Projects\Federated_Learning\Master-Dataset\master_dataset\nagpuri\DS01__Pandharpuri_Buffalopedia.jpg,nagpuri
af78d2c431a5c533,D:\Projects\Federated_Learning\Master-Dataset\master_dataset\kalahandi\DS01__image_275x183_6.jpg,kalahandi
af78d2c431a5c533,D:\Projects\Federated_Learning\Master-Dataset\master_dataset\luit\DS01__Indigenous_Buffalo_Breeds_of_India_.jpg,luit
af78d2c431a5c533,D:\Projects\Federated_Learning\Master-Dataset\master_dataset\nagpuri\DS01__image_275x183_7.jpg,nagpuri
af78d2c431a5c533,D:\Projects\Federated_Learning\Master-Dataset\master_dataset\toda\DS04__toda_0035.jpg,toda
af78d2c431a5c533,D:\Projects\Federated_Learning\Master-Dataset\master_dataset\toda\DS10__Toda_120.jpg,toda
fe8192a865ddc09e,D:\Projects\Federated_Learning\Master-Dataset\master_dataset\kalahandi\DS01__image_275x183_7.jpg,kalahandi
fe8192a865ddc09e,D:\Projects\Federated_Learning\Master-Dataset\master_dataset\luit\DS01__Manda_Buffalo.jpg,luit
fd54802d6b9e73a0,D:\Projects\Federated_Learning\Master-Dataset\master_dataset\kalahandi\DS01__image_283x178_4.jpg,kalahandi
fd54802d6b9e73a0,D:\Projects\Federated_Learning\Master-Dataset\master_dataset\nagpuri\DS01__image_283x178_6.jpg,nagpuri
eb1c1e636362993c,D:\Projects\Federated_Learning\Master-Dataset\master_dataset\kalahandi\DS01__image_300x168_4.jpg,kalahandi
eb1c1e636362993c,D:\Projects\Federated_Learning\Master-Dataset\master_dataset\luit\DS04__luit_(swamp)_0002.jpg,luit
eb1c1e636362993c,D:\Projects\Federated_Learning\Master-Dataset\master_dataset\luit\DS04__luit_(swamp)_0004.jpg,luit
eb1c1e636362993c,D:\Projects\Federated_Learning\Master-Dataset\master_dataset\luit\DS04__luit_(swamp)_0006.jpg,luit
eb1c1e636362993c,D:\Projects\Federated_Learning\Master-Dataset\master_dataset\luit\DS04__luit_(swamp)_0008.jpg,luit
eb1c1e636362993c,D:\Projects\Federated_Learning\Master-Dataset\master_dataset\luit\DS04__luit_(swamp)_0010.jpg,luit
b760cd593826c6ba,D:\Projects\Federated_Learning\Master-Dataset\master_dataset\kalahandi\DS01__image_318x159_1.jpg,kalahandi
b760cd593826c6ba,D:\Projects\Federated_Learning\Master-Dataset\master_dataset\toda\DS01__image_318x159_1.jpg,toda
fcacc39352cca46c,D:\Projects\Federated_Learning\Master-Dataset\master_dataset\kalahandi\DS01__image_318x159_2.jpg,kalahandi
fcacc39352cca46c,D:\Projects\Federated_Learning\Master-Dataset\master_dataset\luit\DS01__image_318x159_1 (2).jpg,luit
fcacc39352cca46c,D:\Projects\Federated_Learning\Master-Dataset\master_dataset\luit\DS01__image_318x159_1.jpg,luit
fcacc39352cca46c,D:\Projects\Federated_Learning\Master-Dataset\master_dataset\marathwadi\DS01__Nagpuri_Buffalopedia.jpg,marathwadi
af75c1c25a39691a,D:\Projects\Federated_Learning\Master-Dataset\master_dataset\kalahandi\DS04__kalahandi_0001.jpg,kalahandi
af75c1c25a39691a,D:\Projects\Federated_Learning\Master-Dataset\master_dataset\toda\DS01__image_259x194_10.jpg,toda
af75c1c25a39691a,D:\Projects\Federated_Learning\Master-Dataset\master_dataset\toda\DS04__toda_0048.jpg,toda
af75c1c25a39691a,D:\Projects\Federated_Learning\Master-Dataset\master_dataset\toda\DS06__Toda_20.jpg,toda
af75c1c25a39691a,D:\Projects\Federated_Learning\Master-Dataset\master_dataset\toda\DS10__Toda_20.jpg,toda
e35f1ca1231acc6d,D:\Projects\Federated_Learning\Master-Dataset\master_dataset\kangayam\DS02__image_150x335_59.jpg,kangayam
e35f1ca1231acc6d,D:\Projects\Federated_Learning\Master-Dataset\master_dataset\kenkatha\DS02__image_150x335_53.jpg,kenkatha
bb9684c9485bb9b1,D:\Projects\Federated_Learning\Master-Dataset\master_dataset\kangayam\DS02__image_225x225_14.jpg,kangayam
bb9684c9485bb9b1,D:\Projects\Federated_Learning\Master-Dataset\master_dataset\kenkatha\DS02__image_225x225_29 (2).jpg,kenkatha
e1089ea761799b36,D:\Projects\Federated_Learning\Master-Dataset\master_dataset\kangayam\DS02__image_276x183_52.jpg,kangayam
e1089ea761799b36,D:\Projects\Federated_Learning\Master-Dataset\master_dataset\kenkatha\DS02__image_275x183_7.jpg,kenkatha
b14e67b1b8949947,D:\Projects\Federated_Learning\Master-Dataset\master_dataset\kangayam\DS02__Kangayam_42.jpg,kangayam
b14e67b1b8949947,D:\Projects\Federated_Learning\Master-Dataset\master_dataset\pulikulam\DS02__Pulikulam_62.jpg,pulikulam
b14e67b1b8949947,D:\Projects\Federated_Learning\Master-Dataset\master_dataset\pulikulam\DS04__pulikulam_0095.jpg,pulikulam
b14e67b1b8949947,D:\Projects\Federated_Learning\Master-Dataset\master_dataset\pulikulam\DS06__Pulikulam_62.jpg,pulikulam
b14e67b1b8949947,D:\Projects\Federated_Learning\Master-Dataset\master_dataset\pulikulam\DS10__Pulikulam_62.jpg,pulikulam
a10d87343fad68e5,D:\Projects\Federated_Learning\Master-Dataset\master_dataset\kangayam\DS02__Kangayam_73.jpg,kangayam
a10d87343fad68e5,D:\Projects\Federated_Learning\Master-Dataset\master_dataset\pulikulam\DS02__Pulikulam_48.jpg,pulikulam
a10d87343fad68e5,D:\Projects\Federated_Learning\Master-Dataset\master_dataset\pulikulam\DS04__pulikulam_0080.jpg,pulikulam
a10d87343fad68e5,D:\Projects\Federated_Learning\Master-Dataset\master_dataset\pulikulam\DS06__Pulikulam_48.jpg,pulikulam
a10d87343fad68e5,D:\Projects\Federated_Learning\Master-Dataset\master_dataset\pulikulam\DS10__Pulikulam_48.jpg,pulikulam
a301cce4cdf9d0dc,D:\Projects\Federated_Learning\Master-Dataset\master_dataset\kangayam\DS02__Visually_searched_image.jpg,kangayam
a301cce4cdf9d0dc,D:\Projects\Federated_Learning\Master-Dataset\master_dataset\kankrej\DS09__kankarej_53.jpg,kankrej
b14f47b138944de3,D:\Projects\Federated_Learning\Master-Dataset\master_dataset\kangayam\DS03__Kangayam_42.jpg,kangayam
b14f47b138944de3,D:\Projects\Federated_Learning\Master-Dataset\master_dataset\pulikulam\DS03__Pulikulam_62.jpg,pulikulam
a1055ef678cb9531,D:\Projects\Federated_Learning\Master-Dataset\master_dataset\kangayam\DS03__Kangayam_73.jpg,kangayam
a1055ef678cb9531,D:\Projects\Federated_Learning\Master-Dataset\master_dataset\pulikulam\DS03__Pulikulam_48.jpg,pulikulam
b10ec7b1b894c5e3,D:\Projects\Federated_Learning\Master-Dataset\master_dataset\kangayam\DS11__Kangayam_037.jpg,kangayam
b10ec7b1b894c5e3,D:\Projects\Federated_Learning\Master-Dataset\master_dataset\pulikulam\DS11__Pulikulam_085.jpg,pulikulam
f2243f1fe0f8d242,D:\Projects\Federated_Learning\Master-Dataset\master_dataset\kankrej\DS02__Kankrej_102.jpg,kankrej
f2243f1fe0f8d242,D:\Projects\Federated_Learning\Master-Dataset\master_dataset\khillari\DS02__Khillari_108.jpg,khillari
f2243f1fe0f8d242,D:\Projects\Federated_Learning\Master-Dataset\master_dataset\khillari\DS04__khillar_0025.jpg,khillari
f2243f1fe0f8d242,D:\Projects\Federated_Learning\Master-Dataset\master_dataset\khillari\DS10__Khillari_108.jpg,khillari
d0552d3adac8e987,D:\Projects\Federated_Learning\Master-Dataset\master_dataset\kankrej\DS02__Kankrej_105.jpg,kankrej
d0552d3adac8e987,D:\Projects\Federated_Learning\Master-Dataset\master_dataset\malvi\DS02__image_239x211_62.jpg,malvi
c829bf4bcda50393,D:\Projects\Federated_Learning\Master-Dataset\master_dataset\kankrej\DS02__Kankrej_159.jpg,kankrej
c829bf4bcda50393,D:\Projects\Federated_Learning\Master-Dataset\master_dataset\krishna-valley\DS02__Krishna_Valley_99.jpg,krishna-valley
c829bf4bcda50393,D:\Projects\Federated_Learning\Master-Dataset\master_dataset\krishna-valley\DS04__krishna_valley_0150.jpg,krishna-valley
c829bf4bcda50393,D:\Projects\Federated_Learning\Master-Dataset\master_dataset\krishna-valley\DS06__Krishna_Valley_99.jpg,krishna-valley
c829bf4bcda50393,D:\Projects\Federated_Learning\Master-Dataset\master_dataset\krishna-valley\DS10__Krishna_Valley_99.jpg,krishna-valley
a8a43f3bc2e1d8a9,D:\Projects\Federated_Learning\Master-Dataset\master_dataset\kankrej\DS02__Kankrej_168.jpg,kankrej
a8a43f3bc2e1d8a9,D:\Projects\Federated_Learning\Master-Dataset\master_dataset\malvi\DS02__image_218x231_2.jpg,malvi
a8a43f3bc2e1d8a9,D:\Projects\Federated_Learning\Master-Dataset\master_dataset\nagori\DS04__nagori_0016.jpg,nagori
a8a43f3bc2e1d8a9,D:\Projects\Federated_Learning\Master-Dataset\master_dataset\nagori\DS10__00000020.jpg,nagori
d6da61c78b70b40e,D:\Projects\Federated_Learning\Master-Dataset\master_dataset\kankrej\DS02__Kankrej_171.png,kankrej
d6da61c78b70b40e,D:\Projects\Federated_Learning\Master-Dataset\master_dataset\tharparkar\DS02__Tharparkar_31.png,tharparkar
d6da61c78b70b40e,D:\Projects\Federated_Learning\Master-Dataset\master_dataset\tharparkar\DS04__tharparkar_0156.png,tharparkar
d6da61c78b70b40e,D:\Projects\Federated_Learning\Master-Dataset\master_dataset\tharparkar\DS06__Tharparkar_31.png,tharparkar
d6da61c78b70b40e,D:\Projects\Federated_Learning\Master-Dataset\master_dataset\tharparkar\DS10__Tharparkar_31.png,tharparkar
80326f5fd04df26c,D:\Projects\Federated_Learning\Master-Dataset\master_dataset\kankrej\DS02__Kankrej_177.jpg,kankrej
80326f5fd04df26c,D:\Projects\Federated_Learning\Master-Dataset\master_dataset\kenkatha\DS04__kenkatha_0062.jpg,kenkatha
91f1fee881b3cb80,D:\Projects\Federated_Learning\Master-Dataset\master_dataset\kankrej\DS02__Kankrej_99.jpeg,kankrej
91f1fee881b3cb80,D:\Projects\Federated_Learning\Master-Dataset\master_dataset\rathi\DS02__00000328.jpeg,rathi
91f1fee881b3cb80,D:\Projects\Federated_Learning\Master-Dataset\master_dataset\rathi\DS04__rathi_0103.jpeg,rathi
91f1fee881b3cb80,D:\Projects\Federated_Learning\Master-Dataset\master_dataset\rathi\DS06__00000328.jpeg,rathi
91f1fee881b3cb80,D:\Projects\Federated_Learning\Master-Dataset\master_dataset\rathi\DS10__00000328.jpeg,rathi
f2242ddb50f01f0f,D:\Projects\Federated_Learning\Master-Dataset\master_dataset\kankrej\DS03__Kankrej_102.jpg,kankrej
f2242ddb50f01f0f,D:\Projects\Federated_Learning\Master-Dataset\master_dataset\khillari\DS03__Khillari_108.jpg,khillari
c8c8b53500ebfb33,D:\Projects\Federated_Learning\Master-Dataset\master_dataset\kankrej\DS03__Kankrej_140.jpg,kankrej
c8c8b53500ebfb33,D:\Projects\Federated_Learning\Master-Dataset\master_dataset\nari\DS02__image_200x200_34.jpg,nari
c8293f4b4db53293,D:\Projects\Federated_Learning\Master-Dataset\master_dataset\kankrej\DS03__Kankrej_159.jpg,kankrej
c8293f4b4db53293,D:\Projects\Federated_Learning\Master-Dataset\master_dataset\krishna-valley\DS03__Krishna_Valley_99.jpg,krishna-valley
81a63d3fc2c0d9ad,D:\Projects\Federated_Learning\Master-Dataset\master_dataset\kankrej\DS03__Kankrej_168.jpg,kankrej
81a63d3fc2c0d9ad,D:\Projects\Federated_Learning\Master-Dataset\master_dataset\nagori\DS03__00000020.jpg,nagori
d6de21250e39748f,D:\Projects\Federated_Learning\Master-Dataset\master_dataset\kankrej\DS03__Kankrej_171.png,kankrej
d6de21250e39748f,D:\Projects\Federated_Learning\Master-Dataset\master_dataset\tharparkar\DS03__Tharparkar_31.png,tharparkar
84326f5d50e06fb3,D:\Projects\Federated_Learning\Master-Dataset\master_dataset\kankrej\DS03__Kankrej_177.jpg,kankrej
84326f5d50e06fb3,D:\Projects\Federated_Learning\Master-Dataset\master_dataset\kenkatha\DS03__00000288.JPG,kenkatha
91f17e2c49076e4e,D:\Projects\Federated_Learning\Master-Dataset\master_dataset\kankrej\DS03__Kankrej_99.jpeg,kankrej
91f17e2c49076e4e,D:\Projects\Federated_Learning\Master-Dataset\master_dataset\rathi\DS03__00000328.jpeg,rathi
8754786b1b1e9d94,D:\Projects\Federated_Learning\Master-Dataset\master_dataset\kankrej\DS09__kankarej_20.jpg,kankrej
8754786b1b1e9d94,D:\Projects\Federated_Learning\Master-Dataset\master_dataset\krishna-valley\DS02__Krishna_Valley_84.jpg,krishna-valley
8754786b1b1e9d94,D:\Projects\Federated_Learning\Master-Dataset\master_dataset\krishna-valley\DS04__krishna_valley_0134.jpg,krishna-valley
8754786b1b1e9d94,D:\Projects\Federated_Learning\Master-Dataset\master_dataset\krishna-valley\DS06__Krishna_Valley_84.jpg,krishna-valley
8754786b1b1e9d94,D:\Projects\Federated_Learning\Master-Dataset\master_dataset\krishna-valley\DS10__Krishna_Valley_84.jpg,krishna-valley
aba43d3fc2c089ad,D:\Projects\Federated_Learning\Master-Dataset\master_dataset\kankrej\DS11__Kankrej_077.jpg,kankrej
aba43d3fc2c089ad,D:\Projects\Federated_Learning\Master-Dataset\master_dataset\nagori\DS11__Nagori_006.jpg,nagori
8032ef5d90e8af93,D:\Projects\Federated_Learning\Master-Dataset\master_dataset\kankrej\DS11__Kankrej_087.jpg,kankrej
8032ef5d90e8af93,D:\Projects\Federated_Learning\Master-Dataset\master_dataset\kenkatha\DS11__Kenkatha_048.jpg,kenkatha
ac2c53db197626cc,D:\Projects\Federated_Learning\Master-Dataset\master_dataset\kasargod\DS03__00000009.jpg,kasargod
ac2c53db197626cc,D:\Projects\Federated_Learning\Master-Dataset\master_dataset\malnad-gidda\DS03__00000035.jpg,malnad-gidda
f2781d93436d14b6,D:\Projects\Federated_Learning\Master-Dataset\master_dataset\kasargod\DS03__00000024.jpg,kasargod
f2781d93436d14b6,D:\Projects\Federated_Learning\Master-Dataset\master_dataset\malnad-gidda\DS03__00000038.jpg,malnad-gidda
bd4d12b244de6ad1,D:\Projects\Federated_Learning\Master-Dataset\master_dataset\kasargod\DS03__00000117.jpg,kasargod
bd4d12b244de6ad1,D:\Projects\Federated_Learning\Master-Dataset\master_dataset\vechur\DS03__00000141.jpg,vechur
92969e3c3c9663c9,D:\Projects\Federated_Learning\Master-Dataset\master_dataset\kasargod\DS03__00000344.jpg,kasargod
92969e3c3c9663c9,D:\Projects\Federated_Learning\Master-Dataset\master_dataset\malnad-gidda\DS03__00000013.jpg,malnad-gidda
f94316b869879ab4,D:\Projects\Federated_Learning\Master-Dataset\master_dataset\kasargod\DS03__00000349.jpg,kasargod
f94316b869879ab4,D:\Projects\Federated_Learning\Master-Dataset\master_dataset\nagpuri\DS03__Nagpuri_27.jpg,nagpuri
f94316b869879ab4,D:\Projects\Federated_Learning\Master-Dataset\master_dataset\pulikulam\DS03__Pulikulam_22.jpg,pulikulam
f94316b869879ab4,D:\Projects\Federated_Learning\Master-Dataset\master_dataset\toda\DS03__Toda_11.jpg,toda
8a6b74d465981b67,D:\Projects\Federated_Learning\Master-Dataset\master_dataset\kasargod\DS03__00000385.jpg,kasargod
8a6b74d465981b67,D:\Projects\Federated_Learning\Master-Dataset\master_dataset\vechur\DS03__00000049.jpg,vechur
919b9a93da9494ce,D:\Projects\Federated_Learning\Master-Dataset\master_dataset\kasargod\DS03__00000388.jpg,kasargod
919b9a93da9494ce,D:\Projects\Federated_Learning\Master-Dataset\master_dataset\malnad-gidda\DS03__00000021.jpg,malnad-gidda
da1d14e261d99ea6,D:\Projects\Federated_Learning\Master-Dataset\master_dataset\kasargod\DS03__00000394.jpg,kasargod
da1d14e261d99ea6,D:\Projects\Federated_Learning\Master-Dataset\master_dataset\malnad-gidda\DS03__00000098.jpg,malnad-gidda
9b2f64e0685e9ea1,D:\Projects\Federated_Learning\Master-Dataset\master_dataset\kasargod\DS03__00000395.jpg,kasargod
9b2f64e0685e9ea1,D:\Projects\Federated_Learning\Master-Dataset\master_dataset\vechur\DS03__00000158.jpg,vechur
ac24d2c9d933727c,D:\Projects\Federated_Learning\Master-Dataset\master_dataset\kasargod\DS06__00000009.jpg,kasargod
ac24d2c9d933727c,D:\Projects\Federated_Learning\Master-Dataset\master_dataset\malnad-gidda\DS02__00000035.jpg,malnad-gidda
ac24d2c9d933727c,D:\Projects\Federated_Learning\Master-Dataset\master_dataset\malnad-gidda\DS04__malnad_gidda_0027.jpg,malnad-gidda
ac24d2c9d933727c,D:\Projects\Federated_Learning\Master-Dataset\master_dataset\malnad-gidda\DS06__00000035.jpg,malnad-gidda
ac24d2c9d933727c,D:\Projects\Federated_Learning\Master-Dataset\master_dataset\malnad-gidda\DS10__00000035.jpg,malnad-gidda
f2789d92c349d493,D:\Projects\Federated_Learning\Master-Dataset\master_dataset\kasargod\DS06__00000024.jpg,kasargod
f2789d92c349d493,D:\Projects\Federated_Learning\Master-Dataset\master_dataset\malnad-gidda\DS02__00000038.jpg,malnad-gidda
f2789d92c349d493,D:\Projects\Federated_Learning\Master-Dataset\master_dataset\malnad-gidda\DS04__malnad_gidda_0028.jpg,malnad-gidda
f2789d92c349d493,D:\Projects\Federated_Learning\Master-Dataset\master_dataset\malnad-gidda\DS06__00000038.jpg,malnad-gidda
f2789d92c349d493,D:\Projects\Federated_Learning\Master-Dataset\master_dataset\malnad-gidda\DS10__00000038.jpg,malnad-gidda
fa3d8ec2e1cc9701,D:\Projects\Federated_Learning\Master-Dataset\master_dataset\kasargod\DS06__00000036.jpg,kasargod
fa3d8ec2e1cc9701,D:\Projects\Federated_Learning\Master-Dataset\master_dataset\konkan-kapila\DS02__image_264x191_3.jpg,konkan-kapila
bd4d1330c73e6626,D:\Projects\Federated_Learning\Master-Dataset\master_dataset\kasargod\DS06__00000117.jpg,kasargod
bd4d1330c73e6626,D:\Projects\Federated_Learning\Master-Dataset\master_dataset\vechur\DS02__00000141.jpg,vechur
bd4d1330c73e6626,D:\Projects\Federated_Learning\Master-Dataset\master_dataset\vechur\DS04__vechur_0052.jpg,vechur
bd4d1330c73e6626,D:\Projects\Federated_Learning\Master-Dataset\master_dataset\vechur\DS06__00000141.jpg,vechur
bd4d1330c73e6626,D:\Projects\Federated_Learning\Master-Dataset\master_dataset\vechur\DS10__00000141.jpg,vechur
f9479630654b3947,D:\Projects\Federated_Learning\Master-Dataset\master_dataset\kasargod\DS06__00000349.jpg,kasargod
f9479630654b3947,D:\Projects\Federated_Learning\Master-Dataset\master_dataset\nagpuri\DS04__nagpuri_0122.jpg,nagpuri
f9479630654b3947,D:\Projects\Federated_Learning\Master-Dataset\master_dataset\nagpuri\DS06__Nagpuri_27.jpg,nagpuri
f9479630654b3947,D:\Projects\Federated_Learning\Master-Dataset\master_dataset\nagpuri\DS10__Nagpuri_27.jpg,nagpuri
f9479630654b3947,D:\Projects\Federated_Learning\Master-Dataset\master_dataset\pulikulam\DS02__Pulikulam_22.jpg,pulikulam
f9479630654b3947,D:\Projects\Federated_Learning\Master-Dataset\master_dataset\pulikulam\DS04__pulikulam_0052.jpg,pulikulam
f9479630654b3947,D:\Projects\Federated_Learning\Master-Dataset\master_dataset\pulikulam\DS06__Pulikulam_22.jpg,pulikulam
f9479630654b3947,D:\Projects\Federated_Learning\Master-Dataset\master_dataset\pulikulam\DS10__Pulikulam_22.jpg,pulikulam
f9479630654b3947,D:\Projects\Federated_Learning\Master-Dataset\master_dataset\toda\DS04__toda_0023.jpg,toda
f9479630654b3947,D:\Projects\Federated_Learning\Master-Dataset\master_dataset\toda\DS06__Toda_11.jpg,toda
f9479630654b3947,D:\Projects\Federated_Learning\Master-Dataset\master_dataset\toda\DS10__Toda_11.jpg,toda
8a2b54e76598cb65,D:\Projects\Federated_Learning\Master-Dataset\master_dataset\kasargod\DS06__00000385.jpg,kasargod
8a2b54e76598cb65,D:\Projects\Federated_Learning\Master-Dataset\master_dataset\vechur\DS02__00000049.jpg,vechur
8a2b54e76598cb65,D:\Projects\Federated_Learning\Master-Dataset\master_dataset\vechur\DS04__vechur_0028.jpg,vechur
8a2b54e76598cb65,D:\Projects\Federated_Learning\Master-Dataset\master_dataset\vechur\DS10__00000049.jpg,vechur
da1d942661591d7d,D:\Projects\Federated_Learning\Master-Dataset\master_dataset\kasargod\DS06__00000394.jpg,kasargod
da1d942661591d7d,D:\Projects\Federated_Learning\Master-Dataset\master_dataset\malnad-gidda\DS02__00000098.jpg,malnad-gidda
da1d942661591d7d,D:\Projects\Federated_Learning\Master-Dataset\master_dataset\malnad-gidda\DS04__malnad_gidda_0038.jpg,malnad-gidda
da1d942661591d7d,D:\Projects\Federated_Learning\Master-Dataset\master_dataset\malnad-gidda\DS10__00000098.jpg,malnad-gidda
9b2f85e161dec096,D:\Projects\Federated_Learning\Master-Dataset\master_dataset\kasargod\DS06__00000395.jpg,kasargod
9b2f85e161dec096,D:\Projects\Federated_Learning\Master-Dataset\master_dataset\vechur\DS02__00000158.jpg,vechur
9b2f85e161dec096,D:\Projects\Federated_Learning\Master-Dataset\master_dataset\vechur\DS04__vechur_0056.jpg,vechur
9b2f85e161dec096,D:\Projects\Federated_Learning\Master-Dataset\master_dataset\vechur\DS06__00000158.jpg,vechur
9b2f85e161dec096,D:\Projects\Federated_Learning\Master-Dataset\master_dataset\vechur\DS10__00000158.jpg,vechur
b1919292d2ada5cf,D:\Projects\Federated_Learning\Master-Dataset\master_dataset\kasargod\DS10__00000388.jpg,kasargod
b1919292d2ada5cf,D:\Projects\Federated_Learning\Master-Dataset\master_dataset\malnad-gidda\DS02__00000021.jpg,malnad-gidda
b1919292d2ada5cf,D:\Projects\Federated_Learning\Master-Dataset\master_dataset\malnad-gidda\DS04__malnad_gidda_0021.jpg,malnad-gidda
b1919292d2ada5cf,D:\Projects\Federated_Learning\Master-Dataset\master_dataset\malnad-gidda\DS06__00000021.jpg,malnad-gidda
b1919292d2ada5cf,D:\Projects\Federated_Learning\Master-Dataset\master_dataset\malnad-gidda\DS10__00000021.jpg,malnad-gidda
ac24d2db9976a2cc,D:\Projects\Federated_Learning\Master-Dataset\master_dataset\kasargod\DS11__Kasargod_005.jpg,kasargod
ac24d2db9976a2cc,D:\Projects\Federated_Learning\Master-Dataset\master_dataset\malnad-gidda\DS11__Malnad_gidda_017.jpg,malnad-gidda
f2789d92c22d94b6,D:\Projects\Federated_Learning\Master-Dataset\master_dataset\kasargod\DS11__Kasargod_012.jpg,kasargod
f2789d92c22d94b6,D:\Projects\Federated_Learning\Master-Dataset\master_dataset\malnad-gidda\DS11__Malnad_gidda_018.jpg,malnad-gidda
bd4d9232c4dee0d1,D:\Projects\Federated_Learning\Master-Dataset\master_dataset\kasargod\DS11__Kasargod_026.jpg,kasargod
bd4d9232c4dee0d1,D:\Projects\Federated_Learning\Master-Dataset\master_dataset\vechur\DS11__Vechur_042.jpg,vechur
8a2bd4d4e5989b66,D:\Projects\Federated_Learning\Master-Dataset\master_dataset\kasargod\DS11__Kasargod_068.jpg,kasargod
8a2bd4d4e5989b66,D:\Projects\Federated_Learning\Master-Dataset\master_dataset\vechur\DS11__Vechur_018.jpg,vechur
bb9b9a939a84944e,D:\Projects\Federated_Learning\Master-Dataset\master_dataset\kasargod\DS11__Kasargod_071.jpg,kasargod
bb9b9a939a84944e,D:\Projects\Federated_Learning\Master-Dataset\master_dataset\malnad-gidda\DS11__Malnad_gidda_011.jpg,malnad-gidda
a214e62d0fcbd276,D:\Projects\Federated_Learning\Master-Dataset\master_dataset\kenkatha\DS02__image_168x300_58.jpg,kenkatha
a214e62d0fcbd276,D:\Projects\Federated_Learning\Master-Dataset\master_dataset\pandharpuri\DS01__image_168x300_8.jpg,pandharpuri
fa1ca5e16d4d140f,D:\Projects\Federated_Learning\Master-Dataset\master_dataset\kenkatha\DS02__image_229x221_49.jpg,kenkatha
fa1ca5e16d4d140f,D:\Projects\Federated_Learning\Master-Dataset\master_dataset\nagori\DS04__nagori_0036.jpg,nagori
fa1ca5e16d4d140f,D:\Projects\Federated_Learning\Master-Dataset\master_dataset\nagori\DS06__00000110.jpg,nagori
fa1ca5e16d4d140f,D:\Projects\Federated_Learning\Master-Dataset\master_dataset\nagori\DS10__00000110.jpg,nagori
ef2bc485cb48c6c3,D:\Projects\Federated_Learning\Master-Dataset\master_dataset\kenkatha\DS02__image_257x196_5.jpg,kenkatha
ef2bc485cb48c6c3,D:\Projects\Federated_Learning\Master-Dataset\master_dataset\umblachery\DS02__Umblachery_33.jpg,umblachery
ef2bc485cb48c6c3,D:\Projects\Federated_Learning\Master-Dataset\master_dataset\umblachery\DS04__umblachery_0037.jpg,umblachery
ef2bc485cb48c6c3,D:\Projects\Federated_Learning\Master-Dataset\master_dataset\umblachery\DS10__Umblachery_33.jpg,umblachery
fb8e94c0606a7b69,D:\Projects\Federated_Learning\Master-Dataset\master_dataset\kenkatha\DS02__image_259x194_12 (2).jpg,kenkatha
fb8e94c0606a7b69,D:\Projects\Federated_Learning\Master-Dataset\master_dataset\konkan-kapila\DS04__konkan_kapila_0001.jpg,konkan-kapila
fb8e94c0606a7b69,D:\Projects\Federated_Learning\Master-Dataset\master_dataset\konkan-kapila\DS04__konkan_kapila_0003.jpg,konkan-kapila
fb8e94c0606a7b69,D:\Projects\Federated_Learning\Master-Dataset\master_dataset\konkan-kapila\DS04__konkan_kapila_0005.jpg,konkan-kapila
fb8e94c0606a7b69,D:\Projects\Federated_Learning\Master-Dataset\master_dataset\konkan-kapila\DS04__konkan_kapila_0007.jpg,konkan-kapila
fb8e94c0606a7b69,D:\Projects\Federated_Learning\Master-Dataset\master_dataset\konkan-kapila\DS04__konkan_kapila_0009.jpg,konkan-kapila
fb8e94c0606a7b69,D:\Projects\Federated_Learning\Master-Dataset\master_dataset\umblachery\DS02__Umblachery_25.jpg,umblachery
fb8e94c0606a7b69,D:\Projects\Federated_Learning\Master-Dataset\master_dataset\umblachery\DS04__umblachery_0028.jpg,umblachery
fb8e94c0606a7b69,D:\Projects\Federated_Learning\Master-Dataset\master_dataset\umblachery\DS06__Umblachery_25.jpg,umblachery
fb8e94c0606a7b69,D:\Projects\Federated_Learning\Master-Dataset\master_dataset\umblachery\DS10__Umblachery_25.jpg,umblachery
de5f25a0039f113d,D:\Projects\Federated_Learning\Master-Dataset\master_dataset\kenkatha\DS03__00000014.jpg,kenkatha
de5f25a0039f113d,D:\Projects\Federated_Learning\Master-Dataset\master_dataset\kherigarh\DS03__00000083.jpg,kherigarh
e9681687357a0eec,D:\Projects\Federated_Learning\Master-Dataset\master_dataset\kenkatha\DS03__00000015.png,kenkatha
e9681687357a0eec,D:\Projects\Federated_Learning\Master-Dataset\master_dataset\kherigarh\DS03__00000070.png,kherigarh
e9681687357a0eec,D:\Projects\Federated_Learning\Master-Dataset\master_dataset\umblachery\DS03__Umblachery_28.png,umblachery
c981677e3e1a69a4,D:\Projects\Federated_Learning\Master-Dataset\master_dataset\kenkatha\DS03__00000027.jpeg,kenkatha
c981677e3e1a69a4,D:\Projects\Federated_Learning\Master-Dataset\master_dataset\kherigarh\DS03__00000014.jpeg,kherigarh
e30754f83a53c7a4,D:\Projects\Federated_Learning\Master-Dataset\master_dataset\kenkatha\DS03__00000085.jpg,kenkatha
e30754f83a53c7a4,D:\Projects\Federated_Learning\Master-Dataset\master_dataset\umblachery\DS03__Umblachery_34.jpg,umblachery
d1932e6cdd489393,D:\Projects\Federated_Learning\Master-Dataset\master_dataset\kenkatha\DS03__00000122.png,kenkatha
d1932e6cdd489393,D:\Projects\Federated_Learning\Master-Dataset\master_dataset\nagori\DS03__00000139.png,nagori
f1072ef8166ced81,D:\Projects\Federated_Learning\Master-Dataset\master_dataset\kenkatha\DS03__00000132.jpg,kenkatha
f1072ef8166ced81,D:\Projects\Federated_Learning\Master-Dataset\master_dataset\kherigarh\DS03__00000051.jpg,kherigarh
f1072ef8166ced81,D:\Projects\Federated_Learning\Master-Dataset\master_dataset\pulikulam\DS03__Pulikulam_13.jpg,pulikulam
ca94352b7966c699,D:\Projects\Federated_Learning\Master-Dataset\master_dataset\kenkatha\DS03__00000280.jpg,kenkatha
ca94352b7966c699,D:\Projects\Federated_Learning\Master-Dataset\master_dataset\kherigarh\DS03__00000102.jpg,kherigarh
d34b0c9c36b3c94d,D:\Projects\Federated_Learning\Master-Dataset\master_dataset\kenkatha\DS03__00000289.JPG,kenkatha
d34b0c9c36b3c94d,D:\Projects\Federated_Learning\Master-Dataset\master_dataset\kherigarh\DS03__00000189.JPG,kherigarh
b1b34ecc4c336333,D:\Projects\Federated_Learning\Master-Dataset\master_dataset\kenkatha\DS03__00000298.jpg,kenkatha
b1b34ecc4c336333,D:\Projects\Federated_Learning\Master-Dataset\master_dataset\nagori\DS03__00000003.jpg,nagori
de5fe46066c29b21,D:\Projects\Federated_Learning\Master-Dataset\master_dataset\kenkatha\DS04__kenkatha_0020.jpg,kenkatha
de5fe46066c29b21,D:\Projects\Federated_Learning\Master-Dataset\master_dataset\kherigarh\DS04__kherigarh_0026.jpg,kherigarh
de5fe46066c29b21,D:\Projects\Federated_Learning\Master-Dataset\master_dataset\kherigarh\DS06__00000083.jpg,kherigarh
de5fe46066c29b21,D:\Projects\Federated_Learning\Master-Dataset\master_dataset\kherigarh\DS10__00000083.jpg,kherigarh
e968868735330e7e,D:\Projects\Federated_Learning\Master-Dataset\master_dataset\kenkatha\DS04__kenkatha_0021.png,kenkatha
e968868735330e7e,D:\Projects\Federated_Learning\Master-Dataset\master_dataset\kherigarh\DS04__kherigarh_0024.png,kherigarh
e968868735330e7e,D:\Projects\Federated_Learning\Master-Dataset\master_dataset\kherigarh\DS10__00000070.png,kherigarh
e968868735330e7e,D:\Projects\Federated_Learning\Master-Dataset\master_dataset\umblachery\DS02__Umblachery_28.png,umblachery
e968868735330e7e,D:\Projects\Federated_Learning\Master-Dataset\master_dataset\umblachery\DS04__umblachery_0031.png,umblachery
e968868735330e7e,D:\Projects\Federated_Learning\Master-Dataset\master_dataset\umblachery\DS06__Umblachery_28.png,umblachery
e968868735330e7e,D:\Projects\Federated_Learning\Master-Dataset\master_dataset\umblachery\DS10__Umblachery_28.png,umblachery
e307c5ac6d6d5348,D:\Projects\Federated_Learning\Master-Dataset\master_dataset\kenkatha\DS04__kenkatha_0026.jpg,kenkatha
e307c5ac6d6d5348,D:\Projects\Federated_Learning\Master-Dataset\master_dataset\umblachery\DS02__Umblachery_34.jpg,umblachery
e307c5ac6d6d5348,D:\Projects\Federated_Learning\Master-Dataset\master_dataset\umblachery\DS04__umblachery_0038.jpg,umblachery
e307c5ac6d6d5348,D:\Projects\Federated_Learning\Master-Dataset\master_dataset\umblachery\DS06__Umblachery_34.jpg,umblachery
e307c5ac6d6d5348,D:\Projects\Federated_Learning\Master-Dataset\master_dataset\umblachery\DS10__Umblachery_34.jpg,umblachery
d1932eb36ced2918,D:\Projects\Federated_Learning\Master-Dataset\master_dataset\kenkatha\DS04__kenkatha_0030.png,kenkatha
d1932eb36ced2918,D:\Projects\Federated_Learning\Master-Dataset\master_dataset\nagori\DS04__nagori_0041.png,nagori
d1932eb36ced2918,D:\Projects\Federated_Learning\Master-Dataset\master_dataset\nagori\DS06__00000139.png,nagori
d1932eb36ced2918,D:\Projects\Federated_Learning\Master-Dataset\master_dataset\nagori\DS10__00000139.png,nagori
f107e993c09b903f,D:\Projects\Federated_Learning\Master-Dataset\master_dataset\kenkatha\DS04__kenkatha_0031.jpg,kenkatha
f107e993c09b903f,D:\Projects\Federated_Learning\Master-Dataset\master_dataset\kherigarh\DS04__kherigarh_0022.jpg,kherigarh
f107e993c09b903f,D:\Projects\Federated_Learning\Master-Dataset\master_dataset\kherigarh\DS06__00000051.jpg,kherigarh
f107e993c09b903f,D:\Projects\Federated_Learning\Master-Dataset\master_dataset\kherigarh\DS10__00000051.jpg,kherigarh
f107e993c09b903f,D:\Projects\Federated_Learning\Master-Dataset\master_dataset\pulikulam\DS02__Pulikulam_13.jpg,pulikulam
f107e993c09b903f,D:\Projects\Federated_Learning\Master-Dataset\master_dataset\pulikulam\DS04__pulikulam_0043.jpg,pulikulam
f107e993c09b903f,D:\Projects\Federated_Learning\Master-Dataset\master_dataset\pulikulam\DS06__Pulikulam_13.jpg,pulikulam
f107e993c09b903f,D:\Projects\Federated_Learning\Master-Dataset\master_dataset\pulikulam\DS10__Pulikulam_13.jpg,pulikulam
d394357ad8ca8d23,D:\Projects\Federated_Learning\Master-Dataset\master_dataset\kenkatha\DS04__kenkatha_0045.jpg,kenkatha
d394357ad8ca8d23,D:\Projects\Federated_Learning\Master-Dataset\master_dataset\nagori\DS02__image_231x192_56.jpg,nagori
ca9486992d6de96a,D:\Projects\Federated_Learning\Master-Dataset\master_dataset\kenkatha\DS04__kenkatha_0057.jpg,kenkatha
ca9486992d6de96a,D:\Projects\Federated_Learning\Master-Dataset\master_dataset\kherigarh\DS04__kherigarh_0029.jpg,kherigarh
ca9486992d6de96a,D:\Projects\Federated_Learning\Master-Dataset\master_dataset\kherigarh\DS10__00000102.jpg,kherigarh
de4e2f352171988e,D:\Projects\Federated_Learning\Master-Dataset\master_dataset\kenkatha\DS04__kenkatha_0059.jpg,kenkatha
de4e2f352171988e,D:\Projects\Federated_Learning\Master-Dataset\master_dataset\kherigarh\DS02__image_276x183_2.jpg,kherigarh
de4e2f352171988e,D:\Projects\Federated_Learning\Master-Dataset\master_dataset\kherigarh\DS04__kherigarh_0002.jpg,kherigarh
de4e2f352171988e,D:\Projects\Federated_Learning\Master-Dataset\master_dataset\kherigarh\DS04__kherigarh_0004.jpg,kherigarh
de4e2f352171988e,D:\Projects\Federated_Learning\Master-Dataset\master_dataset\kherigarh\DS04__kherigarh_0006.jpg,kherigarh
de4e2f352171988e,D:\Projects\Federated_Learning\Master-Dataset\master_dataset\kherigarh\DS04__kherigarh_0008.jpg,kherigarh
de4e2f352171988e,D:\Projects\Federated_Learning\Master-Dataset\master_dataset\kherigarh\DS04__kherigarh_0010.jpg,kherigarh
d37b88dc26b2431d,D:\Projects\Federated_Learning\Master-Dataset\master_dataset\kenkatha\DS04__kenkatha_0063.jpg,kenkatha
d37b88dc26b2431d,D:\Projects\Federated_Learning\Master-Dataset\master_dataset\kherigarh\DS04__kherigarh_0035.jpg,kherigarh
d37b88dc26b2431d,D:\Projects\Federated_Learning\Master-Dataset\master_dataset\kherigarh\DS06__00000189.JPG,kherigarh
d37b88dc26b2431d,D:\Projects\Federated_Learning\Master-Dataset\master_dataset\kherigarh\DS10__00000189.JPG,kherigarh
d37b88dc26b2431d,D:\Projects\Federated_Learning\Master-Dataset\master_dataset\krishna-valley\DS02__Krishna_Valley_94.jpg,krishna-valley
d37b88dc26b2431d,D:\Projects\Federated_Learning\Master-Dataset\master_dataset\krishna-valley\DS04__krishna_valley_0145.jpg,krishna-valley
d37b88dc26b2431d,D:\Projects\Federated_Learning\Master-Dataset\master_dataset\krishna-valley\DS06__Krishna_Valley_94.jpg,krishna-valley
d37b88dc26b2431d,D:\Projects\Federated_Learning\Master-Dataset\master_dataset\krishna-valley\DS10__Krishna_Valley_94.jpg,krishna-valley
9797e30c1c272717,D:\Projects\Federated_Learning\Master-Dataset\master_dataset\kenkatha\DS04__kenkatha_0067.jpg,kenkatha
9797e30c1c272717,D:\Projects\Federated_Learning\Master-Dataset\master_dataset\nagori\DS02__Visually_searched_image (4).jpg,nagori
de5fa5a0838f9134,D:\Projects\Federated_Learning\Master-Dataset\master_dataset\kenkatha\DS11__Kenkatha_006.jpg,kenkatha
de5fa5a0838f9134,D:\Projects\Federated_Learning\Master-Dataset\master_dataset\kherigarh\DS11__Kherigarh_016.jpg,kherigarh
e9289685b17a8eec,D:\Projects\Federated_Learning\Master-Dataset\master_dataset\kenkatha\DS11__Kenkatha_007.jpg,kenkatha
e9289685b17a8eec,D:\Projects\Federated_Learning\Master-Dataset\master_dataset\kherigarh\DS11__Kherigarh_014.jpg,kherigarh
e9289685b17a8eec,D:\Projects\Federated_Learning\Master-Dataset\master_dataset\umblachery\DS11__Umblachery_021.jpg,umblachery
c981e37ebe1ae8a0,D:\Projects\Federated_Learning\Master-Dataset\master_dataset\kenkatha\DS11__Kenkatha_009.jpg,kenkatha
c981e37ebe1ae8a0,D:\Projects\Federated_Learning\Master-Dataset\master_dataset\kherigarh\DS11__Kherigarh_006.jpg,kherigarh
f107eaf8966c6981,D:\Projects\Federated_Learning\Master-Dataset\master_dataset\kenkatha\DS11__Kenkatha_017.jpg,kenkatha
f107eaf8966c6981,D:\Projects\Federated_Learning\Master-Dataset\master_dataset\kherigarh\DS11__Kherigarh_012.jpg,kherigarh
f107eaf8966c6981,D:\Projects\Federated_Learning\Master-Dataset\master_dataset\pulikulam\DS11__Pulikulam_033.jpg,pulikulam
ca94a52bf9e64299,D:\Projects\Federated_Learning\Master-Dataset\master_dataset\kenkatha\DS11__Kenkatha_043.jpg,kenkatha
ca94a52bf9e64299,D:\Projects\Federated_Learning\Master-Dataset\master_dataset\kherigarh\DS11__Kherigarh_019.jpg,kherigarh
d34b8c8ca6a3d94d,D:\Projects\Federated_Learning\Master-Dataset\master_dataset\kenkatha\DS11__Kenkatha_049.jpg,kenkatha
d34b8c8ca6a3d94d,D:\Projects\Federated_Learning\Master-Dataset\master_dataset\kherigarh\DS11__Kherigarh_025.jpg,kherigarh
d34b8c8ca6a3d94d,D:\Projects\Federated_Learning\Master-Dataset\master_dataset\krishna-valley\DS11__Krishna_Valley_131.jpg,krishna-valley
b133cecccc33c331,D:\Projects\Federated_Learning\Master-Dataset\master_dataset\kenkatha\DS11__Kenkatha_055.jpg,kenkatha
b133cecccc33c331,D:\Projects\Federated_Learning\Master-Dataset\master_dataset\nagori\DS11__Nagori_002.jpg,nagori
aeda8896d5c0ab35,D:\Projects\Federated_Learning\Master-Dataset\master_dataset\khariar\DS02__image_274x184_2.jpg,khariar
aeda8896d5c0ab35,D:\Projects\Federated_Learning\Master-Dataset\master_dataset\sahiwal\DS02__Sahiwal_280.jpg,sahiwal
aeda8896d5c0ab35,D:\Projects\Federated_Learning\Master-Dataset\master_dataset\sahiwal\DS04__sahiwal_0212.jpg,sahiwal
aeda8896d5c0ab35,D:\Projects\Federated_Learning\Master-Dataset\master_dataset\sahiwal\DS10__Sahiwal_280.jpg,sahiwal
fa0795f02593ec86,D:\Projects\Federated_Learning\Master-Dataset\master_dataset\khariar\DS02__image_275x183_8.jpg,khariar
fa0795f02593ec86,D:\Projects\Federated_Learning\Master-Dataset\master_dataset\red-kandhari\DS02__image_275x183_16 (3).jpg,red-kandhari
b99dd3c2c0ea4f24,D:\Projects\Federated_Learning\Master-Dataset\master_dataset\khariar\DS02__Visually_searched_image.jpg,khariar
b99dd3c2c0ea4f24,D:\Projects\Federated_Learning\Master-Dataset\master_dataset\krishna-valley\DS02__Krishna_Valley_98.jpg,krishna-valley
b99dd3c2c0ea4f24,D:\Projects\Federated_Learning\Master-Dataset\master_dataset\krishna-valley\DS04__krishna_valley_0149.jpg,krishna-valley
b99dd3c2c0ea4f24,D:\Projects\Federated_Learning\Master-Dataset\master_dataset\krishna-valley\DS06__Krishna_Valley_98.jpg,krishna-valley
b99dd3c2c0ea4f24,D:\Projects\Federated_Learning\Master-Dataset\master_dataset\krishna-valley\DS10__Krishna_Valley_98.jpg,krishna-valley
c282e976c39a68ed,D:\Projects\Federated_Learning\Master-Dataset\master_dataset\kherigarh\DS02__image_221x229_7.jpg,kherigarh
c282e976c39a68ed,D:\Projects\Federated_Learning\Master-Dataset\master_dataset\nari\DS02__image_221x229_27.jpg,nari
c282e976c39a68ed,D:\Projects\Federated_Learning\Master-Dataset\master_dataset\nari\DS02__image_221x229_42.jpg,nari
874b6b3e3460eaf0,D:\Projects\Federated_Learning\Master-Dataset\master_dataset\kherigarh\DS02__image_225x225_5.jpg,kherigarh
874b6b3e3460eaf0,D:\Projects\Federated_Learning\Master-Dataset\master_dataset\shweta-kapila\DS02__image_225x225_42.jpg,shweta-kapila
85547a6d0b83f9cc,D:\Projects\Federated_Learning\Master-Dataset\master_dataset\kherigarh\DS02__image_238x212_3.jpg,kherigarh
85547a6d0b83f9cc,D:\Projects\Federated_Learning\Master-Dataset\master_dataset\krishna-valley\DS02__Krishna_Valley_111.jpg,krishna-valley
85547a6d0b83f9cc,D:\Projects\Federated_Learning\Master-Dataset\master_dataset\krishna-valley\DS04__krishna_valley_0029.jpg,krishna-valley
85547a6d0b83f9cc,D:\Projects\Federated_Learning\Master-Dataset\master_dataset\krishna-valley\DS10__Krishna_Valley_111.jpg,krishna-valley
84407b6c6ecfc5e4,D:\Projects\Federated_Learning\Master-Dataset\master_dataset\kherigarh\DS02__image_243x208_1 (2).jpg,kherigarh
84407b6c6ecfc5e4,D:\Projects\Federated_Learning\Master-Dataset\master_dataset\kherigarh\DS02__image_243x208_1 (3).jpg,kherigarh
84407b6c6ecfc5e4,D:\Projects\Federated_Learning\Master-Dataset\master_dataset\kherigarh\DS02__image_243x208_1.jpg,kherigarh
84407b6c6ecfc5e4,D:\Projects\Federated_Learning\Master-Dataset\master_dataset\khillari\DS02__Khillari_75.jpg,khillari
84407b6c6ecfc5e4,D:\Projects\Federated_Learning\Master-Dataset\master_dataset\khillari\DS04__khillar_0102.jpg,khillari
84407b6c6ecfc5e4,D:\Projects\Federated_Learning\Master-Dataset\master_dataset\khillari\DS10__Khillari_75.jpg,khillari
d3d66a3a0185b5dc,D:\Projects\Federated_Learning\Master-Dataset\master_dataset\kherigarh\DS02__image_249x202_5.jpg,kherigarh
d3d66a3a0185b5dc,D:\Projects\Federated_Learning\Master-Dataset\master_dataset\nagori\DS04__nagori_0020.jpg,nagori
d3d66a3a0185b5dc,D:\Projects\Federated_Learning\Master-Dataset\master_dataset\nagori\DS06__00000036.jpg,nagori
d3d66a3a0185b5dc,D:\Projects\Federated_Learning\Master-Dataset\master_dataset\nagori\DS10__00000036.jpg,nagori
91042f3fc66dcfc0,D:\Projects\Federated_Learning\Master-Dataset\master_dataset\kherigarh\DS02__image_251x201_3.jpg,kherigarh
91042f3fc66dcfc0,D:\Projects\Federated_Learning\Master-Dataset\master_dataset\shweta-kapila\DS02__image_251x201_21.jpg,shweta-kapila
91042f3fc66dcfc0,D:\Projects\Federated_Learning\Master-Dataset\master_dataset\shweta-kapila\DS02__image_251x201_23.jpg,shweta-kapila
f4f84300b8474ddf,D:\Projects\Federated_Learning\Master-Dataset\master_dataset\kherigarh\DS02__image_266x190_2.jpg,kherigarh
f4f84300b8474ddf,D:\Projects\Federated_Learning\Master-Dataset\master_dataset\malvi\DS02__image_266x190_43.jpg,malvi
869171669ed8f193,D:\Projects\Federated_Learning\Master-Dataset\master_dataset\kherigarh\DS02__image_275x183_7.jpg,kherigarh
869171669ed8f193,D:\Projects\Federated_Learning\Master-Dataset\master_dataset\malvi\DS02__image_275x183_38.jpg,malvi
96f2490c36f3d4cc,D:\Projects\Federated_Learning\Master-Dataset\master_dataset\kherigarh\DS03__00000009.jpg,kherigarh
96f2490c36f3d4cc,D:\Projects\Federated_Learning\Master-Dataset\master_dataset\krishna-valley\DS03__Krishna_Valley_18.jpg,krishna-valley
96f2490c36f3d4cc,D:\Projects\Federated_Learning\Master-Dataset\master_dataset\krishna-valley\DS03__Krishna_Valley_71.jpg,krishna-valley
ca0e35f50ed2531d,D:\Projects\Federated_Learning\Master-Dataset\master_dataset\kherigarh\DS03__00000079.jpg,kherigarh
ca0e35f50ed2531d,D:\Projects\Federated_Learning\Master-Dataset\master_dataset\nagori\DS03__00000108.jpg,nagori
85857a7e6a9b0fc0,D:\Projects\Federated_Learning\Master-Dataset\master_dataset\kherigarh\DS03__00000096.jpg,kherigarh
85857a7e6a9b0fc0,D:\Projects\Federated_Learning\Master-Dataset\master_dataset\ongole\DS03__Ongole_123.jpg,ongole
d5fd40681cb7434b,D:\Projects\Federated_Learning\Master-Dataset\master_dataset\kherigarh\DS03__00000114.jpg,kherigarh
d5fd40681cb7434b,D:\Projects\Federated_Learning\Master-Dataset\master_dataset\kherigarh\DS04__kherigarh_0030.jpg,kherigarh
d5fd40681cb7434b,D:\Projects\Federated_Learning\Master-Dataset\master_dataset\kherigarh\DS06__00000114.jpg,kherigarh
d5fd40681cb7434b,D:\Projects\Federated_Learning\Master-Dataset\master_dataset\kherigarh\DS10__00000114.jpg,kherigarh
d5fd40681cb7434b,D:\Projects\Federated_Learning\Master-Dataset\master_dataset\kherigarh\DS11__Kherigarh_020.jpg,kherigarh
d5fd40681cb7434b,D:\Projects\Federated_Learning\Master-Dataset\master_dataset\khillari\DS02__Khillari_34.jpg,khillari
d5fd40681cb7434b,D:\Projects\Federated_Learning\Master-Dataset\master_dataset\khillari\DS03__Khillari_34.jpg,khillari
d5fd40681cb7434b,D:\Projects\Federated_Learning\Master-Dataset\master_dataset\khillari\DS04__khillar_0059.jpg,khillari
d5fd40681cb7434b,D:\Projects\Federated_Learning\Master-Dataset\master_dataset\khillari\DS06__Khillari_34.jpg,khillari
d5fd40681cb7434b,D:\Projects\Federated_Learning\Master-Dataset\master_dataset\khillari\DS10__Khillari_34.jpg,khillari
d5fd40681cb7434b,D:\Projects\Federated_Learning\Master-Dataset\master_dataset\khillari\DS11__Khillari_045.jpg,khillari
8bb934664f5d3027,D:\Projects\Federated_Learning\Master-Dataset\master_dataset\kherigarh\DS03__00000164.jpeg,kherigarh
8bb934664f5d3027,D:\Projects\Federated_Learning\Master-Dataset\master_dataset\nagori\DS03__00000150.jpeg,nagori
96fac90cab1e6a15,D:\Projects\Federated_Learning\Master-Dataset\master_dataset\kherigarh\DS04__kherigarh_0014.jpg,kherigarh
96fac90cab1e6a15,D:\Projects\Federated_Learning\Master-Dataset\master_dataset\kherigarh\DS06__00000009.jpg,kherigarh
96fac90cab1e6a15,D:\Projects\Federated_Learning\Master-Dataset\master_dataset\kherigarh\DS10__00000009.jpg,kherigarh
96fac90cab1e6a15,D:\Projects\Federated_Learning\Master-Dataset\master_dataset\krishna-valley\DS02__Krishna_Valley_18.jpg,krishna-valley
96fac90cab1e6a15,D:\Projects\Federated_Learning\Master-Dataset\master_dataset\krishna-valley\DS04__krishna_valley_0061.jpg,krishna-valley
96fac90cab1e6a15,D:\Projects\Federated_Learning\Master-Dataset\master_dataset\krishna-valley\DS10__Krishna_Valley_18.jpg,krishna-valley
85841e7ef83f3642,D:\Projects\Federated_Learning\Master-Dataset\master_dataset\kherigarh\DS04__kherigarh_0028.jpg,kherigarh
85841e7ef83f3642,D:\Projects\Federated_Learning\Master-Dataset\master_dataset\kherigarh\DS10__00000096.jpg,kherigarh
85841e7ef83f3642,D:\Projects\Federated_Learning\Master-Dataset\master_dataset\ongole\DS02__Ongole_157.jpg,ongole
85841e7ef83f3642,D:\Projects\Federated_Learning\Master-Dataset\master_dataset\ongole\DS04__ongole_0074.jpg,ongole
85841e7ef83f3642,D:\Projects\Federated_Learning\Master-Dataset\master_dataset\ongole\DS10__Ongole_157.jpg,ongole
8b9930e2cfdc4167,D:\Projects\Federated_Learning\Master-Dataset\master_dataset\kherigarh\DS04__kherigarh_0033.jpeg,kherigarh
8b9930e2cfdc4167,D:\Projects\Federated_Learning\Master-Dataset\master_dataset\kherigarh\DS06__00000164.jpeg,kherigarh
8b9930e2cfdc4167,D:\Projects\Federated_Learning\Master-Dataset\master_dataset\kherigarh\DS10__00000164.jpeg,kherigarh
8b9930e2cfdc4167,D:\Projects\Federated_Learning\Master-Dataset\master_dataset\nagori\DS04__nagori_0045.jpeg,nagori
8b9930e2cfdc4167,D:\Projects\Federated_Learning\Master-Dataset\master_dataset\nagori\DS10__00000150.jpeg,nagori
96f0c90cb6f354cc,D:\Projects\Federated_Learning\Master-Dataset\master_dataset\kherigarh\DS11__Kherigarh_004.jpg,kherigarh
96f0c90cb6f354cc,D:\Projects\Federated_Learning\Master-Dataset\master_dataset\krishna-valley\DS11__Krishna_Valley_047.jpg,krishna-valley
df0fa2f1e854152a,D:\Projects\Federated_Learning\Master-Dataset\master_dataset\kherigarh\DS11__Kherigarh_011.jpg,kherigarh
df0fa2f1e854152a,D:\Projects\Federated_Learning\Master-Dataset\master_dataset\tharparkar\DS11__Tharparkar_167.jpg,tharparkar
ca0ab5f58ed2511d,D:\Projects\Federated_Learning\Master-Dataset\master_dataset\kherigarh\DS11__Kherigarh_015.jpg,kherigarh
ca0ab5f58ed2511d,D:\Projects\Federated_Learning\Master-Dataset\master_dataset\nagori\DS11__Nagori_025.jpg,nagori
8584ba7eea9b87c0,D:\Projects\Federated_Learning\Master-Dataset\master_dataset\kherigarh\DS11__Kherigarh_018.jpg,kherigarh
8584ba7eea9b87c0,D:\Projects\Federated_Learning\Master-Dataset\master_dataset\ongole\DS11__Ongole_028.jpg,ongole
8bb9b062cf5db023,D:\Projects\Federated_Learning\Master-Dataset\master_dataset\kherigarh\DS11__Kherigarh_023.jpg,kherigarh
8bb9b062cf5db023,D:\Projects\Federated_Learning\Master-Dataset\master_dataset\nagori\DS11__Nagori_035.jpg,nagori
9e4a6360d4dad276,D:\Projects\Federated_Learning\Master-Dataset\master_dataset\khillari\DS02__Khillari_1.JPG,khillari
9e4a6360d4dad276,D:\Projects\Federated_Learning\Master-Dataset\master_dataset\khillari\DS04__khillar_0015.jpg,khillari
9e4a6360d4dad276,D:\Projects\Federated_Learning\Master-Dataset\master_dataset\khillari\DS06__Khillari_1.JPG,khillari
9e4a6360d4dad276,D:\Projects\Federated_Learning\Master-Dataset\master_dataset\khillari\DS10__Khillari_1.JPG,khillari
9e4a6360d4dad276,D:\Projects\Federated_Learning\Master-Dataset\master_dataset\krishna-valley\DS02__Krishna_Valley_77.jpg,krishna-valley
9e4a6360d4dad276,D:\Projects\Federated_Learning\Master-Dataset\master_dataset\krishna-valley\DS04__krishna_valley_0126.jpg,krishna-valley
9e4a6360d4dad276,D:\Projects\Federated_Learning\Master-Dataset\master_dataset\krishna-valley\DS06__Krishna_Valley_77.jpg,krishna-valley
9e4a6360d4dad276,D:\Projects\Federated_Learning\Master-Dataset\master_dataset\krishna-valley\DS10__Krishna_Valley_77.jpg,krishna-valley
9e4a6360d4dad276,D:\Projects\Federated_Learning\Master-Dataset\master_dataset\nari\DS02__image_275x183_48.jpg,nari
c8d23ecdc9c9a3a2,D:\Projects\Federated_Learning\Master-Dataset\master_dataset\khillari\DS02__Khillari_18.jpg,khillari
c8d23ecdc9c9a3a2,D:\Projects\Federated_Learning\Master-Dataset\master_dataset\khillari\DS04__khillar_0042.jpg,khillari
c8d23ecdc9c9a3a2,D:\Projects\Federated_Learning\Master-Dataset\master_dataset\khillari\DS06__Khillari_18.jpg,khillari
c8d23ecdc9c9a3a2,D:\Projects\Federated_Learning\Master-Dataset\master_dataset\khillari\DS10__Khillari_18.jpg,khillari
c8d23ecdc9c9a3a2,D:\Projects\Federated_Learning\Master-Dataset\master_dataset\krishna-valley\DS02__Krishna_Valley_112.jpg,krishna-valley
c8d23ecdc9c9a3a2,D:\Projects\Federated_Learning\Master-Dataset\master_dataset\krishna-valley\DS04__krishna_valley_0030.jpg,krishna-valley
c8d23ecdc9c9a3a2,D:\Projects\Federated_Learning\Master-Dataset\master_dataset\krishna-valley\DS06__Krishna_Valley_112.jpg,krishna-valley
c8d23ecdc9c9a3a2,D:\Projects\Federated_Learning\Master-Dataset\master_dataset\krishna-valley\DS10__Krishna_Valley_112.jpg,krishna-valley
d0842f3b0ac6edd9,D:\Projects\Federated_Learning\Master-Dataset\master_dataset\khillari\DS02__Khillari_89.jpg,khillari
d0842f3b0ac6edd9,D:\Projects\Federated_Learning\Master-Dataset\master_dataset\khillari\DS04__khillar_0116.jpg,khillari
d0842f3b0ac6edd9,D:\Projects\Federated_Learning\Master-Dataset\master_dataset\khillari\DS06__Khillari_89.jpg,khillari
d0842f3b0ac6edd9,D:\Projects\Federated_Learning\Master-Dataset\master_dataset\khillari\DS10__Khillari_89.jpg,khillari
d0842f3b0ac6edd9,D:\Projects\Federated_Learning\Master-Dataset\master_dataset\krishna-valley\DS02__Krishna_Valley_31.jpg,krishna-valley
d0842f3b0ac6edd9,D:\Projects\Federated_Learning\Master-Dataset\master_dataset\krishna-valley\DS04__krishna_valley_0076.jpg,krishna-valley
d0842f3b0ac6edd9,D:\Projects\Federated_Learning\Master-Dataset\master_dataset\krishna-valley\DS06__Krishna_Valley_31.jpg,krishna-valley
d0842f3b0ac6edd9,D:\Projects\Federated_Learning\Master-Dataset\master_dataset\krishna-valley\DS10__Krishna_Valley_31.jpg,krishna-valley
d0842f3b0ac6edd9,D:\Projects\Federated_Learning\Master-Dataset\master_dataset\malvi\DS02__image_250x140_70.jpg,malvi
d0842f3b0ac6edd9,D:\Projects\Federated_Learning\Master-Dataset\master_dataset\nari\DS02__image_200x166_67.jpg,nari
9e5a61e51c9f0b25,D:\Projects\Federated_Learning\Master-Dataset\master_dataset\khillari\DS03__Khillari_1.JPG,khillari
9e5a61e51c9f0b25,D:\Projects\Federated_Learning\Master-Dataset\master_dataset\krishna-valley\DS03__Krishna_Valley_77.jpg,krishna-valley
c8d23f2d4132be5c,D:\Projects\Federated_Learning\Master-Dataset\master_dataset\khillari\DS03__Khillari_18.jpg,khillari
c8d23f2d4132be5c,D:\Projects\Federated_Learning\Master-Dataset\master_dataset\krishna-valley\DS03__Krishna_Valley_112.jpg,krishna-valley
84537b6e6fc72130,D:\Projects\Federated_Learning\Master-Dataset\master_dataset\khillari\DS03__Khillari_75.jpg,khillari
84537b6e6fc72130,D:\Projects\Federated_Learning\Master-Dataset\master_dataset\malvi\DS02__image_225x225_47.jpg,malvi
d0d42f3b4ac65599,D:\Projects\Federated_Learning\Master-Dataset\master_dataset\khillari\DS03__Khillari_89.jpg,khillari
d0d42f3b4ac65599,D:\Projects\Federated_Learning\Master-Dataset\master_dataset\krishna-valley\DS03__Krishna_Valley_31.jpg,krishna-valley
c8d2bf0dc1323e5c,D:\Projects\Federated_Learning\Master-Dataset\master_dataset\khillari\DS11__Khillari_028.jpg,khillari
c8d2bf0dc1323e5c,D:\Projects\Federated_Learning\Master-Dataset\master_dataset\krishna-valley\DS11__Krishna_Valley_016.jpg,krishna-valley
c551fa2e819194f7,D:\Projects\Federated_Learning\Master-Dataset\master_dataset\khillari\DS11__Khillari_072.jpg,khillari
c551fa2e819194f7,D:\Projects\Federated_Learning\Master-Dataset\master_dataset\krishna-valley\DS11__Krishna_Valley_124.jpg,krishna-valley
c551fa2e819194f7,D:\Projects\Federated_Learning\Master-Dataset\master_dataset\ongole\DS11__Ongole_157.jpg,ongole
d084af3bcac6c599,D:\Projects\Federated_Learning\Master-Dataset\master_dataset\khillari\DS11__Khillari_102.jpg,khillari
d084af3bcac6c599,D:\Projects\Federated_Learning\Master-Dataset\master_dataset\krishna-valley\DS11__Krishna_Valley_062.jpg,krishna-valley
ed1487e1e0bedcc0,D:\Projects\Federated_Learning\Master-Dataset\master_dataset\konkan-kapila\DS02__image_251x201_6.jpg,konkan-kapila
ed1487e1e0bedcc0,D:\Projects\Federated_Learning\Master-Dataset\master_dataset\mehsana\DS01__image_251x201_1.jpg,mehsana
d681813e7cda86f1,D:\Projects\Federated_Learning\Master-Dataset\master_dataset\konkan-kapila\DS02__image_274x184_3.jpg,konkan-kapila
d681813e7cda86f1,D:\Projects\Federated_Learning\Master-Dataset\master_dataset\nili-ravi\DS01__image_274x184_5.jpg,nili-ravi
d681813e7cda86f1,D:\Projects\Federated_Learning\Master-Dataset\master_dataset\nili-ravi\DS01__Nili_Ravi_Buffalo_Breed_Prof_U_K_.jpg,nili-ravi
a54bcab63d810e37,D:\Projects\Federated_Learning\Master-Dataset\master_dataset\konkan-kapila\DS02__image_299x169_1.jpg,konkan-kapila
a54bcab63d810e37,D:\Projects\Federated_Learning\Master-Dataset\master_dataset\nili-ravi\DS01__image_299x169_1.jpg,nili-ravi
a8dad6a4290e4e7b,D:\Projects\Federated_Learning\Master-Dataset\master_dataset\kosali\DS02__image_194x259_8 (2).jpg,kosali
a8dad6a4290e4e7b,D:\Projects\Federated_Learning\Master-Dataset\master_dataset\motu\DS02__image_194x259_62.jpg,motu
aeebc2b09d133135,D:\Projects\Federated_Learning\Master-Dataset\master_dataset\krishna-valley\DS02__Krishna_Valley_109.jpg,krishna-valley
aeebc2b09d133135,D:\Projects\Federated_Learning\Master-Dataset\master_dataset\krishna-valley\DS04__krishna_valley_0026.jpg,krishna-valley
aeebc2b09d133135,D:\Projects\Federated_Learning\Master-Dataset\master_dataset\krishna-valley\DS06__Krishna_Valley_109.jpg,krishna-valley
aeebc2b09d133135,D:\Projects\Federated_Learning\Master-Dataset\master_dataset\krishna-valley\DS10__Krishna_Valley_109.jpg,krishna-valley
aeebc2b09d133135,D:\Projects\Federated_Learning\Master-Dataset\master_dataset\red-sindhi\DS02__Red_Sindhi_121.jpeg,red-sindhi
aeebc2b09d133135,D:\Projects\Federated_Learning\Master-Dataset\master_dataset\red-sindhi\DS04__red_sindhi_0031.jpeg,red-sindhi
aeebc2b09d133135,D:\Projects\Federated_Learning\Master-Dataset\master_dataset\red-sindhi\DS10__Red_Sindhi_121.jpeg,red-sindhi
975fd4e34017c4cc,D:\Projects\Federated_Learning\Master-Dataset\master_dataset\krishna-valley\DS02__Krishna_Valley_118.jpg,krishna-valley
975fd4e34017c4cc,D:\Projects\Federated_Learning\Master-Dataset\master_dataset\krishna-valley\DS04__krishna_valley_0036.jpg,krishna-valley
975fd4e34017c4cc,D:\Projects\Federated_Learning\Master-Dataset\master_dataset\krishna-valley\DS06__Krishna_Valley_118.jpg,krishna-valley
975fd4e34017c4cc,D:\Projects\Federated_Learning\Master-Dataset\master_dataset\krishna-valley\DS10__Krishna_Valley_118.jpg,krishna-valley
975fd4e34017c4cc,D:\Projects\Federated_Learning\Master-Dataset\master_dataset\pulikulam\DS02__Pulikulam_128.jpg,pulikulam
975fd4e34017c4cc,D:\Projects\Federated_Learning\Master-Dataset\master_dataset\pulikulam\DS04__pulikulam_0042.jpg,pulikulam
975fd4e34017c4cc,D:\Projects\Federated_Learning\Master-Dataset\master_dataset\pulikulam\DS06__Pulikulam_128.jpg,pulikulam
975fd4e34017c4cc,D:\Projects\Federated_Learning\Master-Dataset\master_dataset\pulikulam\DS10__Pulikulam_128.jpg,pulikulam
da1f15e1e04ac91f,D:\Projects\Federated_Learning\Master-Dataset\master_dataset\krishna-valley\DS02__Krishna_Valley_119.jpg,krishna-valley
da1f15e1e04ac91f,D:\Projects\Federated_Learning\Master-Dataset\master_dataset\krishna-valley\DS04__krishna_valley_0037.jpg,krishna-valley
da1f15e1e04ac91f,D:\Projects\Federated_Learning\Master-Dataset\master_dataset\krishna-valley\DS10__Krishna_Valley_119.jpg,krishna-valley
da1f15e1e04ac91f,D:\Projects\Federated_Learning\Master-Dataset\master_dataset\ongole\DS02__Ongole_21.jpg,ongole
da1f15e1e04ac91f,D:\Projects\Federated_Learning\Master-Dataset\master_dataset\ongole\DS04__ongole_0117.jpg,ongole
da1f15e1e04ac91f,D:\Projects\Federated_Learning\Master-Dataset\master_dataset\ongole\DS06__Ongole_21.jpg,ongole
da1f15e1e04ac91f,D:\Projects\Federated_Learning\Master-Dataset\master_dataset\ongole\DS10__Ongole_21.jpg,ongole
ade5c0f3c28e82ce,D:\Projects\Federated_Learning\Master-Dataset\master_dataset\krishna-valley\DS02__Krishna_Valley_125.jpg,krishna-valley
ade5c0f3c28e82ce,D:\Projects\Federated_Learning\Master-Dataset\master_dataset\krishna-valley\DS04__krishna_valley_0044.jpg,krishna-valley
ade5c0f3c28e82ce,D:\Projects\Federated_Learning\Master-Dataset\master_dataset\krishna-valley\DS06__Krishna_Valley_125.jpg,krishna-valley
ade5c0f3c28e82ce,D:\Projects\Federated_Learning\Master-Dataset\master_dataset\krishna-valley\DS10__Krishna_Valley_125.jpg,krishna-valley
ade5c0f3c28e82ce,D:\Projects\Federated_Learning\Master-Dataset\master_dataset\red-dane\DS07__RedDanecattle34.jpg,red-dane
ade5c0f3c28e82ce,D:\Projects\Federated_Learning\Master-Dataset\master_dataset\red-sindhi\DS02__Red_Sindhi_110.png,red-sindhi
ade5c0f3c28e82ce,D:\Projects\Federated_Learning\Master-Dataset\master_dataset\red-sindhi\DS04__red_sindhi_0019.png,red-sindhi
ade5c0f3c28e82ce,D:\Projects\Federated_Learning\Master-Dataset\master_dataset\red-sindhi\DS06__Red_Sindhi_110.png,red-sindhi
ade5c0f3c28e82ce,D:\Projects\Federated_Learning\Master-Dataset\master_dataset\red-sindhi\DS10__Red_Sindhi_110.png,red-sindhi
af7bd570352d4070,D:\Projects\Federated_Learning\Master-Dataset\master_dataset\krishna-valley\DS02__Krishna_Valley_130.jpg,krishna-valley
af7bd570352d4070,D:\Projects\Federated_Learning\Master-Dataset\master_dataset\krishna-valley\DS04__krishna_valley_0050.jpg,krishna-valley
af7bd570352d4070,D:\Projects\Federated_Learning\Master-Dataset\master_dataset\krishna-valley\DS10__Krishna_Valley_130.jpg,krishna-valley
af7bd570352d4070,D:\Projects\Federated_Learning\Master-Dataset\master_dataset\red-dane\DS04__red_dane_0042.jpg,red-dane
af7bd570352d4070,D:\Projects\Federated_Learning\Master-Dataset\master_dataset\red-dane\DS06__Red_Dane_136.jpg,red-dane
af7bd570352d4070,D:\Projects\Federated_Learning\Master-Dataset\master_dataset\red-dane\DS10__Red_Dane_136.jpg,red-dane
dd7e23f146bc9012,D:\Projects\Federated_Learning\Master-Dataset\master_dataset\krishna-valley\DS02__Krishna_Valley_14.jpg,krishna-valley
dd7e23f146bc9012,D:\Projects\Federated_Learning\Master-Dataset\master_dataset\krishna-valley\DS04__krishna_valley_0057.jpg,krishna-valley
dd7e23f146bc9012,D:\Projects\Federated_Learning\Master-Dataset\master_dataset\krishna-valley\DS06__Krishna_Valley_14.jpg,krishna-valley
dd7e23f146bc9012,D:\Projects\Federated_Learning\Master-Dataset\master_dataset\krishna-valley\DS10__Krishna_Valley_14.jpg,krishna-valley
dd7e23f146bc9012,D:\Projects\Federated_Learning\Master-Dataset\master_dataset\nagori\DS02__image_250x167_54.jpg,nagori
fb3f17c114f48a06,D:\Projects\Federated_Learning\Master-Dataset\master_dataset\krishna-valley\DS02__Krishna_Valley_33.jpg,krishna-valley
fb3f17c114f48a06,D:\Projects\Federated_Learning\Master-Dataset\master_dataset\krishna-valley\DS04__krishna_valley_0078.jpg,krishna-valley
fb3f17c114f48a06,D:\Projects\Federated_Learning\Master-Dataset\master_dataset\krishna-valley\DS06__Krishna_Valley_33.jpg,krishna-valley
fb3f17c114f48a06,D:\Projects\Federated_Learning\Master-Dataset\master_dataset\krishna-valley\DS10__Krishna_Valley_33.jpg,krishna-valley
fb3f17c114f48a06,D:\Projects\Federated_Learning\Master-Dataset\master_dataset\red-dane\DS07__RedDanecattle84.jpg,red-dane
f89cc7c365c06366,D:\Projects\Federated_Learning\Master-Dataset\master_dataset\krishna-valley\DS02__Krishna_Valley_35.jpg,krishna-valley
f89cc7c365c06366,D:\Projects\Federated_Learning\Master-Dataset\master_dataset\krishna-valley\DS04__krishna_valley_0080.jpg,krishna-valley
f89cc7c365c06366,D:\Projects\Federated_Learning\Master-Dataset\master_dataset\krishna-valley\DS06__Krishna_Valley_35.jpg,krishna-valley
f89cc7c365c06366,D:\Projects\Federated_Learning\Master-Dataset\master_dataset\krishna-valley\DS10__Krishna_Valley_35.jpg,krishna-valley
f89cc7c365c06366,D:\Projects\Federated_Learning\Master-Dataset\master_dataset\red-dane\DS04__red_dane_0091.jpg,red-dane
f89cc7c365c06366,D:\Projects\Federated_Learning\Master-Dataset\master_dataset\red-dane\DS06__Red_Dane_3.jpg,red-dane
f89cc7c365c06366,D:\Projects\Federated_Learning\Master-Dataset\master_dataset\red-dane\DS10__Red_Dane_3.jpg,red-dane
a12f58354b775c58,D:\Projects\Federated_Learning\Master-Dataset\master_dataset\krishna-valley\DS02__Krishna_Valley_43.jpg,krishna-valley
a12f58354b775c58,D:\Projects\Federated_Learning\Master-Dataset\master_dataset\krishna-valley\DS04__krishna_valley_0089.jpg,krishna-valley
a12f58354b775c58,D:\Projects\Federated_Learning\Master-Dataset\master_dataset\krishna-valley\DS06__Krishna_Valley_43.jpg,krishna-valley
a12f58354b775c58,D:\Projects\Federated_Learning\Master-Dataset\master_dataset\krishna-valley\DS10__Krishna_Valley_43.jpg,krishna-valley
a12f58354b775c58,D:\Projects\Federated_Learning\Master-Dataset\master_dataset\pulikulam\DS02__Pulikulam_91.jpg,pulikulam
a12f58354b775c58,D:\Projects\Federated_Learning\Master-Dataset\master_dataset\pulikulam\DS04__pulikulam_0127.jpg,pulikulam
a12f58354b775c58,D:\Projects\Federated_Learning\Master-Dataset\master_dataset\pulikulam\DS10__Pulikulam_91.jpg,pulikulam
d0cf3b3205185ed7,D:\Projects\Federated_Learning\Master-Dataset\master_dataset\krishna-valley\DS02__Krishna_Valley_46.jpg,krishna-valley
d0cf3b3205185ed7,D:\Projects\Federated_Learning\Master-Dataset\master_dataset\krishna-valley\DS04__krishna_valley_0092.jpg,krishna-valley
d0cf3b3205185ed7,D:\Projects\Federated_Learning\Master-Dataset\master_dataset\krishna-valley\DS06__Krishna_Valley_46.jpg,krishna-valley
d0cf3b3205185ed7,D:\Projects\Federated_Learning\Master-Dataset\master_dataset\krishna-valley\DS10__Krishna_Valley_46.jpg,krishna-valley
d0cf3b3205185ed7,D:\Projects\Federated_Learning\Master-Dataset\master_dataset\sahiwal\DS02__Sahiwal_62.jpg,sahiwal
d0cf3b3205185ed7,D:\Projects\Federated_Learning\Master-Dataset\master_dataset\sahiwal\DS04__sahiwal_0415.jpg,sahiwal
d0cf3b3205185ed7,D:\Projects\Federated_Learning\Master-Dataset\master_dataset\sahiwal\DS06__Sahiwal_62.jpg,sahiwal
d0cf3b3205185ed7,D:\Projects\Federated_Learning\Master-Dataset\master_dataset\sahiwal\DS10__Sahiwal_62.jpg,sahiwal
d0cf3b3205185ed7,D:\Projects\Federated_Learning\Master-Dataset\master_dataset\vechur\DS02__00000240.jpg,vechur
d0cf3b3205185ed7,D:\Projects\Federated_Learning\Master-Dataset\master_dataset\vechur\DS04__vechur_0073.jpg,vechur
d0cf3b3205185ed7,D:\Projects\Federated_Learning\Master-Dataset\master_dataset\vechur\DS10__00000240.jpg,vechur
aa2f376bc4d0d1d0,D:\Projects\Federated_Learning\Master-Dataset\master_dataset\krishna-valley\DS02__Krishna_Valley_49.jpg,krishna-valley
aa2f376bc4d0d1d0,D:\Projects\Federated_Learning\Master-Dataset\master_dataset\krishna-valley\DS04__krishna_valley_0095.jpg,krishna-valley
aa2f376bc4d0d1d0,D:\Projects\Federated_Learning\Master-Dataset\master_dataset\krishna-valley\DS06__Krishna_Valley_49.jpg,krishna-valley
aa2f376bc4d0d1d0,D:\Projects\Federated_Learning\Master-Dataset\master_dataset\krishna-valley\DS10__Krishna_Valley_49.jpg,krishna-valley
aa2f376bc4d0d1d0,D:\Projects\Federated_Learning\Master-Dataset\master_dataset\nari\DS02__image_229x220_31.jpg,nari
d1c7263a4acdb5c8,D:\Projects\Federated_Learning\Master-Dataset\master_dataset\krishna-valley\DS02__Krishna_Valley_52.jpg,krishna-valley
d1c7263a4acdb5c8,D:\Projects\Federated_Learning\Master-Dataset\master_dataset\krishna-valley\DS03__Krishna_Valley_52.jpg,krishna-valley
d1c7263a4acdb5c8,D:\Projects\Federated_Learning\Master-Dataset\master_dataset\krishna-valley\DS04__krishna_valley_0099.jpg,krishna-valley
d1c7263a4acdb5c8,D:\Projects\Federated_Learning\Master-Dataset\master_dataset\krishna-valley\DS10__Krishna_Valley_52.jpg,krishna-valley
d1c7263a4acdb5c8,D:\Projects\Federated_Learning\Master-Dataset\master_dataset\krishna-valley\DS11__Krishna_Valley_085.jpg,krishna-valley
d1c7263a4acdb5c8,D:\Projects\Federated_Learning\Master-Dataset\master_dataset\nagpuri\DS03__Nagpuri_84.png,nagpuri
d1c7263a4acdb5c8,D:\Projects\Federated_Learning\Master-Dataset\master_dataset\nagpuri\DS04__nagpuri_0182.png,nagpuri
d1c7263a4acdb5c8,D:\Projects\Federated_Learning\Master-Dataset\master_dataset\nagpuri\DS06__Nagpuri_84.png,nagpuri
d1c7263a4acdb5c8,D:\Projects\Federated_Learning\Master-Dataset\master_dataset\nagpuri\DS10__Nagpuri_84.png,nagpuri
d1c7263a4acdb5c8,D:\Projects\Federated_Learning\Master-Dataset\master_dataset\nagpuri\DS11__Nagpuri_172.jpg,nagpuri
bfd1c2361c4f608d,D:\Projects\Federated_Learning\Master-Dataset\master_dataset\krishna-valley\DS02__Krishna_Valley_55.jpg,krishna-valley
bfd1c2361c4f608d,D:\Projects\Federated_Learning\Master-Dataset\master_dataset\krishna-valley\DS04__krishna_valley_0102.jpg,krishna-valley
bfd1c2361c4f608d,D:\Projects\Federated_Learning\Master-Dataset\master_dataset\krishna-valley\DS10__Krishna_Valley_55.jpg,krishna-valley
bfd1c2361c4f608d,D:\Projects\Federated_Learning\Master-Dataset\master_dataset\nagpuri\DS04__nagpuri_0019.jpg,nagpuri
bfd1c2361c4f608d,D:\Projects\Federated_Learning\Master-Dataset\master_dataset\nagpuri\DS06__Nagpuri_106.jpg,nagpuri
bfd1c2361c4f608d,D:\Projects\Federated_Learning\Master-Dataset\master_dataset\nagpuri\DS10__Nagpuri_106.jpg,nagpuri
bfd1c2361c4f608d,D:\Projects\Federated_Learning\Master-Dataset\master_dataset\toda\DS04__toda_0095.jpg,toda
bfd1c2361c4f608d,D:\Projects\Federated_Learning\Master-Dataset\master_dataset\toda\DS10__Toda_63.jpg,toda
ac1c5077af4e9073,D:\Projects\Federated_Learning\Master-Dataset\master_dataset\krishna-valley\DS02__Krishna_Valley_62.jpg,krishna-valley
ac1c5077af4e9073,D:\Projects\Federated_Learning\Master-Dataset\master_dataset\krishna-valley\DS04__krishna_valley_0110.jpg,krishna-valley
ac1c5077af4e9073,D:\Projects\Federated_Learning\Master-Dataset\master_dataset\krishna-valley\DS06__Krishna_Valley_62.jpg,krishna-valley
ac1c5077af4e9073,D:\Projects\Federated_Learning\Master-Dataset\master_dataset\krishna-valley\DS10__Krishna_Valley_62.jpg,krishna-valley
ac1c5077af4e9073,D:\Projects\Federated_Learning\Master-Dataset\master_dataset\nimari\DS02__00000009.jpg,nimari
ac1c5077af4e9073,D:\Projects\Federated_Learning\Master-Dataset\master_dataset\nimari\DS04__nimari_0014.jpg,nimari
ac1c5077af4e9073,D:\Projects\Federated_Learning\Master-Dataset\master_dataset\nimari\DS10__00000009.jpg,nimari
fa2c8bc3a496d5a1,D:\Projects\Federated_Learning\Master-Dataset\master_dataset\krishna-valley\DS02__Krishna_Valley_66.jpg,krishna-valley
fa2c8bc3a496d5a1,D:\Projects\Federated_Learning\Master-Dataset\master_dataset\krishna-valley\DS04__krishna_valley_0114.jpg,krishna-valley
fa2c8bc3a496d5a1,D:\Projects\Federated_Learning\Master-Dataset\master_dataset\krishna-valley\DS06__Krishna_Valley_66.jpg,krishna-valley
fa2c8bc3a496d5a1,D:\Projects\Federated_Learning\Master-Dataset\master_dataset\krishna-valley\DS10__Krishna_Valley_66.jpg,krishna-valley
fa2c8bc3a496d5a1,D:\Projects\Federated_Learning\Master-Dataset\master_dataset\nimari\DS02__00000387.jpg,nimari
fa2c8bc3a496d5a1,D:\Projects\Federated_Learning\Master-Dataset\master_dataset\nimari\DS04__nimari_0050.jpg,nimari
fa2c8bc3a496d5a1,D:\Projects\Federated_Learning\Master-Dataset\master_dataset\nimari\DS10__00000387.jpg,nimari
fa2c8bc3a496d5a1,D:\Projects\Federated_Learning\Master-Dataset\master_dataset\rathi\DS02__00000000.jpg,rathi
fa2c8bc3a496d5a1,D:\Projects\Federated_Learning\Master-Dataset\master_dataset\rathi\DS04__rathi_0011.jpg,rathi
fa2c8bc3a496d5a1,D:\Projects\Federated_Learning\Master-Dataset\master_dataset\rathi\DS10__00000000.jpg,rathi
aae0d0e1e0dd67c5,D:\Projects\Federated_Learning\Master-Dataset\master_dataset\krishna-valley\DS02__Krishna_Valley_70.jpg,krishna-valley
aae0d0e1e0dd67c5,D:\Projects\Federated_Learning\Master-Dataset\master_dataset\krishna-valley\DS04__krishna_valley_0119.jpg,krishna-valley
aae0d0e1e0dd67c5,D:\Projects\Federated_Learning\Master-Dataset\master_dataset\krishna-valley\DS10__Krishna_Valley_70.jpg,krishna-valley
aae0d0e1e0dd67c5,D:\Projects\Federated_Learning\Master-Dataset\master_dataset\red-dane\DS04__red_dane_0098.jpg,red-dane
aae0d0e1e0dd67c5,D:\Projects\Federated_Learning\Master-Dataset\master_dataset\red-dane\DS06__Red_Dane_36.jpg,red-dane
aae0d0e1e0dd67c5,D:\Projects\Federated_Learning\Master-Dataset\master_dataset\red-dane\DS07__RedDanecattle65.jpg,red-dane
aae0d0e1e0dd67c5,D:\Projects\Federated_Learning\Master-Dataset\master_dataset\red-dane\DS10__Red_Dane_36.jpg,red-dane
af68d085391a6e6d,D:\Projects\Federated_Learning\Master-Dataset\master_dataset\krishna-valley\DS02__Krishna_Valley_75.jpg,krishna-valley
af68d085391a6e6d,D:\Projects\Federated_Learning\Master-Dataset\master_dataset\krishna-valley\DS04__krishna_valley_0124.jpg,krishna-valley
af68d085391a6e6d,D:\Projects\Federated_Learning\Master-Dataset\master_dataset\krishna-valley\DS06__Krishna_Valley_75.jpg,krishna-valley
af68d085391a6e6d,D:\Projects\Federated_Learning\Master-Dataset\master_dataset\krishna-valley\DS10__Krishna_Valley_75.jpg,krishna-valley
af68d085391a6e6d,D:\Projects\Federated_Learning\Master-Dataset\master_dataset\pulikulam\DS02__Pulikulam_106.png,pulikulam
af68d085391a6e6d,D:\Projects\Federated_Learning\Master-Dataset\master_dataset\pulikulam\DS04__pulikulam_0019.png,pulikulam
af68d085391a6e6d,D:\Projects\Federated_Learning\Master-Dataset\master_dataset\pulikulam\DS06__Pulikulam_106.png,pulikulam
af68d085391a6e6d,D:\Projects\Federated_Learning\Master-Dataset\master_dataset\pulikulam\DS10__Pulikulam_106.png,pulikulam
af68d085391a6e6d,D:\Projects\Federated_Learning\Master-Dataset\master_dataset\umblachery\DS02__Umblachery_9.png,umblachery
af68d085391a6e6d,D:\Projects\Federated_Learning\Master-Dataset\master_dataset\umblachery\DS04__umblachery_0086.png,umblachery
af68d085391a6e6d,D:\Projects\Federated_Learning\Master-Dataset\master_dataset\umblachery\DS06__Umblachery_9.png,umblachery
af68d085391a6e6d,D:\Projects\Federated_Learning\Master-Dataset\master_dataset\umblachery\DS10__Umblachery_9.png,umblachery
b8cdc292e9e6c6a8,D:\Projects\Federated_Learning\Master-Dataset\master_dataset\krishna-valley\DS02__Krishna_Valley_8.jpg,krishna-valley
b8cdc292e9e6c6a8,D:\Projects\Federated_Learning\Master-Dataset\master_dataset\krishna-valley\DS04__krishna_valley_0129.jpg,krishna-valley
b8cdc292e9e6c6a8,D:\Projects\Federated_Learning\Master-Dataset\master_dataset\krishna-valley\DS06__Krishna_Valley_8.jpg,krishna-valley
b8cdc292e9e6c6a8,D:\Projects\Federated_Learning\Master-Dataset\master_dataset\krishna-valley\DS10__Krishna_Valley_8.jpg,krishna-valley
b8cdc292e9e6c6a8,D:\Projects\Federated_Learning\Master-Dataset\master_dataset\vechur\DS02__00000245.jpg,vechur
b8cdc292e9e6c6a8,D:\Projects\Federated_Learning\Master-Dataset\master_dataset\vechur\DS04__vechur_0076.jpg,vechur
b8cdc292e9e6c6a8,D:\Projects\Federated_Learning\Master-Dataset\master_dataset\vechur\DS06__00000245.jpg,vechur
b8cdc292e9e6c6a8,D:\Projects\Federated_Learning\Master-Dataset\master_dataset\vechur\DS10__00000245.jpg,vechur
ad2d7752c8c9b093,D:\Projects\Federated_Learning\Master-Dataset\master_dataset\krishna-valley\DS02__Krishna_Valley_91.jpg,krishna-valley
ad2d7752c8c9b093,D:\Projects\Federated_Learning\Master-Dataset\master_dataset\krishna-valley\DS04__krishna_valley_0142.jpg,krishna-valley
ad2d7752c8c9b093,D:\Projects\Federated_Learning\Master-Dataset\master_dataset\krishna-valley\DS06__Krishna_Valley_91.jpg,krishna-valley
ad2d7752c8c9b093,D:\Projects\Federated_Learning\Master-Dataset\master_dataset\krishna-valley\DS10__Krishna_Valley_91.jpg,krishna-valley
ad2d7752c8c9b093,D:\Projects\Federated_Learning\Master-Dataset\master_dataset\red-dane\DS04__red_dane_0117.jpg,red-dane
ad2d7752c8c9b093,D:\Projects\Federated_Learning\Master-Dataset\master_dataset\red-dane\DS06__Red_Dane_53.jpg,red-dane
ad2d7752c8c9b093,D:\Projects\Federated_Learning\Master-Dataset\master_dataset\red-dane\DS10__Red_Dane_53.jpg,red-dane
aa4a553d55df4ac0,D:\Projects\Federated_Learning\Master-Dataset\master_dataset\krishna-valley\DS03__Krishna_Valley_11.jpg,krishna-valley
aa4a553d55df4ac0,D:\Projects\Federated_Learning\Master-Dataset\master_dataset\rathi\DS03__00000129.jpg,rathi
975f48e3681c3ee0,D:\Projects\Federated_Learning\Master-Dataset\master_dataset\krishna-valley\DS03__Krishna_Valley_118.jpg,krishna-valley
975f48e3681c3ee0,D:\Projects\Federated_Learning\Master-Dataset\master_dataset\pulikulam\DS03__Pulikulam_128.jpg,pulikulam
dddd2422227e4ec3,D:\Projects\Federated_Learning\Master-Dataset\master_dataset\krishna-valley\DS03__Krishna_Valley_120.jpg,krishna-valley
dddd2422227e4ec3,D:\Projects\Federated_Learning\Master-Dataset\master_dataset\rathi\DS03__00000372.jpg,rathi
ed5916a47b0b4535,D:\Projects\Federated_Learning\Master-Dataset\master_dataset\krishna-valley\DS03__Krishna_Valley_124.jpg,krishna-valley
ed5916a47b0b4535,D:\Projects\Federated_Learning\Master-Dataset\master_dataset\ongole\DS03__Ongole_193.jpg,ongole
ade5521a1e0e3d71,D:\Projects\Federated_Learning\Master-Dataset\master_dataset\krishna-valley\DS03__Krishna_Valley_125.jpg,krishna-valley
ade5521a1e0e3d71,D:\Projects\Federated_Learning\Master-Dataset\master_dataset\red-sindhi\DS03__Red_Sindhi_110.png,red-sindhi
af7b55a4208fca52,D:\Projects\Federated_Learning\Master-Dataset\master_dataset\krishna-valley\DS03__Krishna_Valley_130.jpg,krishna-valley
af7b55a4208fca52,D:\Projects\Federated_Learning\Master-Dataset\master_dataset\red-dane\DS03__Red_Dane_136.jpg,red-dane
f89c0763283cdbc3,D:\Projects\Federated_Learning\Master-Dataset\master_dataset\krishna-valley\DS03__Krishna_Valley_35.jpg,krishna-valley
f89c0763283cdbc3,D:\Projects\Federated_Learning\Master-Dataset\master_dataset\red-dane\DS03__Red_Dane_3.jpg,red-dane
a12f5ad027cef02d,D:\Projects\Federated_Learning\Master-Dataset\master_dataset\krishna-valley\DS03__Krishna_Valley_43.jpg,krishna-valley
a12f5ad027cef02d,D:\Projects\Federated_Learning\Master-Dataset\master_dataset\pulikulam\DS03__Pulikulam_91.jpg,pulikulam
bfd940362d4963b2,D:\Projects\Federated_Learning\Master-Dataset\master_dataset\krishna-valley\DS03__Krishna_Valley_55.jpg,krishna-valley
bfd940362d4963b2,D:\Projects\Federated_Learning\Master-Dataset\master_dataset\toda\DS03__Toda_63.jpg,toda
ac1c52ef2fc85233,D:\Projects\Federated_Learning\Master-Dataset\master_dataset\krishna-valley\DS03__Krishna_Valley_62.jpg,krishna-valley
ac1c52ef2fc85233,D:\Projects\Federated_Learning\Master-Dataset\master_dataset\nimari\DS03__00000009.jpg,nimari
e81c07c3707f1b3a,D:\Projects\Federated_Learning\Master-Dataset\master_dataset\krishna-valley\DS03__Krishna_Valley_64.jpg,krishna-valley
e81c07c3707f1b3a,D:\Projects\Federated_Learning\Master-Dataset\master_dataset\nagpuri\DS03__Nagpuri_33.jpg,nagpuri
fa2c05d364345f69,D:\Projects\Federated_Learning\Master-Dataset\master_dataset\krishna-valley\DS03__Krishna_Valley_66.jpg,krishna-valley
fa2c05d364345f69,D:\Projects\Federated_Learning\Master-Dataset\master_dataset\nimari\DS03__00000387.jpg,nimari
fa2c05d364345f69,D:\Projects\Federated_Learning\Master-Dataset\master_dataset\rathi\DS03__00000000.jpg,rathi
d0e42b3acde4b2c3,D:\Projects\Federated_Learning\Master-Dataset\master_dataset\krishna-valley\DS03__Krishna_Valley_78.jpg,krishna-valley
d0e42b3acde4b2c3,D:\Projects\Federated_Learning\Master-Dataset\master_dataset\nagpuri\DS03__Nagpuri_122.png,nagpuri
d0e42b3acde4b2c3,D:\Projects\Federated_Learning\Master-Dataset\master_dataset\red-dane\DS03__Red_Dane_65.jpg,red-dane
b8cd473235699ad2,D:\Projects\Federated_Learning\Master-Dataset\master_dataset\krishna-valley\DS03__Krishna_Valley_8.jpg,krishna-valley
b8cd473235699ad2,D:\Projects\Federated_Learning\Master-Dataset\master_dataset\vechur\DS03__00000245.jpg,vechur
ad2d76d24a8d3233,D:\Projects\Federated_Learning\Master-Dataset\master_dataset\krishna-valley\DS03__Krishna_Valley_91.jpg,krishna-valley
ad2d76d24a8d3233,D:\Projects\Federated_Learning\Master-Dataset\master_dataset\red-dane\DS03__Red_Dane_53.jpg,red-dane
d0532b3b3ed66d80,D:\Projects\Federated_Learning\Master-Dataset\master_dataset\krishna-valley\DS03__Krishna_Valley_93.jpg,krishna-valley
d0532b3b3ed66d80,D:\Projects\Federated_Learning\Master-Dataset\master_dataset\tharparkar\DS03__Tharparkar_1.JPG,tharparkar
fbe8809adc8785b1,D:\Projects\Federated_Learning\Master-Dataset\master_dataset\krishna-valley\DS11__Krishna_Valley_011.jpg,krishna-valley
fbe8809adc8785b1,D:\Projects\Federated_Learning\Master-Dataset\master_dataset\nagpuri\DS11__Nagpuri_129.jpg,nagpuri
aeeac094bd13317c,D:\Projects\Federated_Learning\Master-Dataset\master_dataset\krishna-valley\DS11__Krishna_Valley_012.jpg,krishna-valley
aeeac094bd13317c,D:\Projects\Federated_Learning\Master-Dataset\master_dataset\red-sindhi\DS11__Red_Sindhi_025.jpg,red-sindhi
975fc8e2e898aec0,D:\Projects\Federated_Learning\Master-Dataset\master_dataset\krishna-valley\DS11__Krishna_Valley_022.jpg,krishna-valley
975fc8e2e898aec0,D:\Projects\Federated_Learning\Master-Dataset\master_dataset\pulikulam\DS11__Pulikulam_032.jpg,pulikulam
da0e85e0ea1e17b5,D:\Projects\Federated_Learning\Master-Dataset\master_dataset\krishna-valley\DS11__Krishna_Valley_023.jpg,krishna-valley
da0e85e0ea1e17b5,D:\Projects\Federated_Learning\Master-Dataset\master_dataset\ongole\DS11__Ongole_107.jpg,ongole
dddd8422a27acec1,D:\Projects\Federated_Learning\Master-Dataset\master_dataset\krishna-valley\DS11__Krishna_Valley_025.jpg,krishna-valley
dddd8422a27acec1,D:\Projects\Federated_Learning\Master-Dataset\master_dataset\rathi\DS11__Rathi_098.jpg,rathi
ed4996a43b0bc535,D:\Projects\Federated_Learning\Master-Dataset\master_dataset\krishna-valley\DS11__Krishna_Valley_029.jpg,krishna-valley
ed4996a43b0bc535,D:\Projects\Federated_Learning\Master-Dataset\master_dataset\ongole\DS11__Ongole_104.jpg,ongole
ade5d2129e0c3d71,D:\Projects\Federated_Learning\Master-Dataset\master_dataset\krishna-valley\DS11__Krishna_Valley_030.jpg,krishna-valley
ade5d2129e0c3d71,D:\Projects\Federated_Learning\Master-Dataset\master_dataset\red-sindhi\DS11__Red_Sindhi_013.jpg,red-sindhi
af7bd5a4a08fc250,D:\Projects\Federated_Learning\Master-Dataset\master_dataset\krishna-valley\DS11__Krishna_Valley_036.jpg,krishna-valley
af7bd5a4a08fc250,D:\Projects\Federated_Learning\Master-Dataset\master_dataset\red-dane\DS11__Red_Dane_042.jpg,red-dane
fbaf95c0e02c6a0b,D:\Projects\Federated_Learning\Master-Dataset\master_dataset\krishna-valley\DS11__Krishna_Valley_064.jpg,krishna-valley
fbaf95c0e02c6a0b,D:\Projects\Federated_Learning\Master-Dataset\master_dataset\red-sindhi\DS11__Red_Sindhi_129.jpg,red-sindhi
f89c8763289c5bc3,D:\Projects\Federated_Learning\Master-Dataset\master_dataset\krishna-valley\DS11__Krishna_Valley_066.jpg,krishna-valley
f89c8763289c5bc3,D:\Projects\Federated_Learning\Master-Dataset\master_dataset\red-dane\DS11__Red_Dane_091.jpg,red-dane
a12fdad0a7ca702d,D:\Projects\Federated_Learning\Master-Dataset\master_dataset\krishna-valley\DS11__Krishna_Valley_075.jpg,krishna-valley
a12fdad0a7ca702d,D:\Projects\Federated_Learning\Master-Dataset\master_dataset\pulikulam\DS11__Pulikulam_117.jpg,pulikulam
d087af3084dc7a67,D:\Projects\Federated_Learning\Master-Dataset\master_dataset\krishna-valley\DS11__Krishna_Valley_078.jpg,krishna-valley
d087af3084dc7a67,D:\Projects\Federated_Learning\Master-Dataset\master_dataset\sahiwal\DS11__Sahiwal_399.jpg,sahiwal
d087af3084dc7a67,D:\Projects\Federated_Learning\Master-Dataset\master_dataset\vechur\DS11__Vechur_063.jpg,vechur
bfd9c036ac49e2b0,D:\Projects\Federated_Learning\Master-Dataset\master_dataset\krishna-valley\DS11__Krishna_Valley_088.jpg,krishna-valley
bfd9c036ac49e2b0,D:\Projects\Federated_Learning\Master-Dataset\master_dataset\toda\DS11__Toda_085.jpg,toda
ac14d2efafc85033,D:\Projects\Federated_Learning\Master-Dataset\master_dataset\krishna-valley\DS11__Krishna_Valley_096.jpg,krishna-valley
ac14d2efafc85033,D:\Projects\Federated_Learning\Master-Dataset\master_dataset\nimari\DS11__Nimari_004.jpg,nimari
aae0d42f2fd05ae1,D:\Projects\Federated_Learning\Master-Dataset\master_dataset\krishna-valley\DS11__Krishna_Valley_105.jpg,krishna-valley
aae0d42f2fd05ae1,D:\Projects\Federated_Learning\Master-Dataset\master_dataset\red-dane\DS11__Red_Dane_098.jpg,red-dane
af68d085391ae66d,D:\Projects\Federated_Learning\Master-Dataset\master_dataset\krishna-valley\DS11__Krishna_Valley_110.jpg,krishna-valley
af68d085391ae66d,D:\Projects\Federated_Learning\Master-Dataset\master_dataset\pulikulam\DS11__Pulikulam_009.jpg,pulikulam
af68d085391ae66d,D:\Projects\Federated_Learning\Master-Dataset\master_dataset\umblachery\DS11__Umblachery_076.jpg,umblachery
c515bc2ccacac3b3,D:\Projects\Federated_Learning\Master-Dataset\master_dataset\krishna-valley\DS11__Krishna_Valley_111.jpg,krishna-valley
c515bc2ccacac3b3,D:\Projects\Federated_Learning\Master-Dataset\master_dataset\nagori\DS11__Nagori_007.jpg,nagori
d2a42b3acde4b2c3,D:\Projects\Federated_Learning\Master-Dataset\master_dataset\krishna-valley\DS11__Krishna_Valley_113.jpg,krishna-valley
d2a42b3acde4b2c3,D:\Projects\Federated_Learning\Master-Dataset\master_dataset\nagpuri\DS11__Nagpuri_025.jpg,nagpuri
d2a42b3acde4b2c3,D:\Projects\Federated_Learning\Master-Dataset\master_dataset\red-dane\DS11__Red_Dane_130.jpg,red-dane
9cc6e371958a70e5,D:\Projects\Federated_Learning\Master-Dataset\master_dataset\krishna-valley\DS11__Krishna_Valley_119.jpg,krishna-valley
9cc6e371958a70e5,D:\Projects\Federated_Learning\Master-Dataset\master_dataset\nagori\DS11__Nagori_008.jpg,nagori
9cc6e371958a70e5,D:\Projects\Federated_Learning\Master-Dataset\master_dataset\ongole\DS11__Ongole_024.jpg,ongole
9cc6e371958a70e5,D:\Projects\Federated_Learning\Master-Dataset\master_dataset\tharparkar\DS11__Tharparkar_046.jpg,tharparkar
ad2df652c889b233,D:\Projects\Federated_Learning\Master-Dataset\master_dataset\krishna-valley\DS11__Krishna_Valley_128.jpg,krishna-valley
ad2df652c889b233,D:\Projects\Federated_Learning\Master-Dataset\master_dataset\red-dane\DS11__Red_Dane_117.jpg,red-dane
d051ab3bbed6e480,D:\Projects\Federated_Learning\Master-Dataset\master_dataset\krishna-valley\DS11__Krishna_Valley_130.jpg,krishna-valley
d051ab3bbed6e480,D:\Projects\Federated_Learning\Master-Dataset\master_dataset\tharparkar\DS11__Tharparkar_001.jpg,tharparkar
bc69438636696dd4,D:\Projects\Federated_Learning\Master-Dataset\master_dataset\ladakhi\DS02__image_221x229_40.jpg,ladakhi
bc69438636696dd4,D:\Projects\Federated_Learning\Master-Dataset\master_dataset\thutho\DS02__image_221x229_50.jpg,thutho
bc69438636696dd4,D:\Projects\Federated_Learning\Master-Dataset\master_dataset\thutho\DS02__image_221x229_53.jpg,thutho
fa9d85e3a10e7621,D:\Projects\Federated_Learning\Master-Dataset\master_dataset\ladakhi\DS02__image_259x194_13.jpg,ladakhi
fa9d85e3a10e7621,D:\Projects\Federated_Learning\Master-Dataset\master_dataset\thutho\DS02__image_259x194_42.jpg,thutho
f2188882f06dcfd7,D:\Projects\Federated_Learning\Master-Dataset\master_dataset\ladakhi\DS02__image_259x195_1.jpg,ladakhi
f2188882f06dcfd7,D:\Projects\Federated_Learning\Master-Dataset\master_dataset\thutho\DS02__image_259x195_25.jpg,thutho
fa2c85d3e4cc9b24,D:\Projects\Federated_Learning\Master-Dataset\master_dataset\ladakhi\DS02__image_278x181_2.jpg,ladakhi
fa2c85d3e4cc9b24,D:\Projects\Federated_Learning\Master-Dataset\master_dataset\thutho\DS02__image_278x181_54.jpg,thutho
af5ac3b1dbc0384a,D:\Projects\Federated_Learning\Master-Dataset\master_dataset\ladakhi\DS02__image_288x175_1.jpg,ladakhi
af5ac3b1dbc0384a,D:\Projects\Federated_Learning\Master-Dataset\master_dataset\thutho\DS02__image_288x175_57.jpg,thutho
aa8a95b4524b37c7,D:\Projects\Federated_Learning\Master-Dataset\master_dataset\lakhimi\DS02__image_225x225_25 (2).jpg,lakhimi
aa8a95b4524b37c7,D:\Projects\Federated_Learning\Master-Dataset\master_dataset\lakhimi\DS02__image_225x225_25.jpg,lakhimi
aa8a95b4524b37c7,D:\Projects\Federated_Learning\Master-Dataset\master_dataset\motu\DS02__image_225x225_57.jpg,motu
f17acad883a10f0f,D:\Projects\Federated_Learning\Master-Dataset\master_dataset\lakhimi\DS02__image_225x225_29 (2).jpg,lakhimi
f17acad883a10f0f,D:\Projects\Federated_Learning\Master-Dataset\master_dataset\lakhimi\DS02__image_225x225_29.jpg,lakhimi
f17acad883a10f0f,D:\Projects\Federated_Learning\Master-Dataset\master_dataset\motu\DS02__image_225x225_58.jpg,motu
ee002bcf3323dc74,D:\Projects\Federated_Learning\Master-Dataset\master_dataset\lakhimi\DS02__image_259x194_12 (2).jpg,lakhimi
ee002bcf3323dc74,D:\Projects\Federated_Learning\Master-Dataset\master_dataset\lakhimi\DS02__image_259x194_12.jpg,lakhimi
ee002bcf3323dc74,D:\Projects\Federated_Learning\Master-Dataset\master_dataset\motu\DS02__image_259x194_11 (2).jpg,motu
ee002bcf3323dc74,D:\Projects\Federated_Learning\Master-Dataset\master_dataset\motu\DS02__image_259x194_16 (2).jpg,motu
9415696b6e0d993b,D:\Projects\Federated_Learning\Master-Dataset\master_dataset\lakhimi\DS02__image_259x194_3 (2).jpg,lakhimi
9415696b6e0d993b,D:\Projects\Federated_Learning\Master-Dataset\master_dataset\lakhimi\DS02__image_259x194_3.jpg,lakhimi
9415696b6e0d993b,D:\Projects\Federated_Learning\Master-Dataset\master_dataset\motu\DS02__image_259x194_4.jpg,motu
e68b14583ff95464,D:\Projects\Federated_Learning\Master-Dataset\master_dataset\lakhimi\DS02__image_271x186_51 (2).jpg,lakhimi
e68b14583ff95464,D:\Projects\Federated_Learning\Master-Dataset\master_dataset\lakhimi\DS02__image_271x186_51.jpg,lakhimi
e68b14583ff95464,D:\Projects\Federated_Learning\Master-Dataset\master_dataset\motu\DS02__image_271x186_51.jpg,motu
d246653d9c1a3b2b,D:\Projects\Federated_Learning\Master-Dataset\master_dataset\lakhimi\DS04__lakhimi_0001.jpg,lakhimi
d246653d9c1a3b2b,D:\Projects\Federated_Learning\Master-Dataset\master_dataset\lakhimi\DS04__lakhimi_0003.jpg,lakhimi
d246653d9c1a3b2b,D:\Projects\Federated_Learning\Master-Dataset\master_dataset\lakhimi\DS04__lakhimi_0005.jpg,lakhimi
d246653d9c1a3b2b,D:\Projects\Federated_Learning\Master-Dataset\master_dataset\lakhimi\DS04__lakhimi_0007.jpg,lakhimi
d246653d9c1a3b2b,D:\Projects\Federated_Learning\Master-Dataset\master_dataset\lakhimi\DS04__lakhimi_0009.jpg,lakhimi
d246653d9c1a3b2b,D:\Projects\Federated_Learning\Master-Dataset\master_dataset\motu\DS02__image_259x194_2.jpg,motu
d246653d9c1a3b2b,D:\Projects\Federated_Learning\Master-Dataset\master_dataset\motu\DS02__Visually_searched_image (3).jpg,motu
fa2f8f93e1e09488,D:\Projects\Federated_Learning\Master-Dataset\master_dataset\luit\DS01__Buffalo_Animal_Husbandry_Apni_Kheti (2).jpg,luit
fa2f8f93e1e09488,D:\Projects\Federated_Learning\Master-Dataset\master_dataset\surti\DS05__5808idea99surti_jpg.rf.155473e1107d8d67a948a9e04f966662.jpg,surti
fa2f8f93e1e09488,D:\Projects\Federated_Learning\Master-Dataset\master_dataset\surti\DS05__5808idea99surti_rot0_b1_jpg.rf.596a07a15737a6c6317300c216478e7d.jpg,surti
fa2f8f93e1e09488,D:\Projects\Federated_Learning\Master-Dataset\master_dataset\surti\DS05__download-2-_jpg.rf.722b9bf2496abe7e879eadfe5c96d941.jpg,surti
fa2f8f93e1e09488,D:\Projects\Federated_Learning\Master-Dataset\master_dataset\surti\DS05__download-2-_rot0_b1_jpg.rf.fa3a66c0f53c5fa8e111b7dbe9d75489.jpg,surti
fa1e95d16067136a,D:\Projects\Federated_Learning\Master-Dataset\master_dataset\luit\DS01__Dudharu_Murrah_Buffalo_at_7000000_INR_.jpg,luit
fa1e95d16067136a,D:\Projects\Federated_Learning\Master-Dataset\master_dataset\murrah\DS04__murrah_0029.jpeg,murrah
fa1e95d16067136a,D:\Projects\Federated_Learning\Master-Dataset\master_dataset\murrah\DS04__murrah_0047.jpeg,murrah
fa1e95d16067136a,D:\Projects\Federated_Learning\Master-Dataset\master_dataset\murrah\DS06__Murrah_117.jpeg,murrah
fa1e95d16067136a,D:\Projects\Federated_Learning\Master-Dataset\master_dataset\murrah\DS06__Murrah_135.jpeg,murrah
fa1e95d16067136a,D:\Projects\Federated_Learning\Master-Dataset\master_dataset\murrah\DS10__Murrah_117.jpeg,murrah
fa1e95d16067136a,D:\Projects\Federated_Learning\Master-Dataset\master_dataset\murrah\DS10__Murrah_135.jpeg,murrah
fa1e95d16067136a,D:\Projects\Federated_Learning\Master-Dataset\master_dataset\nagpuri\DS01__image_277x182_4.jpg,nagpuri
fa5ac8e6c7928c8c,D:\Projects\Federated_Learning\Master-Dataset\master_dataset\luit\DS01__ICAR-CCARI_Goa (2).jpg,luit
fa5ac8e6c7928c8c,D:\Projects\Federated_Learning\Master-Dataset\master_dataset\toda\DS04__toda_0001.jpg,toda
fa5ac8e6c7928c8c,D:\Projects\Federated_Learning\Master-Dataset\master_dataset\toda\DS04__toda_0003.jpg,toda
fa5ac8e6c7928c8c,D:\Projects\Federated_Learning\Master-Dataset\master_dataset\toda\DS04__toda_0005.jpg,toda
fa5ac8e6c7928c8c,D:\Projects\Federated_Learning\Master-Dataset\master_dataset\toda\DS04__toda_0007.jpg,toda
fa5ac8e6c7928c8c,D:\Projects\Federated_Learning\Master-Dataset\master_dataset\toda\DS04__toda_0009.jpg,toda
aedad285b5c680b9,D:\Projects\Federated_Learning\Master-Dataset\master_dataset\luit\DS01__ICAR-CCARI_Goa.jpg,luit
aedad285b5c680b9,D:\Projects\Federated_Learning\Master-Dataset\master_dataset\toda\DS04__toda_0040.jpg,toda
aedad285b5c680b9,D:\Projects\Federated_Learning\Master-Dataset\master_dataset\toda\DS10__Toda_13.jpg,toda
ebb9d48607397a30,D:\Projects\Federated_Learning\Master-Dataset\master_dataset\luit\DS01__image_277x182_3 (2).jpg,luit
ebb9d48607397a30,D:\Projects\Federated_Learning\Master-Dataset\master_dataset\luit\DS01__image_277x182_3.jpg,luit
ebb9d48607397a30,D:\Projects\Federated_Learning\Master-Dataset\master_dataset\nagpuri\DS04__nagpuri_0001.jpg,nagpuri
ebb9d48607397a30,D:\Projects\Federated_Learning\Master-Dataset\master_dataset\nagpuri\DS04__nagpuri_0003.jpg,nagpuri
ebb9d48607397a30,D:\Projects\Federated_Learning\Master-Dataset\master_dataset\nagpuri\DS04__nagpuri_0005.jpg,nagpuri
ebb9d48607397a30,D:\Projects\Federated_Learning\Master-Dataset\master_dataset\nagpuri\DS04__nagpuri_0007.jpg,nagpuri
ebb9d48607397a30,D:\Projects\Federated_Learning\Master-Dataset\master_dataset\nagpuri\DS04__nagpuri_0009.jpg,nagpuri
fa3e9dd3601c1307,D:\Projects\Federated_Learning\Master-Dataset\master_dataset\luit\DS01__image_300x168_3 (2).jpg,luit
fa3e9dd3601c1307,D:\Projects\Federated_Learning\Master-Dataset\master_dataset\luit\DS01__image_300x168_3.jpg,luit
fa3e9dd3601c1307,D:\Projects\Federated_Learning\Master-Dataset\master_dataset\mehsana\DS01__image_300x168_10.jpg,mehsana
ebe080878c9cdafc,D:\Projects\Federated_Learning\Master-Dataset\master_dataset\luit\DS01__List_of_water_buffalo_breeds_-_Wikipedia (2).jpg,luit
ebe080878c9cdafc,D:\Projects\Federated_Learning\Master-Dataset\master_dataset\nagpuri\DS04__nagpuri_0197.jpg,nagpuri
ebe080878c9cdafc,D:\Projects\Federated_Learning\Master-Dataset\master_dataset\nagpuri\DS10__Nagpuri_99.jpg,nagpuri
e1fadac0e00339b7,D:\Projects\Federated_Learning\Master-Dataset\master_dataset\malnad-gidda\DS02__00000005.jpg,malnad-gidda
e1fadac0e00339b7,D:\Projects\Federated_Learning\Master-Dataset\master_dataset\malnad-gidda\DS04__malnad_gidda_0014.jpg,malnad-gidda
e1fadac0e00339b7,D:\Projects\Federated_Learning\Master-Dataset\master_dataset\malnad-gidda\DS10__00000005.jpg,malnad-gidda
e1fadac0e00339b7,D:\Projects\Federated_Learning\Master-Dataset\master_dataset\vechur\DS02__00000209.jpg,vechur
e1fadac0e00339b7,D:\Projects\Federated_Learning\Master-Dataset\master_dataset\vechur\DS04__vechur_0069.jpg,vechur
e1fadac0e00339b7,D:\Projects\Federated_Learning\Master-Dataset\master_dataset\vechur\DS10__00000209.jpg,vechur
fa7ec1d0240f9751,D:\Projects\Federated_Learning\Master-Dataset\master_dataset\malnad-gidda\DS02__00000043.jpg,malnad-gidda
fa7ec1d0240f9751,D:\Projects\Federated_Learning\Master-Dataset\master_dataset\malnad-gidda\DS04__malnad_gidda_0029.jpg,malnad-gidda
fa7ec1d0240f9751,D:\Projects\Federated_Learning\Master-Dataset\master_dataset\malnad-gidda\DS06__00000043.jpg,malnad-gidda
fa7ec1d0240f9751,D:\Projects\Federated_Learning\Master-Dataset\master_dataset\malnad-gidda\DS10__00000043.jpg,malnad-gidda
fa7ec1d0240f9751,D:\Projects\Federated_Learning\Master-Dataset\master_dataset\pandharpuri\DS01__image_286x176_54.jpg,pandharpuri
b11c96382dcdd972,D:\Projects\Federated_Learning\Master-Dataset\master_dataset\malnad-gidda\DS02__00000069.jpg,malnad-gidda
b11c96382dcdd972,D:\Projects\Federated_Learning\Master-Dataset\master_dataset\malnad-gidda\DS04__malnad_gidda_0033.jpg,malnad-gidda
b11c96382dcdd972,D:\Projects\Federated_Learning\Master-Dataset\master_dataset\malnad-gidda\DS10__00000069.jpg,malnad-gidda
b11c96382dcdd972,D:\Projects\Federated_Learning\Master-Dataset\master_dataset\vechur\DS02__00000384.jpg,vechur
b11c96382dcdd972,D:\Projects\Federated_Learning\Master-Dataset\master_dataset\vechur\DS04__vechur_0102.jpg,vechur
b11c96382dcdd972,D:\Projects\Federated_Learning\Master-Dataset\master_dataset\vechur\DS06__00000384.jpg,vechur
b11c96382dcdd972,D:\Projects\Federated_Learning\Master-Dataset\master_dataset\vechur\DS10__00000384.jpg,vechur
d1a5c76c1ef03299,D:\Projects\Federated_Learning\Master-Dataset\master_dataset\malnad-gidda\DS02__00000105.jpg,malnad-gidda
d1a5c76c1ef03299,D:\Projects\Federated_Learning\Master-Dataset\master_dataset\malnad-gidda\DS04__malnad_gidda_0042.jpg,malnad-gidda
d1a5c76c1ef03299,D:\Projects\Federated_Learning\Master-Dataset\master_dataset\malnad-gidda\DS10__00000105.jpg,malnad-gidda
d1a5c76c1ef03299,D:\Projects\Federated_Learning\Master-Dataset\master_dataset\sahiwal\DS02__Sahiwal_39.jpg,sahiwal
d1a5c76c1ef03299,D:\Projects\Federated_Learning\Master-Dataset\master_dataset\sahiwal\DS04__sahiwal_0332.jpg,sahiwal
d1a5c76c1ef03299,D:\Projects\Federated_Learning\Master-Dataset\master_dataset\sahiwal\DS06__Sahiwal_39.jpg,sahiwal
d1a5c76c1ef03299,D:\Projects\Federated_Learning\Master-Dataset\master_dataset\sahiwal\DS10__Sahiwal_39.jpg,sahiwal
9575e02aff8a2e44,D:\Projects\Federated_Learning\Master-Dataset\master_dataset\malnad-gidda\DS02__00000112.JPG,malnad-gidda
9575e02aff8a2e44,D:\Projects\Federated_Learning\Master-Dataset\master_dataset\malnad-gidda\DS04__malnad_gidda_0043.jpg,malnad-gidda
9575e02aff8a2e44,D:\Projects\Federated_Learning\Master-Dataset\master_dataset\malnad-gidda\DS06__00000112.JPG,malnad-gidda
9575e02aff8a2e44,D:\Projects\Federated_Learning\Master-Dataset\master_dataset\malnad-gidda\DS10__00000112.JPG,malnad-gidda
9575e02aff8a2e44,D:\Projects\Federated_Learning\Master-Dataset\master_dataset\vechur\DS02__00000121.JPG,vechur
9575e02aff8a2e44,D:\Projects\Federated_Learning\Master-Dataset\master_dataset\vechur\DS04__vechur_0046.jpg,vechur
9575e02aff8a2e44,D:\Projects\Federated_Learning\Master-Dataset\master_dataset\vechur\DS06__00000121.JPG,vechur
9575e02aff8a2e44,D:\Projects\Federated_Learning\Master-Dataset\master_dataset\vechur\DS10__00000121.JPG,vechur
a740d236cbdac527,D:\Projects\Federated_Learning\Master-Dataset\master_dataset\malnad-gidda\DS02__00000126.jpeg,malnad-gidda
a740d236cbdac527,D:\Projects\Federated_Learning\Master-Dataset\master_dataset\malnad-gidda\DS04__malnad_gidda_0044.jpeg,malnad-gidda
a740d236cbdac527,D:\Projects\Federated_Learning\Master-Dataset\master_dataset\malnad-gidda\DS06__00000126.jpeg,malnad-gidda
a740d236cbdac527,D:\Projects\Federated_Learning\Master-Dataset\master_dataset\malnad-gidda\DS10__00000126.jpeg,malnad-gidda
a740d236cbdac527,D:\Projects\Federated_Learning\Master-Dataset\master_dataset\vechur\DS02__00000132.jpeg,vechur
a740d236cbdac527,D:\Projects\Federated_Learning\Master-Dataset\master_dataset\vechur\DS04__vechur_0049.jpeg,vechur
a740d236cbdac527,D:\Projects\Federated_Learning\Master-Dataset\master_dataset\vechur\DS10__00000132.jpeg,vechur
c4c6b2a4cbce454f,D:\Projects\Federated_Learning\Master-Dataset\master_dataset\malnad-gidda\DS02__00000159.jpg,malnad-gidda
c4c6b2a4cbce454f,D:\Projects\Federated_Learning\Master-Dataset\master_dataset\malnad-gidda\DS04__malnad_gidda_0048.jpg,malnad-gidda
c4c6b2a4cbce454f,D:\Projects\Federated_Learning\Master-Dataset\master_dataset\malnad-gidda\DS06__00000159.jpg,malnad-gidda
c4c6b2a4cbce454f,D:\Projects\Federated_Learning\Master-Dataset\master_dataset\malnad-gidda\DS10__00000159.jpg,malnad-gidda
c4c6b2a4cbce454f,D:\Projects\Federated_Learning\Master-Dataset\master_dataset\vechur\DS02__00000003.jpg,vechur
c4c6b2a4cbce454f,D:\Projects\Federated_Learning\Master-Dataset\master_dataset\vechur\DS04__vechur_0012.jpg,vechur
c4c6b2a4cbce454f,D:\Projects\Federated_Learning\Master-Dataset\master_dataset\vechur\DS10__00000003.jpg,vechur
e1fe1e4125213f3c,D:\Projects\Federated_Learning\Master-Dataset\master_dataset\malnad-gidda\DS03__00000005.jpg,malnad-gidda
e1fe1e4125213f3c,D:\Projects\Federated_Learning\Master-Dataset\master_dataset\vechur\DS03__00000209.jpg,vechur
b11c5ee369c15b32,D:\Projects\Federated_Learning\Master-Dataset\master_dataset\malnad-gidda\DS03__00000069.jpg,malnad-gidda
b11c5ee369c15b32,D:\Projects\Federated_Learning\Master-Dataset\master_dataset\vechur\DS03__00000384.jpg,vechur
d1a5676c1e93641b,D:\Projects\Federated_Learning\Master-Dataset\master_dataset\malnad-gidda\DS03__00000105.jpg,malnad-gidda
d1a5676c1e93641b,D:\Projects\Federated_Learning\Master-Dataset\master_dataset\sahiwal\DS03__Sahiwal_39.jpg,sahiwal
b575628a2f990877,D:\Projects\Federated_Learning\Master-Dataset\master_dataset\malnad-gidda\DS03__00000112.JPG,malnad-gidda
b575628a2f990877,D:\Projects\Federated_Learning\Master-Dataset\master_dataset\vechur\DS03__00000121.JPG,vechur
af44503f4fcb3425,D:\Projects\Federated_Learning\Master-Dataset\master_dataset\malnad-gidda\DS03__00000126.jpeg,malnad-gidda
af44503f4fcb3425,D:\Projects\Federated_Learning\Master-Dataset\master_dataset\vechur\DS03__00000132.jpeg,vechur
c4c6323d6f5fb480,D:\Projects\Federated_Learning\Master-Dataset\master_dataset\malnad-gidda\DS03__00000159.jpg,malnad-gidda
c4c6323d6f5fb480,D:\Projects\Federated_Learning\Master-Dataset\master_dataset\vechur\DS03__00000003.jpg,vechur
e1fa9a41a521bf34,D:\Projects\Federated_Learning\Master-Dataset\master_dataset\malnad-gidda\DS11__Malnad_gidda_004.jpg,malnad-gidda
e1fa9a41a521bf34,D:\Projects\Federated_Learning\Master-Dataset\master_dataset\vechur\DS11__Vechur_059.jpg,vechur
b11cdee0e9c1cb32,D:\Projects\Federated_Learning\Master-Dataset\master_dataset\malnad-gidda\DS11__Malnad_gidda_023.jpg,malnad-gidda
b11cdee0e9c1cb32,D:\Projects\Federated_Learning\Master-Dataset\master_dataset\vechur\DS11__Vechur_092.jpg,vechur
d1a5e76c9e91e00b,D:\Projects\Federated_Learning\Master-Dataset\master_dataset\malnad-gidda\DS11__Malnad_gidda_032.jpg,malnad-gidda
d1a5e76c9e91e00b,D:\Projects\Federated_Learning\Master-Dataset\master_dataset\sahiwal\DS11__Sahiwal_316.jpg,sahiwal
b575e28aaf990075,D:\Projects\Federated_Learning\Master-Dataset\master_dataset\malnad-gidda\DS11__Malnad_gidda_033.jpg,malnad-gidda
b575e28aaf990075,D:\Projects\Federated_Learning\Master-Dataset\master_dataset\vechur\DS11__Vechur_036.jpg,vechur
a744d03fcdcb3425,D:\Projects\Federated_Learning\Master-Dataset\master_dataset\malnad-gidda\DS11__Malnad_gidda_034.jpg,malnad-gidda
a744d03fcdcb3425,D:\Projects\Federated_Learning\Master-Dataset\master_dataset\vechur\DS11__Vechur_039.jpg,vechur
c4c6b23def5f3080,D:\Projects\Federated_Learning\Master-Dataset\master_dataset\malnad-gidda\DS11__Malnad_gidda_038.jpg,malnad-gidda
c4c6b23def5f3080,D:\Projects\Federated_Learning\Master-Dataset\master_dataset\vechur\DS11__Vechur_002.jpg,vechur
e4d8933621cdf64c,D:\Projects\Federated_Learning\Master-Dataset\master_dataset\malvi\DS02__image_168x300_57.jpg,malvi
e4d8933621cdf64c,D:\Projects\Federated_Learning\Master-Dataset\master_dataset\nari\DS02__image_168x300_36.jpg,nari
e4d8933621cdf64c,D:\Projects\Federated_Learning\Master-Dataset\master_dataset\nari\DS02__image_168x300_69.jpg,nari
d351682c6f43a5e6,D:\Projects\Federated_Learning\Master-Dataset\master_dataset\malvi\DS02__image_168x300_59.jpg,malvi
d351682c6f43a5e6,D:\Projects\Federated_Learning\Master-Dataset\master_dataset\nari\DS02__image_168x300_59.jpg,nari
8c80a1e16a9edbee,D:\Projects\Federated_Learning\Master-Dataset\master_dataset\malvi\DS02__image_174x131_77.jpg,malvi
8c80a1e16a9edbee,D:\Projects\Federated_Learning\Master-Dataset\master_dataset\shweta-kapila\DS02__image_174x131_60.jpg,shweta-kapila
f531aaee84412f3a,D:\Projects\Federated_Learning\Master-Dataset\master_dataset\malvi\DS02__image_174x289_69.jpg,malvi
f531aaee84412f3a,D:\Projects\Federated_Learning\Master-Dataset\master_dataset\nari\DS02__image_174x289_42.jpg,nari
83829ff5f870705a,D:\Projects\Federated_Learning\Master-Dataset\master_dataset\malvi\DS02__image_193x261_1.jpg,malvi
83829ff5f870705a,D:\Projects\Federated_Learning\Master-Dataset\master_dataset\nari\DS02__image_193x261_52.jpg,nari
9080e2af8595f95f,D:\Projects\Federated_Learning\Master-Dataset\master_dataset\malvi\DS02__image_194x259_10.jpg,malvi
9080e2af8595f95f,D:\Projects\Federated_Learning\Master-Dataset\master_dataset\shweta-kapila\DS02__image_194x259_40.jpg,shweta-kapila
c4c13b96a5e5d0ec,D:\Projects\Federated_Learning\Master-Dataset\master_dataset\malvi\DS02__image_194x259_8.jpg,malvi
c4c13b96a5e5d0ec,D:\Projects\Federated_Learning\Master-Dataset\master_dataset\shweta-kapila\DS02__image_194x259_41.jpg,shweta-kapila
99ea6a9a9093f1c6,D:\Projects\Federated_Learning\Master-Dataset\master_dataset\malvi\DS02__image_201x251_4.jpg,malvi
99ea6a9a9093f1c6,D:\Projects\Federated_Learning\Master-Dataset\master_dataset\nagori\DS02__image_201x251_35.jpg,nagori
8f677896c74638b0,D:\Projects\Federated_Learning\Master-Dataset\master_dataset\malvi\DS02__image_214x235_63.jpg,malvi
8f677896c74638b0,D:\Projects\Federated_Learning\Master-Dataset\master_dataset\nari\DS02__image_214x235_32.jpg,nari
df733c928945e036,D:\Projects\Federated_Learning\Master-Dataset\master_dataset\malvi\DS02__image_222x227_51.jpg,malvi
df733c928945e036,D:\Projects\Federated_Learning\Master-Dataset\master_dataset\nari\DS02__image_222x227_29.jpg,nari
d558252f8dcbd234,D:\Projects\Federated_Learning\Master-Dataset\master_dataset\malvi\DS02__image_224x225_12.jpg,malvi
d558252f8dcbd234,D:\Projects\Federated_Learning\Master-Dataset\master_dataset\shweta-kapila\DS02__image_224x225_23.jpg,shweta-kapila
9e16694996d2336d,D:\Projects\Federated_Learning\Master-Dataset\master_dataset\malvi\DS02__image_224x225_50.jpg,malvi
9e16694996d2336d,D:\Projects\Federated_Learning\Master-Dataset\master_dataset\nari\DS02__image_224x225_59.jpg,nari
82036f2ffd8d81e1,D:\Projects\Federated_Learning\Master-Dataset\master_dataset\malvi\DS02__image_225x225_3.jpg,malvi
82036f2ffd8d81e1,D:\Projects\Federated_Learning\Master-Dataset\master_dataset\shweta-kapila\DS02__image_225x225_17.jpg,shweta-kapila
d1e16e96d1e19709,D:\Projects\Federated_Learning\Master-Dataset\master_dataset\malvi\DS02__image_225x225_49.jpg,malvi
d1e16e96d1e19709,D:\Projects\Federated_Learning\Master-Dataset\master_dataset\nari\DS02__image_225x225_38.jpg,nari
8773683a97c55266,D:\Projects\Federated_Learning\Master-Dataset\master_dataset\malvi\DS02__image_232x217_52.jpg,malvi
8773683a97c55266,D:\Projects\Federated_Learning\Master-Dataset\master_dataset\nari\DS02__image_232x217_34.jpg,nari
8773683a97c55266,D:\Projects\Federated_Learning\Master-Dataset\master_dataset\nari\DS02__image_232x217_56.jpg,nari
d60c61614b9f9f91,D:\Projects\Federated_Learning\Master-Dataset\master_dataset\malvi\DS02__image_238x212_61.jpg,malvi
d60c61614b9f9f91,D:\Projects\Federated_Learning\Master-Dataset\master_dataset\nari\DS02__image_238x212_55.jpg,nari
d1d575d0ccc5a42e,D:\Projects\Federated_Learning\Master-Dataset\master_dataset\malvi\DS02__image_251x201_35.jpg,malvi
d1d575d0ccc5a42e,D:\Projects\Federated_Learning\Master-Dataset\master_dataset\nari\DS02__image_251x201_24.jpg,nari
84b26e0797dce8ca,D:\Projects\Federated_Learning\Master-Dataset\master_dataset\malvi\DS02__image_256x197_25.jpg,malvi
84b26e0797dce8ca,D:\Projects\Federated_Learning\Master-Dataset\master_dataset\malvi\DS02__image_256x197_37.jpg,malvi
84b26e0797dce8ca,D:\Projects\Federated_Learning\Master-Dataset\master_dataset\nari\DS02__image_256x197_25.jpg,nari
84b26e0797dce8ca,D:\Projects\Federated_Learning\Master-Dataset\master_dataset\nari\DS02__image_256x197_36.jpg,nari
c2523d2d4951d5db,D:\Projects\Federated_Learning\Master-Dataset\master_dataset\malvi\DS02__image_259x194_26.jpg,malvi
c2523d2d4951d5db,D:\Projects\Federated_Learning\Master-Dataset\master_dataset\malvi\DS02__image_259x194_40.jpg,malvi
c2523d2d4951d5db,D:\Projects\Federated_Learning\Master-Dataset\master_dataset\nari\DS02__image_259x194_44 (2).jpg,nari
95ebea9401426d7d,D:\Projects\Federated_Learning\Master-Dataset\master_dataset\malvi\DS02__image_259x194_27.jpg,malvi
95ebea9401426d7d,D:\Projects\Federated_Learning\Master-Dataset\master_dataset\nari\DS02__image_259x194_31.jpg,nari
95ebea9401426d7d,D:\Projects\Federated_Learning\Master-Dataset\master_dataset\nari\DS02__image_259x194_45 (2).jpg,nari
c3c7763cc4c4c396,D:\Projects\Federated_Learning\Master-Dataset\master_dataset\malvi\DS02__image_259x194_31.jpg,malvi
c3c7763cc4c4c396,D:\Projects\Federated_Learning\Master-Dataset\master_dataset\nari\DS02__image_259x194_28.jpg,nari
c3c7763cc4c4c396,D:\Projects\Federated_Learning\Master-Dataset\master_dataset\nari\DS02__image_259x194_40 (2).jpg,nari
d4d47a6bac9591a4,D:\Projects\Federated_Learning\Master-Dataset\master_dataset\malvi\DS02__image_259x194_34.jpg,malvi
d4d47a6bac9591a4,D:\Projects\Federated_Learning\Master-Dataset\master_dataset\nari\DS02__image_259x194_38 (2).jpg,nari
d4d47a6bac9591a4,D:\Projects\Federated_Learning\Master-Dataset\master_dataset\nari\DS02__image_259x194_46.jpg,nari
83287857e0f4bdb1,D:\Projects\Federated_Learning\Master-Dataset\master_dataset\malvi\DS02__image_263x191_37.jpg,malvi
83287857e0f4bdb1,D:\Projects\Federated_Learning\Master-Dataset\master_dataset\nari\DS02__image_263x191_47.jpg,nari
951f3c3a84e3c1c7,D:\Projects\Federated_Learning\Master-Dataset\master_dataset\malvi\DS02__image_272x185_48.jpg,malvi
951f3c3a84e3c1c7,D:\Projects\Federated_Learning\Master-Dataset\master_dataset\shweta-kapila\DS02__image_272x185_61.jpg,shweta-kapila
848e1ad8c1a36f6f,D:\Projects\Federated_Learning\Master-Dataset\master_dataset\malvi\DS02__image_275x183_45.jpg,malvi
848e1ad8c1a36f6f,D:\Projects\Federated_Learning\Master-Dataset\master_dataset\nari\DS02__image_275x183_46.jpg,nari
848e1ad8c1a36f6f,D:\Projects\Federated_Learning\Master-Dataset\master_dataset\nari\DS02__image_275x183_50.jpg,nari
930236389cdcc7f3,D:\Projects\Federated_Learning\Master-Dataset\master_dataset\malvi\DS02__image_275x183_54.jpg,malvi
930236389cdcc7f3,D:\Projects\Federated_Learning\Master-Dataset\master_dataset\nari\DS02__image_275x183_50 (2).jpg,nari
93b3395fc468b0b1,D:\Projects\Federated_Learning\Master-Dataset\master_dataset\malvi\DS02__image_279x181_44.jpg,malvi
93b3395fc468b0b1,D:\Projects\Federated_Learning\Master-Dataset\master_dataset\shweta-kapila\DS02__image_279x181_58.jpg,shweta-kapila
d51e1869c267726e,D:\Projects\Federated_Learning\Master-Dataset\master_dataset\malvi\DS02__image_299x168_70.jpg,malvi
d51e1869c267726e,D:\Projects\Federated_Learning\Master-Dataset\master_dataset\nari\DS02__image_299x168_62.jpg,nari
d51e1869c267726e,D:\Projects\Federated_Learning\Master-Dataset\master_dataset\nari\DS02__Visually_searched_image (3).jpg,nari
de3e61798cd73220,D:\Projects\Federated_Learning\Master-Dataset\master_dataset\malvi\DS02__image_300x168_69.jpg,malvi
de3e61798cd73220,D:\Projects\Federated_Learning\Master-Dataset\master_dataset\malvi\DS02__Visually_searched_image (2).jpg,malvi
de3e61798cd73220,D:\Projects\Federated_Learning\Master-Dataset\master_dataset\nari\DS02__image_300x168_61.jpg,nari
ae69c29631c9cf38,D:\Projects\Federated_Learning\Master-Dataset\master_dataset\malvi\DS02__image_304x166_58.jpg,malvi
ae69c29631c9cf38,D:\Projects\Federated_Learning\Master-Dataset\master_dataset\shweta-kapila\DS02__image_304x166_65.jpg,shweta-kapila
b8b535d06b8763c2,D:\Projects\Federated_Learning\Master-Dataset\master_dataset\malvi\DS02__image_348x145_75.jpg,malvi
b8b535d06b8763c2,D:\Projects\Federated_Learning\Master-Dataset\master_dataset\nari\DS02__image_348x145_65.jpg,nari
ad7ad084376a4e33,D:\Projects\Federated_Learning\Master-Dataset\master_dataset\marathwadi\DS01__Buffalo_Animal_Husbandry_Apni_Kheti.jpg,marathwadi
ad7ad084376a4e33,D:\Projects\Federated_Learning\Master-Dataset\master_dataset\nili-ravi\DS01__image_225x225_4.jpg,nili-ravi
ad7ad084376a4e33,D:\Projects\Federated_Learning\Master-Dataset\master_dataset\toda\DS03__Toda_80.jpg,toda
ad7ad084376a4e33,D:\Projects\Federated_Learning\Master-Dataset\master_dataset\toda\DS04__toda_0114.jpg,toda
ad7ad084376a4e33,D:\Projects\Federated_Learning\Master-Dataset\master_dataset\toda\DS10__Toda_80.jpg,toda
ad7ad084376a4e33,D:\Projects\Federated_Learning\Master-Dataset\master_dataset\toda\DS11__Toda_104.jpg,toda
ae3a56047b475371,D:\Projects\Federated_Learning\Master-Dataset\master_dataset\marathwadi\DS01__image_249x202_64.jpg,marathwadi
ae3a56047b475371,D:\Projects\Federated_Learning\Master-Dataset\master_dataset\nagpuri\DS01__image_249x202_61.jpg,nagpuri
a9848cb9f71a8cdc,D:\Projects\Federated_Learning\Master-Dataset\master_dataset\marathwadi\DS01__image_259x194_43.jpg,marathwadi
a9848cb9f71a8cdc,D:\Projects\Federated_Learning\Master-Dataset\master_dataset\nagpuri\DS01__image_259x194_18.jpg,nagpuri
aea5805a3d39dec1,D:\Projects\Federated_Learning\Master-Dataset\master_dataset\marathwadi\DS01__image_259x194_44.jpg,marathwadi
aea5805a3d39dec1,D:\Projects\Federated_Learning\Master-Dataset\master_dataset\nagpuri\DS01__image_259x194_13.jpg,nagpuri
f22994c3891e9f6c,D:\Projects\Federated_Learning\Master-Dataset\master_dataset\marathwadi\DS01__image_273x184_6.jpg,marathwadi
f22994c3891e9f6c,D:\Projects\Federated_Learning\Master-Dataset\master_dataset\surti\DS01__image_273x184_1.jpg,surti
b13696f1243d9963,D:\Projects\Federated_Learning\Master-Dataset\master_dataset\marathwadi\DS01__image_275x183_61.jpg,marathwadi
b13696f1243d9963,D:\Projects\Federated_Learning\Master-Dataset\master_dataset\nagpuri\DS01__image_275x183_51 (2).jpg,nagpuri
ea8a94c30d97c3cd,D:\Projects\Federated_Learning\Master-Dataset\master_dataset\marathwadi\DS01__image_300x168_50.jpg,marathwadi
ea8a94c30d97c3cd,D:\Projects\Federated_Learning\Master-Dataset\master_dataset\nagpuri\DS01__image_300x168_39 (2).jpg,nagpuri
fb96c160c64bac99,D:\Projects\Federated_Learning\Master-Dataset\master_dataset\marathwadi\DS01__image_305x165_36.jpg,marathwadi
fb96c160c64bac99,D:\Projects\Federated_Learning\Master-Dataset\master_dataset\nagpuri\DS01__image_305x165_42.jpg,nagpuri
e61b9ce6e1b09853,D:\Projects\Federated_Learning\Master-Dataset\master_dataset\marathwadi\DS01__image_50x50_1.jpg,marathwadi
e61b9ce6e1b09853,D:\Projects\Federated_Learning\Master-Dataset\master_dataset\nagpuri\DS01__image_50x50_1 (4).jpg,nagpuri
af40d43d7d64d20b,D:\Projects\Federated_Learning\Master-Dataset\master_dataset\marathwadi\DS01__Pandharpuri_Buffalo_Facts_Milk_.jpg,marathwadi
af40d43d7d64d20b,D:\Projects\Federated_Learning\Master-Dataset\master_dataset\toda\DS04__toda_0030.jpg,toda
af40d43d7d64d20b,D:\Projects\Federated_Learning\Master-Dataset\master_dataset\toda\DS06__Toda_116.jpg,toda
af40d43d7d64d20b,D:\Projects\Federated_Learning\Master-Dataset\master_dataset\toda\DS10__Toda_116.jpg,toda
ad74caca969996a1,D:\Projects\Federated_Learning\Master-Dataset\master_dataset\mehsana\DS01___ (2).jpg,mehsana
ad74caca969996a1,D:\Projects\Federated_Learning\Master-Dataset\master_dataset\murrah\DS01___.jpg,murrah
bb98d06e4e07c62d,D:\Projects\Federated_Learning\Master-Dataset\master_dataset\mehsana\DS01___.jpg,mehsana
bb98d06e4e07c62d,D:\Projects\Federated_Learning\Master-Dataset\master_dataset\murrah\DS01___ (1).jpg,murrah
bcd821b14c4f35b5,D:\Projects\Federated_Learning\Master-Dataset\master_dataset\mehsana\DS01__image_223x226_12.jpg,mehsana
bcd821b14c4f35b5,D:\Projects\Federated_Learning\Master-Dataset\master_dataset\murrah\DS01__image_223x226_27.jpg,murrah
afe0c4cccc9c9c9c,D:\Projects\Federated_Learning\Master-Dataset\master_dataset\mehsana\DS01__image_225x225_10.jpg,mehsana
afe0c4cccc9c9c9c,D:\Projects\Federated_Learning\Master-Dataset\master_dataset\murrah\DS01__Dairy_Farm_Murrah_Buffalo_PriceDairy_.jpg,murrah
afe0c4cccc9c9c9c,D:\Projects\Federated_Learning\Master-Dataset\master_dataset\murrah\DS01__image_225x225_17.jpg,murrah
ef90953cb84bf061,D:\Projects\Federated_Learning\Master-Dataset\master_dataset\mehsana\DS01__image_225x225_11.jpg,mehsana
ef90953cb84bf061,D:\Projects\Federated_Learning\Master-Dataset\master_dataset\murrah\DS01__Dairy_Murrah_Buffalo_at_70000_per_.jpg,murrah
aa1d95e2e1499abc,D:\Projects\Federated_Learning\Master-Dataset\master_dataset\mehsana\DS01__image_225x225_4.jpg,mehsana
aa1d95e2e1499abc,D:\Projects\Federated_Learning\Master-Dataset\master_dataset\murrah\DS01__image_225x225_24.jpg,murrah
aa1d95e2e1499abc,D:\Projects\Federated_Learning\Master-Dataset\master_dataset\pandharpuri\DS01__image_200x200_58.jpg,pandharpuri
aa1d95e2e1499abc,D:\Projects\Federated_Learning\Master-Dataset\master_dataset\surti\DS01__Pure_Murrah_Buffalo_-_Color_Black_at_.jpg,surti
96028cd5b9fae694,D:\Projects\Federated_Learning\Master-Dataset\master_dataset\mehsana\DS01__image_225x225_6.jpg,mehsana
96028cd5b9fae694,D:\Projects\Federated_Learning\Master-Dataset\master_dataset\murrah\DS01__Murrah_Buffalo_With_Calf_-_Color_Black_.jpg,murrah
96028cd5b9fae694,D:\Projects\Federated_Learning\Master-Dataset\master_dataset\surti\DS01__Murrah_Buffalo_With_Calf_Premium_Dairy_.jpg,surti
fb0e85f1e0cc9d60,D:\Projects\Federated_Learning\Master-Dataset\master_dataset\mehsana\DS01__image_225x225_7.jpg,mehsana
fb0e85f1e0cc9d60,D:\Projects\Federated_Learning\Master-Dataset\master_dataset\murrah\DS01__image_225x225_15.jpg,murrah
fb0e85f1e0cc9d60,D:\Projects\Federated_Learning\Master-Dataset\master_dataset\murrah\DS11__Murrah_035.jpg,murrah
fb0e85f1e0cc9d60,D:\Projects\Federated_Learning\Master-Dataset\master_dataset\surti\DS01__Murrah_BuffaloShri_Ganesh_Dairy_Farm.jpg,surti
b31e96a353351aaa,D:\Projects\Federated_Learning\Master-Dataset\master_dataset\mehsana\DS01__image_259x194_12.jpg,mehsana
b31e96a353351aaa,D:\Projects\Federated_Learning\Master-Dataset\master_dataset\murrah\DS01__Murrah_Buffalo_Supplier_In_Tamil_Nadu_.jpg,murrah
bc4ac3f036668a37,D:\Projects\Federated_Learning\Master-Dataset\master_dataset\mehsana\DS01__image_259x194_14.jpg,mehsana
bc4ac3f036668a37,D:\Projects\Federated_Learning\Master-Dataset\master_dataset\murrah\DS01__image_259x194_7.jpg,murrah
bc4ac3f036668a37,D:\Projects\Federated_Learning\Master-Dataset\master_dataset\murrah\DS01__Murrah_Dairy_Knowledge_Portal.jpg,murrah
bc4ac3f036668a37,D:\Projects\Federated_Learning\Master-Dataset\master_dataset\murrah\DS04__murrah_0116.jpg,murrah
bc4ac3f036668a37,D:\Projects\Federated_Learning\Master-Dataset\master_dataset\murrah\DS06__Murrah_35.jpg,murrah
bc4ac3f036668a37,D:\Projects\Federated_Learning\Master-Dataset\master_dataset\murrah\DS10__Murrah_35.jpg,murrah
ac2fd1167136ec61,D:\Projects\Federated_Learning\Master-Dataset\master_dataset\mehsana\DS01__image_259x194_15.jpg,mehsana
ac2fd1167136ec61,D:\Projects\Federated_Learning\Master-Dataset\master_dataset\murrah\DS01__image_259x194_8.jpg,murrah
fac8e096c72fc1d0,D:\Projects\Federated_Learning\Master-Dataset\master_dataset\mehsana\DS01__image_260x194_2.jpg,mehsana
fac8e096c72fc1d0,D:\Projects\Federated_Learning\Master-Dataset\master_dataset\murrah\DS01__image_260x194_2.jpg,murrah
fac8e096c72fc1d0,D:\Projects\Federated_Learning\Master-Dataset\master_dataset\murrah\DS01__Welcome_to_Kissan_Dairy_Farm.jpg,murrah
af7ac286b983c133,D:\Projects\Federated_Learning\Master-Dataset\master_dataset\mehsana\DS01__image_262x192_5.jpg,mehsana
af7ac286b983c133,D:\Projects\Federated_Learning\Master-Dataset\master_dataset\murrah\DS01__image_262x192_4.jpg,murrah
af7ac286b983c133,D:\Projects\Federated_Learning\Master-Dataset\master_dataset\murrah\DS01__Murrah_Breed_of_Buffalo_epashupalan.jpg,murrah
a339f1c2b89196ad,D:\Projects\Federated_Learning\Master-Dataset\master_dataset\mehsana\DS01__image_268x188_4.jpg,mehsana
a339f1c2b89196ad,D:\Projects\Federated_Learning\Master-Dataset\master_dataset\murrah\DS01__image_268x188_3.jpg,murrah
a339f1c2b89196ad,D:\Projects\Federated_Learning\Master-Dataset\master_dataset\murrah\DS01__Murrah_Buffalo-10_Liter_-_TabelaWala.jpg,murrah
fb0e9733e21a8664,D:\Projects\Federated_Learning\Master-Dataset\master_dataset\mehsana\DS01__image_270x187_1.jpg,mehsana
fb0e9733e21a8664,D:\Projects\Federated_Learning\Master-Dataset\master_dataset\mehsana\DS01__The_best_breed_of_Buffalo_-_Murrah_.jpg,mehsana
fb0e9733e21a8664,D:\Projects\Federated_Learning\Master-Dataset\master_dataset\murrah\DS01__image_269x187_5.jpg,murrah
fb0e9733e21a8664,D:\Projects\Federated_Learning\Master-Dataset\master_dataset\murrah\DS04__murrah_0045.jpg,murrah
fb0e9733e21a8664,D:\Projects\Federated_Learning\Master-Dataset\master_dataset\murrah\DS06__Murrah_133.jpg,murrah
fb0e9733e21a8664,D:\Projects\Federated_Learning\Master-Dataset\master_dataset\murrah\DS10__Murrah_133.jpg,murrah
ab1cb7209189f56d,D:\Projects\Federated_Learning\Master-Dataset\master_dataset\mehsana\DS01__image_273x184_5.jpg,mehsana
ab1cb7209189f56d,D:\Projects\Federated_Learning\Master-Dataset\master_dataset\murrah\DS01__image_273x184_6.jpg,murrah
ab1cb7209189f56d,D:\Projects\Federated_Learning\Master-Dataset\master_dataset\murrah\DS01__Subsidy_for_Buying_Murrah_Buffalo.jpg,murrah
ed1ee4e0921e9b0e,D:\Projects\Federated_Learning\Master-Dataset\master_dataset\mehsana\DS01__image_275x183_4.jpg,mehsana
ed1ee4e0921e9b0e,D:\Projects\Federated_Learning\Master-Dataset\master_dataset\murrah\DS01__Pure_Murrah_Buffalo_for_Sale_-_Jet_.jpg,murrah
c13c9cc3e592cd36,D:\Projects\Federated_Learning\Master-Dataset\master_dataset\mehsana\DS01__image_300x168_12.jpg,mehsana
c13c9cc3e592cd36,D:\Projects\Federated_Learning\Master-Dataset\master_dataset\murrah\DS01__Urbanisation_price_rise_rob_Haryana_of_.jpg,murrah
d1789497c4a5d2e3,D:\Projects\Federated_Learning\Master-Dataset\master_dataset\mehsana\DS01__image_300x168_13.jpg,mehsana
d1789497c4a5d2e3,D:\Projects\Federated_Learning\Master-Dataset\master_dataset\murrah\DS01__Three_Murrah_buffaloes_worth_Rs_2_lakh_.jpg,murrah
bea595ce70e49c22,D:\Projects\Federated_Learning\Master-Dataset\master_dataset\mehsana\DS01__image_302x167_4.jpg,mehsana
bea595ce70e49c22,D:\Projects\Federated_Learning\Master-Dataset\master_dataset\murrah\DS01__image_302x167_1.jpg,murrah
bea595ce70e49c22,D:\Projects\Federated_Learning\Master-Dataset\master_dataset\murrah\DS01__Murrah_buffalo_ID_-_1806_Buffalo_.jpg,murrah
f4e6929cc1cd094f,D:\Projects\Federated_Learning\Master-Dataset\master_dataset\mehsana\DS01__image_318x159_2.jpg,mehsana
f4e6929cc1cd094f,D:\Projects\Federated_Learning\Master-Dataset\master_dataset\surti\DS05__download-5-_jpg.rf.61eeee172ad829eb11d42f9cc63ab5b8.jpg,surti
f4e6929cc1cd094f,D:\Projects\Federated_Learning\Master-Dataset\master_dataset\surti\DS05__download-5-_rot0_b0_8_jpg.rf.a34c7e0f4a9de0f1e73a6e0bb10b6204.jpg,surti
f4e6929cc1cd094f,D:\Projects\Federated_Learning\Master-Dataset\master_dataset\surti\DS05__download-5-_rot0_b1_jpg.rf.b145bcffb317dd24f3cdd95e924780e0.jpg,surti
fb2d04f26c9e58e0,D:\Projects\Federated_Learning\Master-Dataset\master_dataset\mehsana\DS03__Mehsana_10.jpg,mehsana
fb2d04f26c9e58e0,D:\Projects\Federated_Learning\Master-Dataset\master_dataset\murrah\DS03__Murrah_118.jpg,murrah
a9909e5dd06266dd,D:\Projects\Federated_Learning\Master-Dataset\master_dataset\mehsana\DS03__Mehsana_19.jpg,mehsana
a9909e5dd06266dd,D:\Projects\Federated_Learning\Master-Dataset\master_dataset\mehsana\DS04__mehsana_0021.jpg,mehsana
a9909e5dd06266dd,D:\Projects\Federated_Learning\Master-Dataset\master_dataset\mehsana\DS10__Mehsana_19.jpg,mehsana
a9909e5dd06266dd,D:\Projects\Federated_Learning\Master-Dataset\master_dataset\mehsana\DS11__Mehsana_011.jpg,mehsana
a9909e5dd06266dd,D:\Projects\Federated_Learning\Master-Dataset\master_dataset\murrah\DS11__Murrah_100.jpg,murrah
a9909e5dd06266dd,D:\Projects\Federated_Learning\Master-Dataset\master_dataset\nagpuri\DS11__Nagpuri_155.jpg,nagpuri
a9909e5dd06266dd,D:\Projects\Federated_Learning\Master-Dataset\master_dataset\toda\DS11__Toda_063.jpg,toda
a990536f6ed464d2,D:\Projects\Federated_Learning\Master-Dataset\master_dataset\mehsana\DS03__Mehsana_28.jpg,mehsana
a990536f6ed464d2,D:\Projects\Federated_Learning\Master-Dataset\master_dataset\murrah\DS03__Murrah_84.jpg,murrah
fb6e87d160841d96,D:\Projects\Federated_Learning\Master-Dataset\master_dataset\mehsana\DS03__Mehsana_54.png,mehsana
fb6e87d160841d96,D:\Projects\Federated_Learning\Master-Dataset\master_dataset\surti\DS03__Surti_16.png,surti
fb6e87d160841d96,D:\Projects\Federated_Learning\Master-Dataset\master_dataset\toda\DS03__Toda_117.jpg,toda
b4f34b44343eeae0,D:\Projects\Federated_Learning\Master-Dataset\master_dataset\mehsana\DS03__Mehsana_55.jpg,mehsana
b4f34b44343eeae0,D:\Projects\Federated_Learning\Master-Dataset\master_dataset\murrah\DS03__Murrah_174.jpg,murrah
b4f34b44343eeae0,D:\Projects\Federated_Learning\Master-Dataset\master_dataset\surti\DS03__Surti_46.jpg,surti
b966db83a5156a29,D:\Projects\Federated_Learning\Master-Dataset\master_dataset\mehsana\DS03__Mehsana_58.jpg,mehsana
b966db83a5156a29,D:\Projects\Federated_Learning\Master-Dataset\master_dataset\mehsana\DS04__mehsana_0064.jpg,mehsana
b966db83a5156a29,D:\Projects\Federated_Learning\Master-Dataset\master_dataset\mehsana\DS10__Mehsana_58.jpg,mehsana
b966db83a5156a29,D:\Projects\Federated_Learning\Master-Dataset\master_dataset\mehsana\DS11__Mehsana_054.jpg,mehsana
b966db83a5156a29,D:\Projects\Federated_Learning\Master-Dataset\master_dataset\murrah\DS03__Murrah_121.jpg,murrah
b966db83a5156a29,D:\Projects\Federated_Learning\Master-Dataset\master_dataset\murrah\DS04__murrah_0034.jpg,murrah
b966db83a5156a29,D:\Projects\Federated_Learning\Master-Dataset\master_dataset\murrah\DS10__Murrah_121.jpg,murrah
b966db83a5156a29,D:\Projects\Federated_Learning\Master-Dataset\master_dataset\murrah\DS11__Murrah_024.jpg,murrah
a55950a43dff46c4,D:\Projects\Federated_Learning\Master-Dataset\master_dataset\mehsana\DS03__Mehsana_62.jpg,mehsana
a55950a43dff46c4,D:\Projects\Federated_Learning\Master-Dataset\master_dataset\surti\DS03__Surti_37.jpg,surti
aec840377d48eaba,D:\Projects\Federated_Learning\Master-Dataset\master_dataset\mehsana\DS03__Mehsana_67.jpg,mehsana
aec840377d48eaba,D:\Projects\Federated_Learning\Master-Dataset\master_dataset\murrah\DS03__Murrah_152.jpg,murrah
aec840377d48eaba,D:\Projects\Federated_Learning\Master-Dataset\master_dataset\surti\DS03__Surti_54.jpg,surti
a10858f777d813ce,D:\Projects\Federated_Learning\Master-Dataset\master_dataset\mehsana\DS03__Mehsana_68.jpg,mehsana
a10858f777d813ce,D:\Projects\Federated_Learning\Master-Dataset\master_dataset\murrah\DS03__Murrah_20.jpg,murrah
bc4f83b0614f1eb4,D:\Projects\Federated_Learning\Master-Dataset\master_dataset\mehsana\DS03__Mehsana_76.jpg,mehsana
bc4f83b0614f1eb4,D:\Projects\Federated_Learning\Master-Dataset\master_dataset\mehsana\DS04__mehsana_0084.jpg,mehsana
bc4f83b0614f1eb4,D:\Projects\Federated_Learning\Master-Dataset\master_dataset\mehsana\DS06__Mehsana_76.jpg,mehsana
bc4f83b0614f1eb4,D:\Projects\Federated_Learning\Master-Dataset\master_dataset\mehsana\DS10__Mehsana_76.jpg,mehsana
bc4f83b0614f1eb4,D:\Projects\Federated_Learning\Master-Dataset\master_dataset\mehsana\DS11__Mehsana_074.jpg,mehsana
bc4f83b0614f1eb4,D:\Projects\Federated_Learning\Master-Dataset\master_dataset\murrah\DS03__Murrah_170.jpg,murrah
bc4f83b0614f1eb4,D:\Projects\Federated_Learning\Master-Dataset\master_dataset\murrah\DS04__murrah_0085.jpg,murrah
bc4f83b0614f1eb4,D:\Projects\Federated_Learning\Master-Dataset\master_dataset\murrah\DS06__Murrah_170.jpg,murrah
bc4f83b0614f1eb4,D:\Projects\Federated_Learning\Master-Dataset\master_dataset\murrah\DS10__Murrah_170.jpg,murrah
bc4f83b0614f1eb4,D:\Projects\Federated_Learning\Master-Dataset\master_dataset\murrah\DS11__Murrah_075.jpg,murrah
a97e0681681f1ff1,D:\Projects\Federated_Learning\Master-Dataset\master_dataset\mehsana\DS03__Mehsana_80.jpg,mehsana
a97e0681681f1ff1,D:\Projects\Federated_Learning\Master-Dataset\master_dataset\surti\DS03__Surti_65.jpg,surti
bd6202bf3ec049dc,D:\Projects\Federated_Learning\Master-Dataset\master_dataset\mehsana\DS03__Mehsana_85.jpeg,mehsana
bd6202bf3ec049dc,D:\Projects\Federated_Learning\Master-Dataset\master_dataset\murrah\DS03__Murrah_122.jpeg,murrah
88e577085cf7a3a8,D:\Projects\Federated_Learning\Master-Dataset\master_dataset\mehsana\DS03__Mehsana_86.jpg,mehsana
88e577085cf7a3a8,D:\Projects\Federated_Learning\Master-Dataset\master_dataset\murrah\DS03__Murrah_111.jpg,murrah
88e577085cf7a3a8,D:\Projects\Federated_Learning\Master-Dataset\master_dataset\nagpuri\DS03__Nagpuri_129.jpg,nagpuri
a883555c035e6fb3,D:\Projects\Federated_Learning\Master-Dataset\master_dataset\mehsana\DS03__Mehsana_91.jpeg,mehsana
a883555c035e6fb3,D:\Projects\Federated_Learning\Master-Dataset\master_dataset\murrah\DS03__Murrah_103.jpeg,murrah
b14c4eb27b5d9146,D:\Projects\Federated_Learning\Master-Dataset\master_dataset\mehsana\DS03__Mehsana_92.jpg,mehsana
b14c4eb27b5d9146,D:\Projects\Federated_Learning\Master-Dataset\master_dataset\surti\DS03__Surti_5.jpg,surti
eaee14111f82e86f,D:\Projects\Federated_Learning\Master-Dataset\master_dataset\mehsana\DS03__Mehsana_94.jpg,mehsana
eaee14111f82e86f,D:\Projects\Federated_Learning\Master-Dataset\master_dataset\murrah\DS03__Murrah_78.jpg,murrah
fb0d85602d1fece0,D:\Projects\Federated_Learning\Master-Dataset\master_dataset\mehsana\DS04__mehsana_0012.jpg,mehsana
fb0d85602d1fece0,D:\Projects\Federated_Learning\Master-Dataset\master_dataset\mehsana\DS06__Mehsana_10.jpg,mehsana
fb0d85602d1fece0,D:\Projects\Federated_Learning\Master-Dataset\master_dataset\mehsana\DS10__Mehsana_10.jpg,mehsana
fb0d85602d1fece0,D:\Projects\Federated_Learning\Master-Dataset\master_dataset\murrah\DS04__murrah_0030.jpg,murrah
fb0d85602d1fece0,D:\Projects\Federated_Learning\Master-Dataset\master_dataset\murrah\DS06__Murrah_118.jpg,murrah
fb0d85602d1fece0,D:\Projects\Federated_Learning\Master-Dataset\master_dataset\murrah\DS10__Murrah_118.jpg,murrah
a990d32f5b7d8446,D:\Projects\Federated_Learning\Master-Dataset\master_dataset\mehsana\DS04__mehsana_0031.jpg,mehsana
a990d32f5b7d8446,D:\Projects\Federated_Learning\Master-Dataset\master_dataset\mehsana\DS06__Mehsana_28.jpg,mehsana
a990d32f5b7d8446,D:\Projects\Federated_Learning\Master-Dataset\master_dataset\mehsana\DS10__Mehsana_28.jpg,mehsana
a990d32f5b7d8446,D:\Projects\Federated_Learning\Master-Dataset\master_dataset\murrah\DS04__murrah_0167.jpg,murrah
a990d32f5b7d8446,D:\Projects\Federated_Learning\Master-Dataset\master_dataset\murrah\DS10__Murrah_84.jpg,murrah
fb2e87d1e0849996,D:\Projects\Federated_Learning\Master-Dataset\master_dataset\mehsana\DS04__mehsana_0060.png,mehsana
fb2e87d1e0849996,D:\Projects\Federated_Learning\Master-Dataset\master_dataset\mehsana\DS06__Mehsana_54.png,mehsana
fb2e87d1e0849996,D:\Projects\Federated_Learning\Master-Dataset\master_dataset\mehsana\DS10__Mehsana_54.png,mehsana
fb2e87d1e0849996,D:\Projects\Federated_Learning\Master-Dataset\master_dataset\surti\DS04__surti_0018.png,surti
fb2e87d1e0849996,D:\Projects\Federated_Learning\Master-Dataset\master_dataset\surti\DS06__Surti_16.png,surti
fb2e87d1e0849996,D:\Projects\Federated_Learning\Master-Dataset\master_dataset\surti\DS10__Surti_16.png,surti
fb2e87d1e0849996,D:\Projects\Federated_Learning\Master-Dataset\master_dataset\toda\DS04__toda_0031.jpg,toda
fb2e87d1e0849996,D:\Projects\Federated_Learning\Master-Dataset\master_dataset\toda\DS06__Toda_117.jpg,toda
fb2e87d1e0849996,D:\Projects\Federated_Learning\Master-Dataset\master_dataset\toda\DS10__Toda_117.jpg,toda
b4f3cac1115fcaa1,D:\Projects\Federated_Learning\Master-Dataset\master_dataset\mehsana\DS04__mehsana_0061.jpg,mehsana
b4f3cac1115fcaa1,D:\Projects\Federated_Learning\Master-Dataset\master_dataset\mehsana\DS06__Mehsana_55.jpg,mehsana
b4f3cac1115fcaa1,D:\Projects\Federated_Learning\Master-Dataset\master_dataset\mehsana\DS10__Mehsana_55.jpg,mehsana
b4f3cac1115fcaa1,D:\Projects\Federated_Learning\Master-Dataset\master_dataset\murrah\DS04__murrah_0089.jpg,murrah
b4f3cac1115fcaa1,D:\Projects\Federated_Learning\Master-Dataset\master_dataset\murrah\DS06__Murrah_174.jpg,murrah
b4f3cac1115fcaa1,D:\Projects\Federated_Learning\Master-Dataset\master_dataset\murrah\DS10__Murrah_174.jpg,murrah
b4f3cac1115fcaa1,D:\Projects\Federated_Learning\Master-Dataset\master_dataset\surti\DS04__surti_0049.jpg,surti
b4f3cac1115fcaa1,D:\Projects\Federated_Learning\Master-Dataset\master_dataset\surti\DS06__Surti_46.jpg,surti
b4f3cac1115fcaa1,D:\Projects\Federated_Learning\Master-Dataset\master_dataset\surti\DS10__Surti_46.jpg,surti
bfc9c2b79505c131,D:\Projects\Federated_Learning\Master-Dataset\master_dataset\mehsana\DS04__mehsana_0074.jpg,mehsana
bfc9c2b79505c131,D:\Projects\Federated_Learning\Master-Dataset\master_dataset\mehsana\DS10__Mehsana_67.jpg,mehsana
bfc9c2b79505c131,D:\Projects\Federated_Learning\Master-Dataset\master_dataset\murrah\DS04__murrah_0066.jpg,murrah
bfc9c2b79505c131,D:\Projects\Federated_Learning\Master-Dataset\master_dataset\murrah\DS10__Murrah_152.jpg,murrah
bfc9c2b79505c131,D:\Projects\Federated_Learning\Master-Dataset\master_dataset\surti\DS04__surti_0058.jpg,surti
bfc9c2b79505c131,D:\Projects\Federated_Learning\Master-Dataset\master_dataset\surti\DS06__Surti_54.jpg,surti
bfc9c2b79505c131,D:\Projects\Federated_Learning\Master-Dataset\master_dataset\surti\DS10__Surti_54.jpg,surti
a1099837ee31d367,D:\Projects\Federated_Learning\Master-Dataset\master_dataset\mehsana\DS04__mehsana_0075.jpg,mehsana
a1099837ee31d367,D:\Projects\Federated_Learning\Master-Dataset\master_dataset\mehsana\DS06__Mehsana_68.jpg,mehsana
a1099837ee31d367,D:\Projects\Federated_Learning\Master-Dataset\master_dataset\mehsana\DS10__Mehsana_68.jpg,mehsana
a1099837ee31d367,D:\Projects\Federated_Learning\Master-Dataset\master_dataset\murrah\DS04__murrah_0100.jpg,murrah
a1099837ee31d367,D:\Projects\Federated_Learning\Master-Dataset\master_dataset\murrah\DS06__Murrah_20.jpg,murrah
a1099837ee31d367,D:\Projects\Federated_Learning\Master-Dataset\master_dataset\murrah\DS10__Murrah_20.jpg,murrah
bf69c39490959d1a,D:\Projects\Federated_Learning\Master-Dataset\master_dataset\mehsana\DS04__mehsana_0081.png,mehsana
bf69c39490959d1a,D:\Projects\Federated_Learning\Master-Dataset\master_dataset\mehsana\DS10__Mehsana_73.png,mehsana
bf69c39490959d1a,D:\Projects\Federated_Learning\Master-Dataset\master_dataset\toda\DS04__toda_0053.jpg,toda
bf69c39490959d1a,D:\Projects\Federated_Learning\Master-Dataset\master_dataset\toda\DS06__Toda_25.jpg,toda
bf69c39490959d1a,D:\Projects\Federated_Learning\Master-Dataset\master_dataset\toda\DS10__Toda_25.jpg,toda
e194d6e724380f75,D:\Projects\Federated_Learning\Master-Dataset\master_dataset\mehsana\DS04__mehsana_0085.jpeg,mehsana
e194d6e724380f75,D:\Projects\Federated_Learning\Master-Dataset\master_dataset\mehsana\DS10__Mehsana_78.jpeg,mehsana
e194d6e724380f75,D:\Projects\Federated_Learning\Master-Dataset\master_dataset\nagpuri\DS04__nagpuri_0188.jpeg,nagpuri
e194d6e724380f75,D:\Projects\Federated_Learning\Master-Dataset\master_dataset\nagpuri\DS06__Nagpuri_9.jpeg,nagpuri
e194d6e724380f75,D:\Projects\Federated_Learning\Master-Dataset\master_dataset\nagpuri\DS10__Nagpuri_9.jpeg,nagpuri
e194d6e724380f75,D:\Projects\Federated_Learning\Master-Dataset\master_dataset\pandharpuri\DS01__Top_10_Buffalo_Breeds_in_India_ (1).jpg,pandharpuri
a97e86e1e00e5e17,D:\Projects\Federated_Learning\Master-Dataset\master_dataset\mehsana\DS04__mehsana_0088.jpg,mehsana
a97e86e1e00e5e17,D:\Projects\Federated_Learning\Master-Dataset\master_dataset\mehsana\DS06__Mehsana_80.jpg,mehsana
a97e86e1e00e5e17,D:\Projects\Federated_Learning\Master-Dataset\master_dataset\mehsana\DS10__Mehsana_80.jpg,mehsana
a97e86e1e00e5e17,D:\Projects\Federated_Learning\Master-Dataset\master_dataset\surti\DS04__surti_0070.jpg,surti
a97e86e1e00e5e17,D:\Projects\Federated_Learning\Master-Dataset\master_dataset\surti\DS06__Surti_65.jpg,surti
a97e86e1e00e5e17,D:\Projects\Federated_Learning\Master-Dataset\master_dataset\surti\DS10__Surti_65.jpg,surti
88f5a3a84c393775,D:\Projects\Federated_Learning\Master-Dataset\master_dataset\mehsana\DS04__mehsana_0094.jpg,mehsana
88f5a3a84c393775,D:\Projects\Federated_Learning\Master-Dataset\master_dataset\mehsana\DS10__Mehsana_86.jpg,mehsana
88f5a3a84c393775,D:\Projects\Federated_Learning\Master-Dataset\master_dataset\murrah\DS04__murrah_0023.jpg,murrah
88f5a3a84c393775,D:\Projects\Federated_Learning\Master-Dataset\master_dataset\murrah\DS10__Murrah_111.jpg,murrah
88f5a3a84c393775,D:\Projects\Federated_Learning\Master-Dataset\master_dataset\nagpuri\DS04__nagpuri_0042.jpg,nagpuri
88f5a3a84c393775,D:\Projects\Federated_Learning\Master-Dataset\master_dataset\nagpuri\DS06__Nagpuri_129.jpg,nagpuri
88f5a3a84c393775,D:\Projects\Federated_Learning\Master-Dataset\master_dataset\nagpuri\DS10__Nagpuri_129.jpg,nagpuri
b883d4e5814e6b9e,D:\Projects\Federated_Learning\Master-Dataset\master_dataset\mehsana\DS04__mehsana_0100.jpeg,mehsana
b883d4e5814e6b9e,D:\Projects\Federated_Learning\Master-Dataset\master_dataset\mehsana\DS10__Mehsana_91.jpeg,mehsana
b883d4e5814e6b9e,D:\Projects\Federated_Learning\Master-Dataset\master_dataset\murrah\DS04__murrah_0016.jpeg,murrah
b883d4e5814e6b9e,D:\Projects\Federated_Learning\Master-Dataset\master_dataset\murrah\DS06__Murrah_103.jpeg,murrah
b883d4e5814e6b9e,D:\Projects\Federated_Learning\Master-Dataset\master_dataset\murrah\DS10__Murrah_103.jpeg,murrah
b14ccc369eba9354,D:\Projects\Federated_Learning\Master-Dataset\master_dataset\mehsana\DS04__mehsana_0101.jpg,mehsana
b14ccc369eba9354,D:\Projects\Federated_Learning\Master-Dataset\master_dataset\mehsana\DS06__Mehsana_92.jpg,mehsana
b14ccc369eba9354,D:\Projects\Federated_Learning\Master-Dataset\master_dataset\mehsana\DS10__Mehsana_92.jpg,mehsana
b14ccc369eba9354,D:\Projects\Federated_Learning\Master-Dataset\master_dataset\surti\DS04__surti_0053.jpg,surti
b14ccc369eba9354,D:\Projects\Federated_Learning\Master-Dataset\master_dataset\surti\DS10__Surti_5.jpg,surti
eaeee45d17109d21,D:\Projects\Federated_Learning\Master-Dataset\master_dataset\mehsana\DS04__mehsana_0103.jpg,mehsana
eaeee45d17109d21,D:\Projects\Federated_Learning\Master-Dataset\master_dataset\mehsana\DS10__Mehsana_94.jpg,mehsana
eaeee45d17109d21,D:\Projects\Federated_Learning\Master-Dataset\master_dataset\murrah\DS04__murrah_0160.jpg,murrah
eaeee45d17109d21,D:\Projects\Federated_Learning\Master-Dataset\master_dataset\murrah\DS06__Murrah_78.jpg,murrah
eaeee45d17109d21,D:\Projects\Federated_Learning\Master-Dataset\master_dataset\murrah\DS10__Murrah_78.jpg,murrah
a990d36feac4e4c2,D:\Projects\Federated_Learning\Master-Dataset\master_dataset\mehsana\DS11__Mehsana_021.jpg,mehsana
a990d36feac4e4c2,D:\Projects\Federated_Learning\Master-Dataset\master_dataset\murrah\DS11__Murrah_157.jpg,murrah
eb6e85d1e0849d96,D:\Projects\Federated_Learning\Master-Dataset\master_dataset\mehsana\DS11__Mehsana_050.jpg,mehsana
eb6e85d1e0849d96,D:\Projects\Federated_Learning\Master-Dataset\master_dataset\surti\DS11__Surti_008.jpg,surti
b473cb44b43e6ae0,D:\Projects\Federated_Learning\Master-Dataset\master_dataset\mehsana\DS11__Mehsana_051.jpg,mehsana
b473cb44b43e6ae0,D:\Projects\Federated_Learning\Master-Dataset\master_dataset\murrah\DS11__Murrah_079.jpg,murrah
b473cb44b43e6ae0,D:\Projects\Federated_Learning\Master-Dataset\master_dataset\surti\DS11__Surti_039.jpg,surti
a549d0a4bdbfc2c4,D:\Projects\Federated_Learning\Master-Dataset\master_dataset\mehsana\DS11__Mehsana_059.jpg,mehsana
a549d0a4bdbfc2c4,D:\Projects\Federated_Learning\Master-Dataset\master_dataset\surti\DS11__Surti_029.jpg,surti
aec8c0377d486aba,D:\Projects\Federated_Learning\Master-Dataset\master_dataset\mehsana\DS11__Mehsana_064.jpg,mehsana
aec8c0377d486aba,D:\Projects\Federated_Learning\Master-Dataset\master_dataset\murrah\DS11__Murrah_056.jpg,murrah
aec8c0377d486aba,D:\Projects\Federated_Learning\Master-Dataset\master_dataset\surti\DS11__Surti_048.jpg,surti
a100d8f6f7d093ce,D:\Projects\Federated_Learning\Master-Dataset\master_dataset\mehsana\DS11__Mehsana_065.jpg,mehsana
a100d8f6f7d093ce,D:\Projects\Federated_Learning\Master-Dataset\master_dataset\murrah\DS11__Murrah_090.jpg,murrah
88e6b71d5d754382,D:\Projects\Federated_Learning\Master-Dataset\master_dataset\mehsana\DS11__Mehsana_067.jpg,mehsana
88e6b71d5d754382,D:\Projects\Federated_Learning\Master-Dataset\master_dataset\surti\DS11__Surti_005.jpg,surti
af69c39494951d3a,D:\Projects\Federated_Learning\Master-Dataset\master_dataset\mehsana\DS11__Mehsana_071.jpg,mehsana
af69c39494951d3a,D:\Projects\Federated_Learning\Master-Dataset\master_dataset\toda\DS11__Toda_043.jpg,toda
e1949e6329185fc7,D:\Projects\Federated_Learning\Master-Dataset\master_dataset\mehsana\DS11__Mehsana_075.jpg,mehsana
e1949e6329185fc7,D:\Projects\Federated_Learning\Master-Dataset\master_dataset\nagpuri\DS11__Nagpuri_178.jpg,nagpuri
a97e8681e8161ff1,D:\Projects\Federated_Learning\Master-Dataset\master_dataset\mehsana\DS11__Mehsana_078.jpg,mehsana
a97e8681e8161ff1,D:\Projects\Federated_Learning\Master-Dataset\master_dataset\surti\DS11__Surti_060.jpg,surti
bd6082bfbac0c1dc,D:\Projects\Federated_Learning\Master-Dataset\master_dataset\mehsana\DS11__Mehsana_083.jpg,mehsana
bd6082bfbac0c1dc,D:\Projects\Federated_Learning\Master-Dataset\master_dataset\murrah\DS11__Murrah_025.jpg,murrah
88e5f7085cf723a8,D:\Projects\Federated_Learning\Master-Dataset\master_dataset\mehsana\DS11__Mehsana_084.jpg,mehsana
88e5f7085cf723a8,D:\Projects\Federated_Learning\Master-Dataset\master_dataset\murrah\DS11__Murrah_013.jpg,murrah
88e5f7085cf723a8,D:\Projects\Federated_Learning\Master-Dataset\master_dataset\nagpuri\DS11__Nagpuri_032.jpg,nagpuri
a883d15c035eef33,D:\Projects\Federated_Learning\Master-Dataset\master_dataset\mehsana\DS11__Mehsana_090.jpg,mehsana
a883d15c035eef33,D:\Projects\Federated_Learning\Master-Dataset\master_dataset\murrah\DS11__Murrah_006.jpg,murrah
a883d15c035eef33,D:\Projects\Federated_Learning\Master-Dataset\master_dataset\nagpuri\DS03__Nagpuri_181.jpg,nagpuri
a883d15c035eef33,D:\Projects\Federated_Learning\Master-Dataset\master_dataset\nagpuri\DS04__nagpuri_0096.jpg,nagpuri
a883d15c035eef33,D:\Projects\Federated_Learning\Master-Dataset\master_dataset\nagpuri\DS10__Nagpuri_181.jpg,nagpuri
a883d15c035eef33,D:\Projects\Federated_Learning\Master-Dataset\master_dataset\nagpuri\DS11__Nagpuri_086.jpg,nagpuri
b14cccb2fbcd1146,D:\Projects\Federated_Learning\Master-Dataset\master_dataset\mehsana\DS11__Mehsana_091.jpg,mehsana
b14cccb2fbcd1146,D:\Projects\Federated_Learning\Master-Dataset\master_dataset\surti\DS11__Surti_043.jpg,surti
eae694111f82e86f,D:\Projects\Federated_Learning\Master-Dataset\master_dataset\mehsana\DS11__Mehsana_093.jpg,mehsana
eae694111f82e86f,D:\Projects\Federated_Learning\Master-Dataset\master_dataset\murrah\DS11__Murrah_150.jpg,murrah
b93286cd793286cb,D:\Projects\Federated_Learning\Master-Dataset\master_dataset\mehsana\DS11__Mehsana_095.jpg,mehsana
b93286cd793286cb,D:\Projects\Federated_Learning\Master-Dataset\master_dataset\nagpuri\DS11__Nagpuri_120.jpg,nagpuri
a72fecc1c1c6d614,D:\Projects\Federated_Learning\Master-Dataset\master_dataset\motu\DS02__image_225x225_41.jpeg,motu
a72fecc1c1c6d614,D:\Projects\Federated_Learning\Master-Dataset\master_dataset\vechur\DS02__00000374.jpg,vechur
a72fecc1c1c6d614,D:\Projects\Federated_Learning\Master-Dataset\master_dataset\vechur\DS03__00000374.jpg,vechur
a72fecc1c1c6d614,D:\Projects\Federated_Learning\Master-Dataset\master_dataset\vechur\DS04__vechur_0096.jpg,vechur
a72fecc1c1c6d614,D:\Projects\Federated_Learning\Master-Dataset\master_dataset\vechur\DS06__00000374.jpg,vechur
a72fecc1c1c6d614,D:\Projects\Federated_Learning\Master-Dataset\master_dataset\vechur\DS10__00000374.jpg,vechur
a72fecc1c1c6d614,D:\Projects\Federated_Learning\Master-Dataset\master_dataset\vechur\DS11__Vechur_086.jpg,vechur
feb6dacac13088c9,D:\Projects\Federated_Learning\Master-Dataset\master_dataset\motu\DS02__image_290x174_37.jpg,motu
feb6dacac13088c9,D:\Projects\Federated_Learning\Master-Dataset\master_dataset\vechur\DS02__00000068.jpg,vechur
feb6dacac13088c9,D:\Projects\Federated_Learning\Master-Dataset\master_dataset\vechur\DS04__vechur_0035.jpg,vechur
feb6dacac13088c9,D:\Projects\Federated_Learning\Master-Dataset\master_dataset\vechur\DS06__00000068.jpg,vechur
feb6dacac13088c9,D:\Projects\Federated_Learning\Master-Dataset\master_dataset\vechur\DS10__00000068.jpg,vechur
ea0ac2f4bfc38067,D:\Projects\Federated_Learning\Master-Dataset\master_dataset\murrah\DS01__131_Murrah_Buffalo_for_Dairy_Farming_ (1).jpg,murrah
ea0ac2f4bfc38067,D:\Projects\Federated_Learning\Master-Dataset\master_dataset\surti\DS01__131_Murrah_Buffalo_for_Dairy_Farming_ (1).jpg,surti
ea9e956120d1f0bb,D:\Projects\Federated_Learning\Master-Dataset\master_dataset\murrah\DS01__Black_Murrah_Buffalo_Supplier_In_Andhra_.jpg,murrah
ea9e956120d1f0bb,D:\Projects\Federated_Learning\Master-Dataset\master_dataset\surti\DS01__image_250x176_37.jpg,surti
fa1e85e1e82c9b98,D:\Projects\Federated_Learning\Master-Dataset\master_dataset\murrah\DS01__Buy_Indian_Murrah_Buffalo_at_Wholesale_.jpg,murrah
fa1e85e1e82c9b98,D:\Projects\Federated_Learning\Master-Dataset\master_dataset\surti\DS01__Buy_Indian_Murrah_Buffalo_at_Wholesale_.jpg,surti
ac09b2f6b61b5968,D:\Projects\Federated_Learning\Master-Dataset\master_dataset\murrah\DS01__Buy_Murrah_Buffalo_at_Wholesale_Price_.jpg,murrah
ac09b2f6b61b5968,D:\Projects\Federated_Learning\Master-Dataset\master_dataset\murrah\DS03__Murrah_58.jpg,murrah
ac09b2f6b61b5968,D:\Projects\Federated_Learning\Master-Dataset\master_dataset\murrah\DS04__murrah_0139.jpg,murrah
ac09b2f6b61b5968,D:\Projects\Federated_Learning\Master-Dataset\master_dataset\murrah\DS06__Murrah_58.jpg,murrah
ac09b2f6b61b5968,D:\Projects\Federated_Learning\Master-Dataset\master_dataset\murrah\DS10__Murrah_58.jpg,murrah
ac09b2f6b61b5968,D:\Projects\Federated_Learning\Master-Dataset\master_dataset\murrah\DS11__Murrah_129.jpg,murrah
ac09b2f6b61b5968,D:\Projects\Federated_Learning\Master-Dataset\master_dataset\surti\DS01__Buy_Murrah_Buffalo_at_Wholesale_Price_.jpg,surti
eb958ee1c0e036cd,D:\Projects\Federated_Learning\Master-Dataset\master_dataset\murrah\DS01__Cows_Cattles_Ox_Buffalo_Sheep_Goat_.jpg,murrah
eb958ee1c0e036cd,D:\Projects\Federated_Learning\Master-Dataset\master_dataset\surti\DS01__Cows_Cattles_Ox_Buffalo_Sheep_Goat_ (1).jpg,surti
b883d4e5814c6b9f,D:\Projects\Federated_Learning\Master-Dataset\master_dataset\murrah\DS01__Female_Black_Original_Murrah_Buffalo_.jpg,murrah
b883d4e5814c6b9f,D:\Projects\Federated_Learning\Master-Dataset\master_dataset\nili-ravi\DS01__Black_Nili_Ravi_Buffaloes_15_Ltr_at_ (2).jpg,nili-ravi
faaf8792a0f07431,D:\Projects\Federated_Learning\Master-Dataset\master_dataset\murrah\DS01__High_Milking_Pure_Breed_Murrah_Buffalo_.jpg,murrah
faaf8792a0f07431,D:\Projects\Federated_Learning\Master-Dataset\master_dataset\surti\DS01__High_Milking_Pure_Breed_Murrah_Buffalo_.jpg,surti
f9cd8f62a4317078,D:\Projects\Federated_Learning\Master-Dataset\master_dataset\murrah\DS01__Highest_Milk_Producing_Buffalo_Breed_ (1).jpg,murrah
f9cd8f62a4317078,D:\Projects\Federated_Learning\Master-Dataset\master_dataset\nili-ravi\DS01__image_299x168_10.jpg,nili-ravi
ebad9450d074ba2b,D:\Projects\Federated_Learning\Master-Dataset\master_dataset\murrah\DS01__image_225x225_10.jpg,murrah
ebad9450d074ba2b,D:\Projects\Federated_Learning\Master-Dataset\master_dataset\murrah\DS03__Murrah_125.jpg,murrah
ebad9450d074ba2b,D:\Projects\Federated_Learning\Master-Dataset\master_dataset\murrah\DS03__Murrah_32.jpg,murrah
ebad9450d074ba2b,D:\Projects\Federated_Learning\Master-Dataset\master_dataset\murrah\DS04__murrah_0038.jpg,murrah
ebad9450d074ba2b,D:\Projects\Federated_Learning\Master-Dataset\master_dataset\murrah\DS04__murrah_0113.jpg,murrah
ebad9450d074ba2b,D:\Projects\Federated_Learning\Master-Dataset\master_dataset\murrah\DS06__Murrah_125.jpg,murrah
ebad9450d074ba2b,D:\Projects\Federated_Learning\Master-Dataset\master_dataset\murrah\DS06__Murrah_32.jpg,murrah
ebad9450d074ba2b,D:\Projects\Federated_Learning\Master-Dataset\master_dataset\murrah\DS10__Murrah_125.jpg,murrah
ebad9450d074ba2b,D:\Projects\Federated_Learning\Master-Dataset\master_dataset\murrah\DS10__Murrah_32.jpg,murrah
ebad9450d074ba2b,D:\Projects\Federated_Learning\Master-Dataset\master_dataset\murrah\DS11__Murrah_028.jpg,murrah
ebad9450d074ba2b,D:\Projects\Federated_Learning\Master-Dataset\master_dataset\murrah\DS11__Murrah_103.jpg,murrah
ebad9450d074ba2b,D:\Projects\Federated_Learning\Master-Dataset\master_dataset\surti\DS01__Pure_Murrah_Buffalo_Supplier_Trader_In_.jpg,surti
bc9a9c646f333039,D:\Projects\Federated_Learning\Master-Dataset\master_dataset\murrah\DS01__image_225x225_18.jpg,murrah
bc9a9c646f333039,D:\Projects\Federated_Learning\Master-Dataset\master_dataset\surti\DS01__Original_Murrah_Buffalo_Supplier_.jpg,surti
c843a53c7adb0753,D:\Projects\Federated_Learning\Master-Dataset\master_dataset\murrah\DS01__image_225x225_19.jpg,murrah
c843a53c7adb0753,D:\Projects\Federated_Learning\Master-Dataset\master_dataset\surti\DS01__image_225x225_1 (2).jpg,surti
ba30d19487c7cccb,D:\Projects\Federated_Learning\Master-Dataset\master_dataset\murrah\DS01__image_225x225_20.jpg,murrah
ba30d19487c7cccb,D:\Projects\Federated_Learning\Master-Dataset\master_dataset\surti\DS01__Murrah_Buffalo_for_Dairy_Farming_.jpg,surti
eb9ed4e0c74ba034,D:\Projects\Federated_Learning\Master-Dataset\master_dataset\murrah\DS01__image_225x225_21.jpg,murrah
eb9ed4e0c74ba034,D:\Projects\Federated_Learning\Master-Dataset\master_dataset\murrah\DS01__Indian_Black_Murrah_Buffalo_Price_.jpg,murrah
eb9ed4e0c74ba034,D:\Projects\Federated_Learning\Master-Dataset\master_dataset\surti\DS01__Indian_Black_Murrah_Buffalo_Price_.jpg,surti
fdba80c4c342af35,D:\Projects\Federated_Learning\Master-Dataset\master_dataset\murrah\DS01__image_225x225_4.jpg,murrah
fdba80c4c342af35,D:\Projects\Federated_Learning\Master-Dataset\master_dataset\surti\DS01__Indian_Murrah_Buffalo_Premium_Breed_for_.jpg,surti
a6e8c9b4a525555e,D:\Projects\Federated_Learning\Master-Dataset\master_dataset\murrah\DS01__image_225x225_6.jpg,murrah
a6e8c9b4a525555e,D:\Projects\Federated_Learning\Master-Dataset\master_dataset\murrah\DS01__Jet_Black_Murrah_Buffalo_-_Premium_.jpg,murrah
a6e8c9b4a525555e,D:\Projects\Federated_Learning\Master-Dataset\master_dataset\murrah\DS03__Murrah_75.jpg,murrah
a6e8c9b4a525555e,D:\Projects\Federated_Learning\Master-Dataset\master_dataset\murrah\DS04__murrah_0157.jpg,murrah
a6e8c9b4a525555e,D:\Projects\Federated_Learning\Master-Dataset\master_dataset\murrah\DS06__Murrah_75.jpg,murrah
a6e8c9b4a525555e,D:\Projects\Federated_Learning\Master-Dataset\master_dataset\murrah\DS10__Murrah_75.jpg,murrah
a6e8c9b4a525555e,D:\Projects\Federated_Learning\Master-Dataset\master_dataset\surti\DS01__Jet_Black_Murrah_Buffalo_-_Premium_.jpg,surti
aafe80cadf026aca,D:\Projects\Federated_Learning\Master-Dataset\master_dataset\murrah\DS01__image_226x223_26.jpg,murrah
aafe80cadf026aca,D:\Projects\Federated_Learning\Master-Dataset\master_dataset\murrah\DS01__Murrah_Breed_Buffalo_Supplier_Trader_.jpg,murrah
aafe80cadf026aca,D:\Projects\Federated_Learning\Master-Dataset\master_dataset\surti\DS01__Surti_buffalo_-_Animstokcom.jpg,surti
aafe80cadf026aca,D:\Projects\Federated_Learning\Master-Dataset\master_dataset\surti\DS05__images-6-_jpg.rf.5fe5f1f7ea1e99876c0f74ce8fa80074.jpg,surti
aafe80cadf026aca,D:\Projects\Federated_Learning\Master-Dataset\master_dataset\surti\DS05__images-6-_rot0_b0_8_jpg.rf.33152d82d4be77d8a168086dc90b293e.jpg,surti
aafe80cadf026aca,D:\Projects\Federated_Learning\Master-Dataset\master_dataset\surti\DS05__images-6-_rot0_b1_jpg.rf.e4af3f71d929c78ffef9f8be330ffe0a.jpg,surti
94956b4a2e6b3e94,D:\Projects\Federated_Learning\Master-Dataset\master_dataset\murrah\DS01__Indian_Black_Murrah_Buffalo_Superior_.jpg,murrah
94956b4a2e6b3e94,D:\Projects\Federated_Learning\Master-Dataset\master_dataset\surti\DS01__Indian_Black_Murrah_Buffalo_Superior_.jpg,surti
fb86d5782a190e87,D:\Projects\Federated_Learning\Master-Dataset\master_dataset\murrah\DS01__Kissan_Dairy_Farm.jpg,murrah
fb86d5782a190e87,D:\Projects\Federated_Learning\Master-Dataset\master_dataset\surti\DS01__Kissan_Dairy_Farm.jpg,surti
be85e8f8042eb54b,D:\Projects\Federated_Learning\Master-Dataset\master_dataset\murrah\DS01__Manjeet_Singh_Fauji_Dairy_form_Haryana_.jpg,murrah
be85e8f8042eb54b,D:\Projects\Federated_Learning\Master-Dataset\master_dataset\surti\DS01__Manjeet_Singh_Fauji_Dairy_form_Haryana_.jpg,surti
bec181a6b5ddc862,D:\Projects\Federated_Learning\Master-Dataset\master_dataset\murrah\DS01__murrah-buffalo-1_-_Farmer_Junction.jpg,murrah
bec181a6b5ddc862,D:\Projects\Federated_Learning\Master-Dataset\master_dataset\murrah\DS04__murrah_0165.jpg,murrah
bec181a6b5ddc862,D:\Projects\Federated_Learning\Master-Dataset\master_dataset\murrah\DS06__Murrah_82.jpg,murrah
bec181a6b5ddc862,D:\Projects\Federated_Learning\Master-Dataset\master_dataset\murrah\DS10__Murrah_82.jpg,murrah
bec181a6b5ddc862,D:\Projects\Federated_Learning\Master-Dataset\master_dataset\surti\DS05__download-4-_jpg.rf.a4c0313f802924bdd6089e59942df2fc.jpg,surti
bec181a6b5ddc862,D:\Projects\Federated_Learning\Master-Dataset\master_dataset\surti\DS05__download-4-_rot0_b0_8_jpg.rf.8d6b45ff87ace57ec04b72f84f6cdfce.jpg,surti
bec181a6b5ddc862,D:\Projects\Federated_Learning\Master-Dataset\master_dataset\surti\DS05__download-4-_rot0_b1_jpg.rf.c677a6e4d9e18bfac3e4997292c8f189.jpg,surti
eb8fc4682f93e0b0,D:\Projects\Federated_Learning\Master-Dataset\master_dataset\murrah\DS01__Murrah_Buffalo (1).jpg,murrah
eb8fc4682f93e0b0,D:\Projects\Federated_Learning\Master-Dataset\master_dataset\surti\DS01__Nadiyan_Dairy_Farm_Karnal.jpg,surti
bb4898bbe845c45e,D:\Projects\Federated_Learning\Master-Dataset\master_dataset\murrah\DS01__Murrah_Buffalo_ (3).jpg,murrah
bb4898bbe845c45e,D:\Projects\Federated_Learning\Master-Dataset\master_dataset\surti\DS01__Murrah_Buffalo_.jpg,surti
bf8fc038e413c633,D:\Projects\Federated_Learning\Master-Dataset\master_dataset\murrah\DS01__Murrah_buffalo_-_Wikiwand.jpg,murrah
bf8fc038e413c633,D:\Projects\Federated_Learning\Master-Dataset\master_dataset\murrah\DS04__murrah_0011.jpg,murrah
bf8fc038e413c633,D:\Projects\Federated_Learning\Master-Dataset\master_dataset\murrah\DS04__murrah_0099.jpg,murrah
bf8fc038e413c633,D:\Projects\Federated_Learning\Master-Dataset\master_dataset\murrah\DS05__Murrah-27-_jpg.rf.16408aaa01a293ee5cf86a782c4f54f6.jpg,murrah
bf8fc038e413c633,D:\Projects\Federated_Learning\Master-Dataset\master_dataset\murrah\DS05__Murrah-27-_rot0_b0_8_jpg.rf.f90e364220ccef0cfd3664863aeca742.jpg,murrah
bf8fc038e413c633,D:\Projects\Federated_Learning\Master-Dataset\master_dataset\murrah\DS05__Murrah-27-_rot0_b1_0_jpg.rf.056b623f3592a75dabd041b1c2047987.jpg,murrah
bf8fc038e413c633,D:\Projects\Federated_Learning\Master-Dataset\master_dataset\murrah\DS06__Murrah_2.JPG,murrah
bf8fc038e413c633,D:\Projects\Federated_Learning\Master-Dataset\master_dataset\murrah\DS10__Murrah_1.JPG,murrah
bf8fc038e413c633,D:\Projects\Federated_Learning\Master-Dataset\master_dataset\murrah\DS10__Murrah_2.JPG,murrah
bf8fc038e413c633,D:\Projects\Federated_Learning\Master-Dataset\master_dataset\nagpuri\DS04__nagpuri_0179.jpg,nagpuri
bf8fc038e413c633,D:\Projects\Federated_Learning\Master-Dataset\master_dataset\nagpuri\DS06__Nagpuri_81.jpg,nagpuri
bf8fc038e413c633,D:\Projects\Federated_Learning\Master-Dataset\master_dataset\nagpuri\DS10__Nagpuri_81.jpg,nagpuri
bf8fc038e413c633,D:\Projects\Federated_Learning\Master-Dataset\master_dataset\toda\DS04__toda_0060.jpg,toda
bf8fc038e413c633,D:\Projects\Federated_Learning\Master-Dataset\master_dataset\toda\DS10__Toda_31.jpg,toda
bc4bc294b58c7333,D:\Projects\Federated_Learning\Master-Dataset\master_dataset\murrah\DS01__Murrah_Buffalo_.jpg,murrah
bc4bc294b58c7333,D:\Projects\Federated_Learning\Master-Dataset\master_dataset\surti\DS01__Murrah_Buffalo_A_Profitable_Investment_.jpg,surti
ea29814e77b4b551,D:\Projects\Federated_Learning\Master-Dataset\master_dataset\murrah\DS01__Murrah_Buffalo_Calf_at_12000_Murrah_.jpg,murrah
ea29814e77b4b551,D:\Projects\Federated_Learning\Master-Dataset\master_dataset\surti\DS04__surti_0038.jpeg,surti
ea29814e77b4b551,D:\Projects\Federated_Learning\Master-Dataset\master_dataset\surti\DS06__Surti_36.jpeg,surti
ea29814e77b4b551,D:\Projects\Federated_Learning\Master-Dataset\master_dataset\surti\DS10__Surti_36.jpeg,surti
c493d6b47c5a1a71,D:\Projects\Federated_Learning\Master-Dataset\master_dataset\murrah\DS01__Murrah_buffalo_ID_-_1092_Buffalo_.jpg,murrah
c493d6b47c5a1a71,D:\Projects\Federated_Learning\Master-Dataset\master_dataset\surti\DS01__Murrah_buffalo_ID_-_1092_Buffalo_.jpg,surti
bf3ae902995aa1c5,D:\Projects\Federated_Learning\Master-Dataset\master_dataset\murrah\DS01__Murrah_Buffalo_Images_Browse_117_.jpg,murrah
bf3ae902995aa1c5,D:\Projects\Federated_Learning\Master-Dataset\master_dataset\murrah\DS05__Murrah-34-_jpg.rf.e41c5d2006c236a01907535c467677b2.jpg,murrah
bf3ae902995aa1c5,D:\Projects\Federated_Learning\Master-Dataset\master_dataset\murrah\DS05__Murrah-34-_rot0_b0_8_jpg.rf.8188a39c0dd6a3acb65c356eea7edd2a.jpg,murrah
bf3ae902995aa1c5,D:\Projects\Federated_Learning\Master-Dataset\master_dataset\murrah\DS05__Murrah-34-_rot0_b1_0_jpg.rf.65ad31da551aa7e67300c73336f23d36.jpg,murrah
bf3ae902995aa1c5,D:\Projects\Federated_Learning\Master-Dataset\master_dataset\nili-ravi\DS01__Nili_Ravi_Buffalo_Images_Browse_13_.jpg,nili-ravi
d3bc8443ed9c1e62,D:\Projects\Federated_Learning\Master-Dataset\master_dataset\murrah\DS01__Murrah_Buffalo_Supplier_.jpg,murrah
d3bc8443ed9c1e62,D:\Projects\Federated_Learning\Master-Dataset\master_dataset\surti\DS01__Murrah_Buffalo_Supplier_.jpg,surti
a7c6829395cd89a7,D:\Projects\Federated_Learning\Master-Dataset\master_dataset\murrah\DS01__Murrah_Buffalo_Wholesalers_in_Bangalore_.jpg,murrah
a7c6829395cd89a7,D:\Projects\Federated_Learning\Master-Dataset\master_dataset\surti\DS01__Murrah_Buffalo_Wholesalers_in_Bangalore_.jpg,surti
b2ab9bb4951890f9,D:\Projects\Federated_Learning\Master-Dataset\master_dataset\murrah\DS01__Ndri_Semen_Murrah_Buffalo_at_Rs_95000_.jpg,murrah
b2ab9bb4951890f9,D:\Projects\Federated_Learning\Master-Dataset\master_dataset\surti\DS01__image_259x194_30.jpg,surti
eab685853e1e22e3,D:\Projects\Federated_Learning\Master-Dataset\master_dataset\murrah\DS01__Premium_Black_Murrah_Buffalo_-_High_.jpg,murrah
eab685853e1e22e3,D:\Projects\Federated_Learning\Master-Dataset\master_dataset\surti\DS01__Murrah_Buffalo_Calf_For_Dairy_Use_.jpg,surti
be83c1b4c2799d0d,D:\Projects\Federated_Learning\Master-Dataset\master_dataset\murrah\DS01__Premium_Black_Murrah_Buffalo_at_Best_.jpg,murrah
be83c1b4c2799d0d,D:\Projects\Federated_Learning\Master-Dataset\master_dataset\surti\DS01__Black_Murrah_Buffalo_at_18000000_INR_.jpg,surti
ba9d90b2f8dc0a6a,D:\Projects\Federated_Learning\Master-Dataset\master_dataset\murrah\DS01__Pure_Black_Murrah_Buffalo_Supplier_In_.jpg,murrah
ba9d90b2f8dc0a6a,D:\Projects\Federated_Learning\Master-Dataset\master_dataset\surti\DS01__image_259x194_34.jpg,surti
ee5990a669d91636,D:\Projects\Federated_Learning\Master-Dataset\master_dataset\murrah\DS01__Pure_Murrah_Buffalo_at_Best_Price_in_.jpg,murrah
ee5990a669d91636,D:\Projects\Federated_Learning\Master-Dataset\master_dataset\surti\DS01__Murrah_Baffalo_Supplier_at_Best_Price_.jpg,surti
e802d73d83c8fc33,D:\Projects\Federated_Learning\Master-Dataset\master_dataset\murrah\DS01__Pure_Murrah_Buffalo_Supplier_in_Karnal.jpg,murrah
e802d73d83c8fc33,D:\Projects\Federated_Learning\Master-Dataset\master_dataset\surti\DS01__image_225x225_1 (3).jpg,surti
ac62d3963dcbc838,D:\Projects\Federated_Learning\Master-Dataset\master_dataset\murrah\DS01__Sahiwal_Cattle_Holstein_Friesian_Cattle_.jpg,murrah
ac62d3963dcbc838,D:\Projects\Federated_Learning\Master-Dataset\master_dataset\sahiwal\DS02__Sahiwal_304.jpg,sahiwal
ac62d3963dcbc838,D:\Projects\Federated_Learning\Master-Dataset\master_dataset\sahiwal\DS04__sahiwal_0239.jpg,sahiwal
ac62d3963dcbc838,D:\Projects\Federated_Learning\Master-Dataset\master_dataset\sahiwal\DS06__Sahiwal_304.jpg,sahiwal
ac62d3963dcbc838,D:\Projects\Federated_Learning\Master-Dataset\master_dataset\sahiwal\DS10__Sahiwal_304.jpg,sahiwal
d7cab40f949b91a4,D:\Projects\Federated_Learning\Master-Dataset\master_dataset\murrah\DS01__Top_Murrah_Buffalo_Farming_in_Bhilai_.jpg,murrah
d7cab40f949b91a4,D:\Projects\Federated_Learning\Master-Dataset\master_dataset\surti\DS01__Top_Murrah_Buffalo_Farming_in_Bhilai_.jpg,surti
bf8f40707a67198c,D:\Projects\Federated_Learning\Master-Dataset\master_dataset\murrah\DS03__Murrah_1.JPG,murrah
bf8f40707a67198c,D:\Projects\Federated_Learning\Master-Dataset\master_dataset\murrah\DS03__Murrah_2.JPG,murrah
bf8f40707a67198c,D:\Projects\Federated_Learning\Master-Dataset\master_dataset\nagpuri\DS03__Nagpuri_81.jpg,nagpuri
bf8f40707a67198c,D:\Projects\Federated_Learning\Master-Dataset\master_dataset\toda\DS03__Toda_31.jpg,toda
b6d2c885dd69b03c,D:\Projects\Federated_Learning\Master-Dataset\master_dataset\murrah\DS03__Murrah_148.jpg,murrah
b6d2c885dd69b03c,D:\Projects\Federated_Learning\Master-Dataset\master_dataset\murrah\DS04__murrah_0061.jpg,murrah
b6d2c885dd69b03c,D:\Projects\Federated_Learning\Master-Dataset\master_dataset\murrah\DS06__Murrah_148.jpg,murrah
b6d2c885dd69b03c,D:\Projects\Federated_Learning\Master-Dataset\master_dataset\murrah\DS10__Murrah_148.jpg,murrah
b6d2c885dd69b03c,D:\Projects\Federated_Learning\Master-Dataset\master_dataset\murrah\DS11__Murrah_051.jpg,murrah
b6d2c885dd69b03c,D:\Projects\Federated_Learning\Master-Dataset\master_dataset\nagpuri\DS03__Nagpuri_195.jpg,nagpuri
b6d2c885dd69b03c,D:\Projects\Federated_Learning\Master-Dataset\master_dataset\nagpuri\DS04__nagpuri_0110.jpg,nagpuri
b6d2c885dd69b03c,D:\Projects\Federated_Learning\Master-Dataset\master_dataset\nagpuri\DS06__Nagpuri_195.jpg,nagpuri
b6d2c885dd69b03c,D:\Projects\Federated_Learning\Master-Dataset\master_dataset\nagpuri\DS10__Nagpuri_195.jpg,nagpuri
b6d2c885dd69b03c,D:\Projects\Federated_Learning\Master-Dataset\master_dataset\nagpuri\DS11__Nagpuri_100.jpg,nagpuri
b6d2c885dd69b03c,D:\Projects\Federated_Learning\Master-Dataset\master_dataset\surti\DS01__image_225x225_29.jpg,surti
e1a11d4e6e593333,D:\Projects\Federated_Learning\Master-Dataset\master_dataset\murrah\DS03__Murrah_162.jpg,murrah
e1a11d4e6e593333,D:\Projects\Federated_Learning\Master-Dataset\master_dataset\surti\DS03__Surti_11.jpg,surti
aafbd614a1e9aa28,D:\Projects\Federated_Learning\Master-Dataset\master_dataset\murrah\DS03__Murrah_172.jpg,murrah
aafbd614a1e9aa28,D:\Projects\Federated_Learning\Master-Dataset\master_dataset\murrah\DS04__murrah_0087.jpg,murrah
aafbd614a1e9aa28,D:\Projects\Federated_Learning\Master-Dataset\master_dataset\murrah\DS06__Murrah_172.jpg,murrah
aafbd614a1e9aa28,D:\Projects\Federated_Learning\Master-Dataset\master_dataset\murrah\DS10__Murrah_172.jpg,murrah
aafbd614a1e9aa28,D:\Projects\Federated_Learning\Master-Dataset\master_dataset\surti\DS01__Milking_Murrah_Buffalo_Female_750kg_.jpg,surti
aafbd614a1e9aa28,D:\Projects\Federated_Learning\Master-Dataset\master_dataset\surti\DS01__Visually_searched_image.jpg,surti
d658c8a73565cd64,D:\Projects\Federated_Learning\Master-Dataset\master_dataset\murrah\DS04__murrah_0013.png,murrah
d658c8a73565cd64,D:\Projects\Federated_Learning\Master-Dataset\master_dataset\murrah\DS06__Murrah_100.png,murrah
d658c8a73565cd64,D:\Projects\Federated_Learning\Master-Dataset\master_dataset\murrah\DS10__Murrah_100.png,murrah
d658c8a73565cd64,D:\Projects\Federated_Learning\Master-Dataset\master_dataset\nagpuri\DS01__image_295x171_2.jpg,nagpuri
d658c8a73565cd64,D:\Projects\Federated_Learning\Master-Dataset\master_dataset\pandharpuri\DS01__Murrah_Dairy_Knowledge_Portal.jpg,pandharpuri
d658c8a73565cd64,D:\Projects\Federated_Learning\Master-Dataset\master_dataset\surti\DS01__image_295x171_1.jpg,surti
d658c8a73565cd64,D:\Projects\Federated_Learning\Master-Dataset\master_dataset\surti\DS01__Murrah_Dairy_Knowledge_Portal.jpg,surti
e1b195aeccc4c9cc,D:\Projects\Federated_Learning\Master-Dataset\master_dataset\murrah\DS04__murrah_0076.jpg,murrah
e1b195aeccc4c9cc,D:\Projects\Federated_Learning\Master-Dataset\master_dataset\murrah\DS06__Murrah_162.jpg,murrah
e1b195aeccc4c9cc,D:\Projects\Federated_Learning\Master-Dataset\master_dataset\murrah\DS10__Murrah_162.jpg,murrah
e1b195aeccc4c9cc,D:\Projects\Federated_Learning\Master-Dataset\master_dataset\surti\DS04__surti_0013.jpg,surti
e1b195aeccc4c9cc,D:\Projects\Federated_Learning\Master-Dataset\master_dataset\surti\DS06__Surti_11.jpg,surti
e1b195aeccc4c9cc,D:\Projects\Federated_Learning\Master-Dataset\master_dataset\surti\DS10__Surti_11.jpg,surti
a97e82e0a81e5e57,D:\Projects\Federated_Learning\Master-Dataset\master_dataset\murrah\DS04__murrah_0104.jpeg,murrah
a97e82e0a81e5e57,D:\Projects\Federated_Learning\Master-Dataset\master_dataset\murrah\DS06__Murrah_24.jpeg,murrah
a97e82e0a81e5e57,D:\Projects\Federated_Learning\Master-Dataset\master_dataset\murrah\DS10__Murrah_24.jpeg,murrah
a97e82e0a81e5e57,D:\Projects\Federated_Learning\Master-Dataset\master_dataset\nili-ravi\DS01__image_278x181_14.jpg,nili-ravi
efca82359d02d2f4,D:\Projects\Federated_Learning\Master-Dataset\master_dataset\murrah\DS04__murrah_0107.jpg,murrah
efca82359d02d2f4,D:\Projects\Federated_Learning\Master-Dataset\master_dataset\murrah\DS06__Murrah_27.jpg,murrah
efca82359d02d2f4,D:\Projects\Federated_Learning\Master-Dataset\master_dataset\murrah\DS10__Murrah_27.jpg,murrah
efca82359d02d2f4,D:\Projects\Federated_Learning\Master-Dataset\master_dataset\surti\DS01__Murrah_Water_Buffalo.jpg,surti
a1099867e893d767,D:\Projects\Federated_Learning\Master-Dataset\master_dataset\murrah\DS05__Murrah-3-_jpg.rf.762dcfc6d044f770497dc07ed156fc7d.jpg,murrah
a1099867e893d767,D:\Projects\Federated_Learning\Master-Dataset\master_dataset\murrah\DS05__Murrah-3-_rot0_b0_8_jpg.rf.eaf75c6c8bd0480b580a44f824b276a8.jpg,murrah
a1099867e893d767,D:\Projects\Federated_Learning\Master-Dataset\master_dataset\murrah\DS05__Murrah-3-_rot0_b1_0_jpg.rf.0b7be1484486bfdb5fb9d13c3042ef35.jpg,murrah
a1099867e893d767,D:\Projects\Federated_Learning\Master-Dataset\master_dataset\nili-ravi\DS01__Nili_Ravi_Buffalo_Images_Browse_13_ (2).jpg,nili-ravi
bf8fc070fa47098c,D:\Projects\Federated_Learning\Master-Dataset\master_dataset\murrah\DS11__Murrah_001.jpg,murrah
bf8fc070fa47098c,D:\Projects\Federated_Learning\Master-Dataset\master_dataset\murrah\DS11__Murrah_089.jpg,murrah
bf8fc070fa47098c,D:\Projects\Federated_Learning\Master-Dataset\master_dataset\nagpuri\DS11__Nagpuri_169.jpg,nagpuri
bf8fc070fa47098c,D:\Projects\Federated_Learning\Master-Dataset\master_dataset\toda\DS11__Toda_050.jpg,toda
a80090c5ff3b1e7e,D:\Projects\Federated_Learning\Master-Dataset\master_dataset\murrah\DS11__Murrah_065.jpg,murrah
a80090c5ff3b1e7e,D:\Projects\Federated_Learning\Master-Dataset\master_dataset\nagpuri\DS03__Nagpuri_28.jpg,nagpuri
a80090c5ff3b1e7e,D:\Projects\Federated_Learning\Master-Dataset\master_dataset\nagpuri\DS11__Nagpuri_113.jpg,nagpuri
a3d8f8beb480d3c2,D:\Projects\Federated_Learning\Master-Dataset\master_dataset\murrah\DS11__Murrah_117.jpg,murrah
a3d8f8beb480d3c2,D:\Projects\Federated_Learning\Master-Dataset\master_dataset\surti\DS01__image_225x225_3.jpg,surti
8e4af1709e95e526,D:\Projects\Federated_Learning\Master-Dataset\master_dataset\nagori\DS02__image_201x251_51.jpg,nagori
8e4af1709e95e526,D:\Projects\Federated_Learning\Master-Dataset\master_dataset\nari\DS02__image_201x251_52.jpg,nari
8cd27bbd9f924068,D:\Projects\Federated_Learning\Master-Dataset\master_dataset\nagori\DS02__image_252x200_25.jpg,nagori
8cd27bbd9f924068,D:\Projects\Federated_Learning\Master-Dataset\master_dataset\shweta-kapila\DS02__image_252x200_24.jpg,shweta-kapila
9496e2e8dad39487,D:\Projects\Federated_Learning\Master-Dataset\master_dataset\nagori\DS02__image_259x194_29 (2).jpg,nagori
9496e2e8dad39487,D:\Projects\Federated_Learning\Master-Dataset\master_dataset\shweta-kapila\DS02__image_259x194_29 (3).jpg,shweta-kapila
9a91632e3d3938b5,D:\Projects\Federated_Learning\Master-Dataset\master_dataset\nagori\DS02__image_299x168_46.jpg,nagori
9a91632e3d3938b5,D:\Projects\Federated_Learning\Master-Dataset\master_dataset\shweta-kapila\DS02__image_299x168_40.jpg,shweta-kapila
9a91632e3d3938b5,D:\Projects\Federated_Learning\Master-Dataset\master_dataset\shweta-kapila\DS02__image_299x168_57.jpg,shweta-kapila
87d27a6f4591343c,D:\Projects\Federated_Learning\Master-Dataset\master_dataset\nagori\DS03__00000079.jpg,nagori
87d27a6f4591343c,D:\Projects\Federated_Learning\Master-Dataset\master_dataset\ongole\DS03__Ongole_72.jpg,ongole
8b99784e4c459dab,D:\Projects\Federated_Learning\Master-Dataset\master_dataset\nagori\DS04__nagori_0044.jpg,nagori
8b99784e4c459dab,D:\Projects\Federated_Learning\Master-Dataset\master_dataset\nagori\DS06__00000146.jpg,nagori
8b99784e4c459dab,D:\Projects\Federated_Learning\Master-Dataset\master_dataset\nagori\DS10__00000146.jpg,nagori
8b99784e4c459dab,D:\Projects\Federated_Learning\Master-Dataset\master_dataset\nari\DS02__image_194x259_55.jpg,nari
8603293ecbc3ba9e,D:\Projects\Federated_Learning\Master-Dataset\master_dataset\nagori\DS04__nagori_0051.jpg,nagori
8603293ecbc3ba9e,D:\Projects\Federated_Learning\Master-Dataset\master_dataset\nagori\DS10__00000191.jpg,nagori
8603293ecbc3ba9e,D:\Projects\Federated_Learning\Master-Dataset\master_dataset\punganur\DS04__punganur_0001.jpg,punganur
8603293ecbc3ba9e,D:\Projects\Federated_Learning\Master-Dataset\master_dataset\punganur\DS04__punganur_0003.jpg,punganur
8603293ecbc3ba9e,D:\Projects\Federated_Learning\Master-Dataset\master_dataset\punganur\DS04__punganur_0005.jpg,punganur
8603293ecbc3ba9e,D:\Projects\Federated_Learning\Master-Dataset\master_dataset\punganur\DS04__punganur_0007.jpg,punganur
8603293ecbc3ba9e,D:\Projects\Federated_Learning\Master-Dataset\master_dataset\punganur\DS04__punganur_0009.jpg,punganur
87d2fa6ec591b424,D:\Projects\Federated_Learning\Master-Dataset\master_dataset\nagori\DS11__Nagori_019.jpg,nagori
87d2fa6ec591b424,D:\Projects\Federated_Learning\Master-Dataset\master_dataset\ongole\DS11__Ongole_162.jpg,ongole
aa608eb0e777d921,D:\Projects\Federated_Learning\Master-Dataset\master_dataset\nagpuri\DS01__image_225x225_62.jpg,nagpuri
aa608eb0e777d921,D:\Projects\Federated_Learning\Master-Dataset\master_dataset\toda\DS01__image_225x225_40.jpg,toda
be2481973a692d37,D:\Projects\Federated_Learning\Master-Dataset\master_dataset\nagpuri\DS01__image_259x194_8 (2).jpg,nagpuri
be2481973a692d37,D:\Projects\Federated_Learning\Master-Dataset\master_dataset\toda\DS04__toda_0052.jpg,toda
be2481973a692d37,D:\Projects\Federated_Learning\Master-Dataset\master_dataset\toda\DS06__Toda_24.jpg,toda
be2481973a692d37,D:\Projects\Federated_Learning\Master-Dataset\master_dataset\toda\DS10__Toda_24.jpg,toda
e23c9dcbc2e1b06a,D:\Projects\Federated_Learning\Master-Dataset\master_dataset\nagpuri\DS01__image_277x182_3.jpg,nagpuri
e23c9dcbc2e1b06a,D:\Projects\Federated_Learning\Master-Dataset\master_dataset\surti\DS01__image_277x182_1.jpg,surti
a3b09c8765e333e4,D:\Projects\Federated_Learning\Master-Dataset\master_dataset\nagpuri\DS01__image_300x168_11.jpg,nagpuri
a3b09c8765e333e4,D:\Projects\Federated_Learning\Master-Dataset\master_dataset\pandharpuri\DS01__SAG_Buffalo_PANDHARPURI_.jpg,pandharpuri
b42c4bd25945b6bc,D:\Projects\Federated_Learning\Master-Dataset\master_dataset\nagpuri\DS03__Nagpuri_118.jpg,nagpuri
b42c4bd25945b6bc,D:\Projects\Federated_Learning\Master-Dataset\master_dataset\sahiwal\DS03__Sahiwal_258.jpg,sahiwal
b42c4bd25945b6bc,D:\Projects\Federated_Learning\Master-Dataset\master_dataset\vechur\DS03__00000300.jpg,vechur
eb3c14c363389a1f,D:\Projects\Federated_Learning\Master-Dataset\master_dataset\nagpuri\DS03__Nagpuri_124.jpg,nagpuri
eb3c14c363389a1f,D:\Projects\Federated_Learning\Master-Dataset\master_dataset\surti\DS03__Surti_10.jpg,surti
eb3c14c363389a1f,D:\Projects\Federated_Learning\Master-Dataset\master_dataset\surti\DS03__Surti_26.jpg,surti
eb3c14c363389a1f,D:\Projects\Federated_Learning\Master-Dataset\master_dataset\surti\DS03__Surti_29.jpg,surti
db9c2443532ba8fc,D:\Projects\Federated_Learning\Master-Dataset\master_dataset\nagpuri\DS03__Nagpuri_136.jpg,nagpuri
db9c2443532ba8fc,D:\Projects\Federated_Learning\Master-Dataset\master_dataset\toda\DS03__Toda_123.jpg,toda
e34814f63d8dc363,D:\Projects\Federated_Learning\Master-Dataset\master_dataset\nagpuri\DS03__Nagpuri_161.jpg,nagpuri
e34814f63d8dc363,D:\Projects\Federated_Learning\Master-Dataset\master_dataset\surti\DS03__Surti_43.jpg,surti
8f6e7090370d6976,D:\Projects\Federated_Learning\Master-Dataset\master_dataset\nagpuri\DS03__Nagpuri_163.jpg,nagpuri
8f6e7090370d6976,D:\Projects\Federated_Learning\Master-Dataset\master_dataset\surti\DS03__Surti_3.jpg,surti
fa3c85c360ef3898,D:\Projects\Federated_Learning\Master-Dataset\master_dataset\nagpuri\DS03__Nagpuri_164.png,nagpuri
fa3c85c360ef3898,D:\Projects\Federated_Learning\Master-Dataset\master_dataset\red-dane\DS03__Red_Dane_87.jpg,red-dane
d5767acd4d94104d,D:\Projects\Federated_Learning\Master-Dataset\master_dataset\nagpuri\DS03__Nagpuri_177.jpg,nagpuri
d5767acd4d94104d,D:\Projects\Federated_Learning\Master-Dataset\master_dataset\toda\DS03__Toda_108.jpg,toda
f4010bff70498f35,D:\Projects\Federated_Learning\Master-Dataset\master_dataset\nagpuri\DS03__Nagpuri_187.jpg,nagpuri
f4010bff70498f35,D:\Projects\Federated_Learning\Master-Dataset\master_dataset\surti\DS03__Surti_61.jpg,surti
fb058572ccded8a0,D:\Projects\Federated_Learning\Master-Dataset\master_dataset\nagpuri\DS03__Nagpuri_192.jpg,nagpuri
fb058572ccded8a0,D:\Projects\Federated_Learning\Master-Dataset\master_dataset\nagpuri\DS04__nagpuri_0107.jpg,nagpuri
fb058572ccded8a0,D:\Projects\Federated_Learning\Master-Dataset\master_dataset\nagpuri\DS10__Nagpuri_192.jpg,nagpuri
fb058572ccded8a0,D:\Projects\Federated_Learning\Master-Dataset\master_dataset\nagpuri\DS11__Nagpuri_097.jpg,nagpuri
fb058572ccded8a0,D:\Projects\Federated_Learning\Master-Dataset\master_dataset\surti\DS01__image_225x225_8.jpg,surti
aeec51130d2d66f2,D:\Projects\Federated_Learning\Master-Dataset\master_dataset\nagpuri\DS03__Nagpuri_49.jpg,nagpuri
aeec51130d2d66f2,D:\Projects\Federated_Learning\Master-Dataset\master_dataset\pulikulam\DS03__Pulikulam_16.jpg,pulikulam
aa0655f93994d29b,D:\Projects\Federated_Learning\Master-Dataset\master_dataset\nagpuri\DS03__Nagpuri_51.jpg,nagpuri
aa0655f93994d29b,D:\Projects\Federated_Learning\Master-Dataset\master_dataset\toda\DS03__Toda_48.jpg,toda
ea5c15e62b199647,D:\Projects\Federated_Learning\Master-Dataset\master_dataset\nagpuri\DS03__Nagpuri_54.png,nagpuri
ea5c15e62b199647,D:\Projects\Federated_Learning\Master-Dataset\master_dataset\toda\DS03__Toda_14.jpg,toda
fa7e0583606c1f1e,D:\Projects\Federated_Learning\Master-Dataset\master_dataset\nagpuri\DS03__Nagpuri_8.jpg,nagpuri
fa7e0583606c1f1e,D:\Projects\Federated_Learning\Master-Dataset\master_dataset\nili-ravi\DS03__Nili_Ravi_65.jpg,nili-ravi
e19d06613e6629de,D:\Projects\Federated_Learning\Master-Dataset\master_dataset\nagpuri\DS03__Nagpuri_97.jpg,nagpuri
e19d06613e6629de,D:\Projects\Federated_Learning\Master-Dataset\master_dataset\toda\DS03__Toda_10.jpg,toda
b43dc6ba8f52a1a8,D:\Projects\Federated_Learning\Master-Dataset\master_dataset\nagpuri\DS04__nagpuri_0030.jpg,nagpuri
b43dc6ba8f52a1a8,D:\Projects\Federated_Learning\Master-Dataset\master_dataset\nagpuri\DS10__Nagpuri_118.jpg,nagpuri
b43dc6ba8f52a1a8,D:\Projects\Federated_Learning\Master-Dataset\master_dataset\sahiwal\DS02__Sahiwal_258.jpg,sahiwal
b43dc6ba8f52a1a8,D:\Projects\Federated_Learning\Master-Dataset\master_dataset\sahiwal\DS04__sahiwal_0187.jpg,sahiwal
b43dc6ba8f52a1a8,D:\Projects\Federated_Learning\Master-Dataset\master_dataset\sahiwal\DS06__Sahiwal_258.jpg,sahiwal
b43dc6ba8f52a1a8,D:\Projects\Federated_Learning\Master-Dataset\master_dataset\sahiwal\DS10__Sahiwal_258.jpg,sahiwal
b43dc6ba8f52a1a8,D:\Projects\Federated_Learning\Master-Dataset\master_dataset\vechur\DS02__00000300.jpg,vechur
b43dc6ba8f52a1a8,D:\Projects\Federated_Learning\Master-Dataset\master_dataset\vechur\DS04__vechur_0085.jpg,vechur
b43dc6ba8f52a1a8,D:\Projects\Federated_Learning\Master-Dataset\master_dataset\vechur\DS06__00000300.jpg,vechur
b43dc6ba8f52a1a8,D:\Projects\Federated_Learning\Master-Dataset\master_dataset\vechur\DS10__00000300.jpg,vechur
eb3c9cc765c09269,D:\Projects\Federated_Learning\Master-Dataset\master_dataset\nagpuri\DS04__nagpuri_0037.jpg,nagpuri
eb3c9cc765c09269,D:\Projects\Federated_Learning\Master-Dataset\master_dataset\nagpuri\DS06__Nagpuri_124.jpg,nagpuri
eb3c9cc765c09269,D:\Projects\Federated_Learning\Master-Dataset\master_dataset\nagpuri\DS10__Nagpuri_124.jpg,nagpuri
eb3c9cc765c09269,D:\Projects\Federated_Learning\Master-Dataset\master_dataset\surti\DS04__surti_0012.jpg,surti
eb3c9cc765c09269,D:\Projects\Federated_Learning\Master-Dataset\master_dataset\surti\DS04__surti_0029.jpg,surti
eb3c9cc765c09269,D:\Projects\Federated_Learning\Master-Dataset\master_dataset\surti\DS04__surti_0032.jpg,surti
eb3c9cc765c09269,D:\Projects\Federated_Learning\Master-Dataset\master_dataset\surti\DS06__Surti_10.jpg,surti
eb3c9cc765c09269,D:\Projects\Federated_Learning\Master-Dataset\master_dataset\surti\DS06__Surti_26.jpg,surti
eb3c9cc765c09269,D:\Projects\Federated_Learning\Master-Dataset\master_dataset\surti\DS06__Surti_29.jpg,surti
eb3c9cc765c09269,D:\Projects\Federated_Learning\Master-Dataset\master_dataset\surti\DS10__Surti_10.jpg,surti
eb3c9cc765c09269,D:\Projects\Federated_Learning\Master-Dataset\master_dataset\surti\DS10__Surti_26.jpg,surti
eb3c9cc765c09269,D:\Projects\Federated_Learning\Master-Dataset\master_dataset\surti\DS10__Surti_29.jpg,surti
db9cacd4c51d5a48,D:\Projects\Federated_Learning\Master-Dataset\master_dataset\nagpuri\DS04__nagpuri_0049.jpg,nagpuri
db9cacd4c51d5a48,D:\Projects\Federated_Learning\Master-Dataset\master_dataset\nagpuri\DS10__Nagpuri_136.jpg,nagpuri
db9cacd4c51d5a48,D:\Projects\Federated_Learning\Master-Dataset\master_dataset\toda\DS04__toda_0038.jpg,toda
db9cacd4c51d5a48,D:\Projects\Federated_Learning\Master-Dataset\master_dataset\toda\DS06__Toda_123.jpg,toda
db9cacd4c51d5a48,D:\Projects\Federated_Learning\Master-Dataset\master_dataset\toda\DS10__Toda_123.jpg,toda
e34956629cf4e68c,D:\Projects\Federated_Learning\Master-Dataset\master_dataset\nagpuri\DS04__nagpuri_0075.jpg,nagpuri
e34956629cf4e68c,D:\Projects\Federated_Learning\Master-Dataset\master_dataset\nagpuri\DS10__Nagpuri_161.jpg,nagpuri
e34956629cf4e68c,D:\Projects\Federated_Learning\Master-Dataset\master_dataset\surti\DS04__surti_0046.jpg,surti
e34956629cf4e68c,D:\Projects\Federated_Learning\Master-Dataset\master_dataset\surti\DS10__Surti_43.jpg,surti
d576726d6d9018cc,D:\Projects\Federated_Learning\Master-Dataset\master_dataset\nagpuri\DS04__nagpuri_0091.jpg,nagpuri
d576726d6d9018cc,D:\Projects\Federated_Learning\Master-Dataset\master_dataset\nagpuri\DS06__Nagpuri_177.jpg,nagpuri
d576726d6d9018cc,D:\Projects\Federated_Learning\Master-Dataset\master_dataset\nagpuri\DS10__Nagpuri_177.jpg,nagpuri
d576726d6d9018cc,D:\Projects\Federated_Learning\Master-Dataset\master_dataset\toda\DS04__toda_0021.jpg,toda
d576726d6d9018cc,D:\Projects\Federated_Learning\Master-Dataset\master_dataset\toda\DS06__Toda_108.jpg,toda
d576726d6d9018cc,D:\Projects\Federated_Learning\Master-Dataset\master_dataset\toda\DS10__Toda_108.jpg,toda
cc35a1c21e78f17a,D:\Projects\Federated_Learning\Master-Dataset\master_dataset\nagpuri\DS04__nagpuri_0098.jpg,nagpuri
cc35a1c21e78f17a,D:\Projects\Federated_Learning\Master-Dataset\master_dataset\nagpuri\DS06__Nagpuri_183.jpg,nagpuri
cc35a1c21e78f17a,D:\Projects\Federated_Learning\Master-Dataset\master_dataset\nagpuri\DS10__Nagpuri_183.jpg,nagpuri
cc35a1c21e78f17a,D:\Projects\Federated_Learning\Master-Dataset\master_dataset\toda\DS04__toda_0049.jpg,toda
cc35a1c21e78f17a,D:\Projects\Federated_Learning\Master-Dataset\master_dataset\toda\DS06__Toda_21.jpg,toda
cc35a1c21e78f17a,D:\Projects\Federated_Learning\Master-Dataset\master_dataset\toda\DS10__Toda_21.jpg,toda
d4018f3e7a4ed3c2,D:\Projects\Federated_Learning\Master-Dataset\master_dataset\nagpuri\DS04__nagpuri_0101.jpg,nagpuri
d4018f3e7a4ed3c2,D:\Projects\Federated_Learning\Master-Dataset\master_dataset\nagpuri\DS10__Nagpuri_187.jpg,nagpuri
d4018f3e7a4ed3c2,D:\Projects\Federated_Learning\Master-Dataset\master_dataset\surti\DS04__surti_0066.jpg,surti
d4018f3e7a4ed3c2,D:\Projects\Federated_Learning\Master-Dataset\master_dataset\surti\DS10__Surti_61.jpg,surti
b26ac93ae1661fc4,D:\Projects\Federated_Learning\Master-Dataset\master_dataset\nagpuri\DS04__nagpuri_0117.png,nagpuri
b26ac93ae1661fc4,D:\Projects\Federated_Learning\Master-Dataset\master_dataset\nagpuri\DS10__Nagpuri_22.png,nagpuri
b26ac93ae1661fc4,D:\Projects\Federated_Learning\Master-Dataset\master_dataset\toda\DS04__toda_0107.jpg,toda
b26ac93ae1661fc4,D:\Projects\Federated_Learning\Master-Dataset\master_dataset\toda\DS06__Toda_74.jpg,toda
b26ac93ae1661fc4,D:\Projects\Federated_Learning\Master-Dataset\master_dataset\toda\DS10__Toda_74.jpg,toda
d25ad8e6c792c0cd,D:\Projects\Federated_Learning\Master-Dataset\master_dataset\nagpuri\DS04__nagpuri_0135.png,nagpuri
d25ad8e6c792c0cd,D:\Projects\Federated_Learning\Master-Dataset\master_dataset\nagpuri\DS06__Nagpuri_4.png,nagpuri
d25ad8e6c792c0cd,D:\Projects\Federated_Learning\Master-Dataset\master_dataset\nagpuri\DS10__Nagpuri_4.png,nagpuri
d25ad8e6c792c0cd,D:\Projects\Federated_Learning\Master-Dataset\master_dataset\toda\DS04__toda_0110.jpg,toda
d25ad8e6c792c0cd,D:\Projects\Federated_Learning\Master-Dataset\master_dataset\toda\DS10__Toda_77.jpg,toda
aeecd292198da770,D:\Projects\Federated_Learning\Master-Dataset\master_dataset\nagpuri\DS04__nagpuri_0144.jpg,nagpuri
aeecd292198da770,D:\Projects\Federated_Learning\Master-Dataset\master_dataset\nagpuri\DS06__Nagpuri_49.jpg,nagpuri
aeecd292198da770,D:\Projects\Federated_Learning\Master-Dataset\master_dataset\nagpuri\DS10__Nagpuri_49.jpg,nagpuri
aeecd292198da770,D:\Projects\Federated_Learning\Master-Dataset\master_dataset\pulikulam\DS02__Pulikulam_16.jpg,pulikulam
aeecd292198da770,D:\Projects\Federated_Learning\Master-Dataset\master_dataset\pulikulam\DS04__pulikulam_0046.jpg,pulikulam
aeecd292198da770,D:\Projects\Federated_Learning\Master-Dataset\master_dataset\pulikulam\DS10__Pulikulam_16.jpg,pulikulam
ea5894e6619a9e2d,D:\Projects\Federated_Learning\Master-Dataset\master_dataset\nagpuri\DS04__nagpuri_0150.png,nagpuri
ea5894e6619a9e2d,D:\Projects\Federated_Learning\Master-Dataset\master_dataset\nagpuri\DS06__Nagpuri_54.png,nagpuri
ea5894e6619a9e2d,D:\Projects\Federated_Learning\Master-Dataset\master_dataset\nagpuri\DS10__Nagpuri_54.png,nagpuri
ea5894e6619a9e2d,D:\Projects\Federated_Learning\Master-Dataset\master_dataset\toda\DS04__toda_0041.jpg,toda
ea5894e6619a9e2d,D:\Projects\Federated_Learning\Master-Dataset\master_dataset\toda\DS10__Toda_14.jpg,toda
bf68c092963e4fb0,D:\Projects\Federated_Learning\Master-Dataset\master_dataset\nagpuri\DS04__nagpuri_0161.png,nagpuri
bf68c092963e4fb0,D:\Projects\Federated_Learning\Master-Dataset\master_dataset\nagpuri\DS06__Nagpuri_64.png,nagpuri
bf68c092963e4fb0,D:\Projects\Federated_Learning\Master-Dataset\master_dataset\nagpuri\DS10__Nagpuri_64.png,nagpuri
bf68c092963e4fb0,D:\Projects\Federated_Learning\Master-Dataset\master_dataset\toda\DS04__toda_0108.jpg,toda
bf68c092963e4fb0,D:\Projects\Federated_Learning\Master-Dataset\master_dataset\toda\DS06__Toda_75.jpg,toda
bf68c092963e4fb0,D:\Projects\Federated_Learning\Master-Dataset\master_dataset\toda\DS10__Toda_75.jpg,toda
ff7a84b499c18691,D:\Projects\Federated_Learning\Master-Dataset\master_dataset\nagpuri\DS04__nagpuri_0170.png,nagpuri
ff7a84b499c18691,D:\Projects\Federated_Learning\Master-Dataset\master_dataset\nagpuri\DS06__Nagpuri_72.png,nagpuri
ff7a84b499c18691,D:\Projects\Federated_Learning\Master-Dataset\master_dataset\nagpuri\DS10__Nagpuri_72.png,nagpuri
ff7a84b499c18691,D:\Projects\Federated_Learning\Master-Dataset\master_dataset\red-dane\DS04__red_dane_0078.jpg,red-dane
ff7a84b499c18691,D:\Projects\Federated_Learning\Master-Dataset\master_dataset\red-dane\DS06__Red_Dane_18.jpg,red-dane
ff7a84b499c18691,D:\Projects\Federated_Learning\Master-Dataset\master_dataset\red-dane\DS10__Red_Dane_18.jpg,red-dane
fa3c8d93e0e19685,D:\Projects\Federated_Learning\Master-Dataset\master_dataset\nagpuri\DS04__nagpuri_0177.jpg,nagpuri
fa3c8d93e0e19685,D:\Projects\Federated_Learning\Master-Dataset\master_dataset\nagpuri\DS06__Nagpuri_8.jpg,nagpuri
fa3c8d93e0e19685,D:\Projects\Federated_Learning\Master-Dataset\master_dataset\nagpuri\DS10__Nagpuri_8.jpg,nagpuri
fa3c8d93e0e19685,D:\Projects\Federated_Learning\Master-Dataset\master_dataset\nili-ravi\DS04__nili_ravi_0069.jpg,nili-ravi
fa3c8d93e0e19685,D:\Projects\Federated_Learning\Master-Dataset\master_dataset\nili-ravi\DS06__Nili_Ravi_65.jpg,nili-ravi
fa3c8d93e0e19685,D:\Projects\Federated_Learning\Master-Dataset\master_dataset\nili-ravi\DS10__Nili_Ravi_65.jpg,nili-ravi
b42ccbd2c94536bc,D:\Projects\Federated_Learning\Master-Dataset\master_dataset\nagpuri\DS11__Nagpuri_020.jpg,nagpuri
b42ccbd2c94536bc,D:\Projects\Federated_Learning\Master-Dataset\master_dataset\sahiwal\DS11__Sahiwal_171.jpg,sahiwal
b42ccbd2c94536bc,D:\Projects\Federated_Learning\Master-Dataset\master_dataset\vechur\DS11__Vechur_075.jpg,vechur
fee9c116bc684a94,D:\Projects\Federated_Learning\Master-Dataset\master_dataset\nagpuri\DS11__Nagpuri_038.jpg,nagpuri
fee9c116bc684a94,D:\Projects\Federated_Learning\Master-Dataset\master_dataset\toda\DS11__Toda_048.jpg,toda
db9ca443d3a828fc,D:\Projects\Federated_Learning\Master-Dataset\master_dataset\nagpuri\DS11__Nagpuri_039.jpg,nagpuri
db9ca443d3a828fc,D:\Projects\Federated_Learning\Master-Dataset\master_dataset\toda\DS11__Toda_028.jpg,toda
d930a6ce5921b5d6,D:\Projects\Federated_Learning\Master-Dataset\master_dataset\nagpuri\DS11__Nagpuri_052.jpg,nagpuri
d930a6ce5921b5d6,D:\Projects\Federated_Learning\Master-Dataset\master_dataset\nili-ravi\DS11__Nili_Ravi_089.jpg,nili-ravi
f3298cd2606c1f8f,D:\Projects\Federated_Learning\Master-Dataset\master_dataset\nagpuri\DS11__Nagpuri_053.jpg,nagpuri
f3298cd2606c1f8f,D:\Projects\Federated_Learning\Master-Dataset\master_dataset\toda\DS11__Toda_119.jpg,toda
ea889567e818d7c5,D:\Projects\Federated_Learning\Master-Dataset\master_dataset\nagpuri\DS11__Nagpuri_064.jpg,nagpuri
ea889567e818d7c5,D:\Projects\Federated_Learning\Master-Dataset\master_dataset\surti\DS11__Surti_017.jpg,surti
ea889567e818d7c5,D:\Projects\Federated_Learning\Master-Dataset\master_dataset\toda\DS11__Toda_092.jpg,toda
e34894f6bc8d4363,D:\Projects\Federated_Learning\Master-Dataset\master_dataset\nagpuri\DS11__Nagpuri_065.jpg,nagpuri
e34894f6bc8d4363,D:\Projects\Federated_Learning\Master-Dataset\master_dataset\surti\DS11__Surti_036.jpg,surti
8f6ed090b70d6972,D:\Projects\Federated_Learning\Master-Dataset\master_dataset\nagpuri\DS11__Nagpuri_067.jpg,nagpuri
8f6ed090b70d6972,D:\Projects\Federated_Learning\Master-Dataset\master_dataset\surti\DS11__Surti_023.jpg,surti
fa3c85c3e06f3898,D:\Projects\Federated_Learning\Master-Dataset\master_dataset\nagpuri\DS11__Nagpuri_068.jpg,nagpuri
fa3c85c3e06f3898,D:\Projects\Federated_Learning\Master-Dataset\master_dataset\red-dane\DS11__Red_Dane_154.jpg,red-dane
b839c7c63839c786,D:\Projects\Federated_Learning\Master-Dataset\master_dataset\nagpuri\DS11__Nagpuri_069.jpg,nagpuri
b839c7c63839c786,D:\Projects\Federated_Learning\Master-Dataset\master_dataset\surti\DS11__Surti_006.jpg,surti
d576facd8d909049,D:\Projects\Federated_Learning\Master-Dataset\master_dataset\nagpuri\DS11__Nagpuri_081.jpg,nagpuri
d576facd8d909049,D:\Projects\Federated_Learning\Master-Dataset\master_dataset\toda\DS11__Toda_011.jpg,toda
b228cdbdf2c51e18,D:\Projects\Federated_Learning\Master-Dataset\master_dataset\nagpuri\DS11__Nagpuri_107.jpg,nagpuri
b228cdbdf2c51e18,D:\Projects\Federated_Learning\Master-Dataset\master_dataset\toda\DS11__Toda_097.jpg,toda
f94396b8e98398b4,D:\Projects\Federated_Learning\Master-Dataset\master_dataset\nagpuri\DS11__Nagpuri_112.jpg,nagpuri
f94396b8e98398b4,D:\Projects\Federated_Learning\Master-Dataset\master_dataset\pulikulam\DS11__Pulikulam_042.jpg,pulikulam
f94396b8e98398b4,D:\Projects\Federated_Learning\Master-Dataset\master_dataset\toda\DS11__Toda_013.jpg,toda
d25acce4a71918ee,D:\Projects\Federated_Learning\Master-Dataset\master_dataset\nagpuri\DS11__Nagpuri_125.jpg,nagpuri
d25acce4a71918ee,D:\Projects\Federated_Learning\Master-Dataset\master_dataset\toda\DS11__Toda_100.jpg,toda
be1281ed7e12a0ed,D:\Projects\Federated_Learning\Master-Dataset\master_dataset\nagpuri\DS11__Nagpuri_131.jpg,nagpuri
be1281ed7e12a0ed,D:\Projects\Federated_Learning\Master-Dataset\master_dataset\surti\DS11__Surti_015.jpg,surti
be1281ed7e12a0ed,D:\Projects\Federated_Learning\Master-Dataset\master_dataset\surti\DS11__Surti_021.jpg,surti
be1281ed7e12a0ed,D:\Projects\Federated_Learning\Master-Dataset\master_dataset\surti\DS11__Surti_055.jpg,surti
aeecd0130d2da6f2,D:\Projects\Federated_Learning\Master-Dataset\master_dataset\nagpuri\DS11__Nagpuri_134.jpg,nagpuri
aeecd0130d2da6f2,D:\Projects\Federated_Learning\Master-Dataset\master_dataset\pulikulam\DS11__Pulikulam_036.jpg,pulikulam
aa06d5f9b984c29b,D:\Projects\Federated_Learning\Master-Dataset\master_dataset\nagpuri\DS11__Nagpuri_137.jpg,nagpuri
aa06d5f9b984c29b,D:\Projects\Federated_Learning\Master-Dataset\master_dataset\toda\DS11__Toda_068.jpg,toda
ea5895e62b1996c5,D:\Projects\Federated_Learning\Master-Dataset\master_dataset\nagpuri\DS11__Nagpuri_140.jpg,nagpuri
ea5895e62b1996c5,D:\Projects\Federated_Learning\Master-Dataset\master_dataset\toda\DS11__Toda_031.jpg,toda
bb2bc4d8c1e0d699,D:\Projects\Federated_Learning\Master-Dataset\master_dataset\nagpuri\DS11__Nagpuri_142.jpg,nagpuri
bb2bc4d8c1e0d699,D:\Projects\Federated_Learning\Master-Dataset\master_dataset\toda\DS11__Toda_075.jpg,toda
bf68c092963e6f81,D:\Projects\Federated_Learning\Master-Dataset\master_dataset\nagpuri\DS11__Nagpuri_151.jpg,nagpuri
bf68c092963e6f81,D:\Projects\Federated_Learning\Master-Dataset\master_dataset\toda\DS11__Toda_098.jpg,toda
ff6a84b499c186b1,D:\Projects\Federated_Learning\Master-Dataset\master_dataset\nagpuri\DS11__Nagpuri_160.jpg,nagpuri
ff6a84b499c186b1,D:\Projects\Federated_Learning\Master-Dataset\master_dataset\red-dane\DS11__Red_Dane_078.jpg,red-dane
fa7e8583606c1f1a,D:\Projects\Federated_Learning\Master-Dataset\master_dataset\nagpuri\DS11__Nagpuri_167.jpg,nagpuri
fa7e8583606c1f1a,D:\Projects\Federated_Learning\Master-Dataset\master_dataset\nili-ravi\DS01__image_50x50_1.jpg,nili-ravi
fa7e8583606c1f1a,D:\Projects\Federated_Learning\Master-Dataset\master_dataset\nili-ravi\DS11__Nili_Ravi_059.jpg,nili-ravi
e19c86619e66a1de,D:\Projects\Federated_Learning\Master-Dataset\master_dataset\nagpuri\DS11__Nagpuri_185.jpg,nagpuri
e19c86619e66a1de,D:\Projects\Federated_Learning\Master-Dataset\master_dataset\toda\DS11__Toda_002.jpg,toda
eb66a7cef023814c,D:\Projects\Federated_Learning\Master-Dataset\master_dataset\nili-ravi\DS01__1_Hundred_Nili_Ravi_Royalty-Free_ (1).jpg,nili-ravi
eb66a7cef023814c,D:\Projects\Federated_Learning\Master-Dataset\master_dataset\surti\DS05__download-10-_jpg.rf.dd39bb8bdd20c7365232a4754bbe0906.jpg,surti
eb66a7cef023814c,D:\Projects\Federated_Learning\Master-Dataset\master_dataset\surti\DS05__download-10-_rot0_b0_8_jpg.rf.fcb8de20474a4800b151659eafaace64.jpg,surti
eb66a7cef023814c,D:\Projects\Federated_Learning\Master-Dataset\master_dataset\surti\DS05__download-10-_rot0_b1_jpg.rf.517d686c274343585ebd38da4fbcadc3.jpg,surti
ba2f49d21029eeea,D:\Projects\Federated_Learning\Master-Dataset\master_dataset\nili-ravi\DS03__Nili_Ravi_92.jpg,nili-ravi
ba2f49d21029eeea,D:\Projects\Federated_Learning\Master-Dataset\master_dataset\toda\DS03__Toda_27.jpg,toda
be2fecd630918686,D:\Projects\Federated_Learning\Master-Dataset\master_dataset\nili-ravi\DS04__nili_ravi_0098.jpg,nili-ravi
be2fecd630918686,D:\Projects\Federated_Learning\Master-Dataset\master_dataset\nili-ravi\DS06__Nili_Ravi_92.jpg,nili-ravi
be2fecd630918686,D:\Projects\Federated_Learning\Master-Dataset\master_dataset\nili-ravi\DS10__Nili_Ravi_92.jpg,nili-ravi
be2fecd630918686,D:\Projects\Federated_Learning\Master-Dataset\master_dataset\toda\DS04__toda_0055.jpg,toda
be2fecd630918686,D:\Projects\Federated_Learning\Master-Dataset\master_dataset\toda\DS06__Toda_27.jpg,toda
be2fecd630918686,D:\Projects\Federated_Learning\Master-Dataset\master_dataset\toda\DS10__Toda_27.jpg,toda
aa389d67ea2858d5,D:\Projects\Federated_Learning\Master-Dataset\master_dataset\nimari\DS02__00000030.jpg,nimari
aa389d67ea2858d5,D:\Projects\Federated_Learning\Master-Dataset\master_dataset\nimari\DS03__00000030.jpg,nimari
aa389d67ea2858d5,D:\Projects\Federated_Learning\Master-Dataset\master_dataset\nimari\DS04__nimari_0018.jpg,nimari
aa389d67ea2858d5,D:\Projects\Federated_Learning\Master-Dataset\master_dataset\nimari\DS10__00000030.jpg,nimari
aa389d67ea2858d5,D:\Projects\Federated_Learning\Master-Dataset\master_dataset\nimari\DS11__Nimari_008.jpg,nimari
aa389d67ea2858d5,D:\Projects\Federated_Learning\Master-Dataset\master_dataset\rathi\DS02__00000176.jpg,rathi
aa389d67ea2858d5,D:\Projects\Federated_Learning\Master-Dataset\master_dataset\rathi\DS03__00000176.jpg,rathi
aa389d67ea2858d5,D:\Projects\Federated_Learning\Master-Dataset\master_dataset\rathi\DS04__rathi_0071.jpg,rathi
aa389d67ea2858d5,D:\Projects\Federated_Learning\Master-Dataset\master_dataset\rathi\DS06__00000176.jpg,rathi
aa389d67ea2858d5,D:\Projects\Federated_Learning\Master-Dataset\master_dataset\rathi\DS10__00000176.jpg,rathi
aa389d67ea2858d5,D:\Projects\Federated_Learning\Master-Dataset\master_dataset\rathi\DS11__Rathi_061.jpg,rathi
e8dc92c27d791a68,D:\Projects\Federated_Learning\Master-Dataset\master_dataset\nimari\DS02__00000131.jpg,nimari
e8dc92c27d791a68,D:\Projects\Federated_Learning\Master-Dataset\master_dataset\nimari\DS04__nimari_0029.jpg,nimari
e8dc92c27d791a68,D:\Projects\Federated_Learning\Master-Dataset\master_dataset\nimari\DS10__00000131.jpg,nimari
e8dc92c27d791a68,D:\Projects\Federated_Learning\Master-Dataset\master_dataset\rathi\DS04__rathi_0001.jpg,rathi
e8dc92c27d791a68,D:\Projects\Federated_Learning\Master-Dataset\master_dataset\rathi\DS04__rathi_0003.jpg,rathi
e8dc92c27d791a68,D:\Projects\Federated_Learning\Master-Dataset\master_dataset\rathi\DS04__rathi_0005.jpg,rathi
e8dc92c27d791a68,D:\Projects\Federated_Learning\Master-Dataset\master_dataset\rathi\DS04__rathi_0007.jpg,rathi
e8dc92c27d791a68,D:\Projects\Federated_Learning\Master-Dataset\master_dataset\rathi\DS04__rathi_0009.jpg,rathi
9cd8b164c61d696e,D:\Projects\Federated_Learning\Master-Dataset\master_dataset\nimari\DS02__00000164.jpg,nimari
9cd8b164c61d696e,D:\Projects\Federated_Learning\Master-Dataset\master_dataset\nimari\DS04__nimari_0031.jpg,nimari
9cd8b164c61d696e,D:\Projects\Federated_Learning\Master-Dataset\master_dataset\nimari\DS06__00000164.jpg,nimari
9cd8b164c61d696e,D:\Projects\Federated_Learning\Master-Dataset\master_dataset\nimari\DS10__00000164.jpg,nimari
9cd8b164c61d696e,D:\Projects\Federated_Learning\Master-Dataset\master_dataset\rathi\DS02__00000102.jpg,rathi
9cd8b164c61d696e,D:\Projects\Federated_Learning\Master-Dataset\master_dataset\rathi\DS04__rathi_0053.jpg,rathi
9cd8b164c61d696e,D:\Projects\Federated_Learning\Master-Dataset\master_dataset\rathi\DS06__00000102.jpg,rathi
9cd8b164c61d696e,D:\Projects\Federated_Learning\Master-Dataset\master_dataset\rathi\DS10__00000102.jpg,rathi
adece0c08b473b35,D:\Projects\Federated_Learning\Master-Dataset\master_dataset\nimari\DS02__00000381.JPG,nimari
adece0c08b473b35,D:\Projects\Federated_Learning\Master-Dataset\master_dataset\nimari\DS04__nimari_0044.jpg,nimari
adece0c08b473b35,D:\Projects\Federated_Learning\Master-Dataset\master_dataset\nimari\DS06__00000381.JPG,nimari
adece0c08b473b35,D:\Projects\Federated_Learning\Master-Dataset\master_dataset\nimari\DS10__00000381.JPG,nimari
adece0c08b473b35,D:\Projects\Federated_Learning\Master-Dataset\master_dataset\vechur\DS02__00000353.jpg,vechur
adece0c08b473b35,D:\Projects\Federated_Learning\Master-Dataset\master_dataset\vechur\DS04__vechur_0091.jpg,vechur
adece0c08b473b35,D:\Projects\Federated_Learning\Master-Dataset\master_dataset\vechur\DS10__00000353.jpg,vechur
cf413274ccc9cbb8,D:\Projects\Federated_Learning\Master-Dataset\master_dataset\nimari\DS02__00000392.JPG,nimari
cf413274ccc9cbb8,D:\Projects\Federated_Learning\Master-Dataset\master_dataset\nimari\DS04__nimari_0055.jpg,nimari
cf413274ccc9cbb8,D:\Projects\Federated_Learning\Master-Dataset\master_dataset\nimari\DS06__00000392.JPG,nimari
cf413274ccc9cbb8,D:\Projects\Federated_Learning\Master-Dataset\master_dataset\nimari\DS10__00000392.JPG,nimari
cf413274ccc9cbb8,D:\Projects\Federated_Learning\Master-Dataset\master_dataset\rathi\DS02__00000379.JPG,rathi
cf413274ccc9cbb8,D:\Projects\Federated_Learning\Master-Dataset\master_dataset\rathi\DS04__rathi_0113.jpg,rathi
cf413274ccc9cbb8,D:\Projects\Federated_Learning\Master-Dataset\master_dataset\rathi\DS06__00000379.JPG,rathi
cf413274ccc9cbb8,D:\Projects\Federated_Learning\Master-Dataset\master_dataset\rathi\DS10__00000379.JPG,rathi
f96896c383d02edc,D:\Projects\Federated_Learning\Master-Dataset\master_dataset\nimari\DS02__00000397.JPG,nimari
f96896c383d02edc,D:\Projects\Federated_Learning\Master-Dataset\master_dataset\nimari\DS04__nimari_0060.jpg,nimari
f96896c383d02edc,D:\Projects\Federated_Learning\Master-Dataset\master_dataset\nimari\DS06__00000397.JPG,nimari
f96896c383d02edc,D:\Projects\Federated_Learning\Master-Dataset\master_dataset\nimari\DS10__00000397.JPG,nimari
f96896c383d02edc,D:\Projects\Federated_Learning\Master-Dataset\master_dataset\umblachery\DS02__Visually_searched_image (4).jpg,umblachery
ae45519e35614ece,D:\Projects\Federated_Learning\Master-Dataset\master_dataset\nimari\DS03__00000017.jpg,nimari
ae45519e35614ece,D:\Projects\Federated_Learning\Master-Dataset\master_dataset\rathi\DS03__00000074.jpg,rathi
91a06a5f174d7876,D:\Projects\Federated_Learning\Master-Dataset\master_dataset\nimari\DS03__00000123.jpeg,nimari
91a06a5f174d7876,D:\Projects\Federated_Learning\Master-Dataset\master_dataset\rathi\DS03__00000374.jpeg,rathi
98d863226e9fb9e0,D:\Projects\Federated_Learning\Master-Dataset\master_dataset\nimari\DS03__00000164.jpg,nimari
98d863226e9fb9e0,D:\Projects\Federated_Learning\Master-Dataset\master_dataset\rathi\DS03__00000102.jpg,rathi
adec50021b3777e8,D:\Projects\Federated_Learning\Master-Dataset\master_dataset\nimari\DS03__00000381.JPG,nimari
adec50021b3777e8,D:\Projects\Federated_Learning\Master-Dataset\master_dataset\vechur\DS03__00000353.jpg,vechur
cf5930be4c8b3334,D:\Projects\Federated_Learning\Master-Dataset\master_dataset\nimari\DS03__00000392.JPG,nimari
cf5930be4c8b3334,D:\Projects\Federated_Learning\Master-Dataset\master_dataset\rathi\DS03__00000379.JPG,rathi
ae41d19eb560ccce,D:\Projects\Federated_Learning\Master-Dataset\master_dataset\nimari\DS11__Nimari_006.jpg,nimari
ae41d19eb560ccce,D:\Projects\Federated_Learning\Master-Dataset\master_dataset\rathi\DS11__Rathi_032.jpg,rathi
98d8e322ee9b39e0,D:\Projects\Federated_Learning\Master-Dataset\master_dataset\nimari\DS11__Nimari_021.jpg,nimari
98d8e322ee9b39e0,D:\Projects\Federated_Learning\Master-Dataset\master_dataset\rathi\DS11__Rathi_043.jpg,rathi
adecd0029b3774e8,D:\Projects\Federated_Learning\Master-Dataset\master_dataset\nimari\DS11__Nimari_034.jpg,nimari
adecd0029b3774e8,D:\Projects\Federated_Learning\Master-Dataset\master_dataset\vechur\DS11__Vechur_081.jpg,vechur
cf49b0b6cc8b3334,D:\Projects\Federated_Learning\Master-Dataset\master_dataset\nimari\DS11__Nimari_045.jpg,nimari
cf49b0b6cc8b3334,D:\Projects\Federated_Learning\Master-Dataset\master_dataset\rathi\DS11__Rathi_103.jpg,rathi
cecb60f09f93d02c,D:\Projects\Federated_Learning\Master-Dataset\master_dataset\ongole\DS02__Ongole_146.jpg,ongole
cecb60f09f93d02c,D:\Projects\Federated_Learning\Master-Dataset\master_dataset\ongole\DS04__ongole_0001.jpg,ongole
cecb60f09f93d02c,D:\Projects\Federated_Learning\Master-Dataset\master_dataset\ongole\DS04__ongole_0003.jpg,ongole
cecb60f09f93d02c,D:\Projects\Federated_Learning\Master-Dataset\master_dataset\ongole\DS04__ongole_0005.jpg,ongole
cecb60f09f93d02c,D:\Projects\Federated_Learning\Master-Dataset\master_dataset\ongole\DS04__ongole_0007.jpg,ongole
cecb60f09f93d02c,D:\Projects\Federated_Learning\Master-Dataset\master_dataset\ongole\DS04__ongole_0009.jpg,ongole
cecb60f09f93d02c,D:\Projects\Federated_Learning\Master-Dataset\master_dataset\ongole\DS04__ongole_0062.jpg,ongole
cecb60f09f93d02c,D:\Projects\Federated_Learning\Master-Dataset\master_dataset\ongole\DS06__Ongole_146.jpg,ongole
cecb60f09f93d02c,D:\Projects\Federated_Learning\Master-Dataset\master_dataset\ongole\DS10__Ongole_146.jpg,ongole
cecb60f09f93d02c,D:\Projects\Federated_Learning\Master-Dataset\master_dataset\shweta-kapila\DS02__image_276x183_50.jpg,shweta-kapila
fb2b2f3a0e4cc868,D:\Projects\Federated_Learning\Master-Dataset\master_dataset\ongole\DS02__Ongole_173.jpg,ongole
fb2b2f3a0e4cc868,D:\Projects\Federated_Learning\Master-Dataset\master_dataset\ongole\DS04__ongole_0092.jpg,ongole
fb2b2f3a0e4cc868,D:\Projects\Federated_Learning\Master-Dataset\master_dataset\ongole\DS10__Ongole_173.jpg,ongole
fb2b2f3a0e4cc868,D:\Projects\Federated_Learning\Master-Dataset\master_dataset\tharparkar\DS02__Tharparkar_85.jpg,tharparkar
fb2b2f3a0e4cc868,D:\Projects\Federated_Learning\Master-Dataset\master_dataset\tharparkar\DS04__tharparkar_0215.jpg,tharparkar
fb2b2f3a0e4cc868,D:\Projects\Federated_Learning\Master-Dataset\master_dataset\tharparkar\DS10__Tharparkar_85.jpg,tharparkar
9f90e26fe9c8c0d1,D:\Projects\Federated_Learning\Master-Dataset\master_dataset\ongole\DS02__Ongole_26.jpg,ongole
9f90e26fe9c8c0d1,D:\Projects\Federated_Learning\Master-Dataset\master_dataset\ongole\DS04__ongole_0122.jpg,ongole
9f90e26fe9c8c0d1,D:\Projects\Federated_Learning\Master-Dataset\master_dataset\ongole\DS06__Ongole_26.jpg,ongole
9f90e26fe9c8c0d1,D:\Projects\Federated_Learning\Master-Dataset\master_dataset\ongole\DS10__Ongole_26.jpg,ongole
9f90e26fe9c8c0d1,D:\Projects\Federated_Learning\Master-Dataset\master_dataset\shweta-kapila\DS02__image_236x199_55.jpg,shweta-kapila
fb2f2f3240c541b3,D:\Projects\Federated_Learning\Master-Dataset\master_dataset\ongole\DS03__Ongole_173.jpg,ongole
fb2f2f3240c541b3,D:\Projects\Federated_Learning\Master-Dataset\master_dataset\tharparkar\DS03__Tharparkar_85.jpg,tharparkar
8fd4e823f7dc9480,D:\Projects\Federated_Learning\Master-Dataset\master_dataset\ongole\DS11__Ongole_079.jpg,ongole
8fd4e823f7dc9480,D:\Projects\Federated_Learning\Master-Dataset\master_dataset\tharparkar\DS11__Tharparkar_109.jpg,tharparkar
fb2bad32c0c5c1b2,D:\Projects\Federated_Learning\Master-Dataset\master_dataset\ongole\DS11__Ongole_082.jpg,ongole
fb2bad32c0c5c1b2,D:\Projects\Federated_Learning\Master-Dataset\master_dataset\tharparkar\DS11__Tharparkar_202.jpg,tharparkar
a476c31b6c583b6a,D:\Projects\Federated_Learning\Master-Dataset\master_dataset\pulikulam\DS02__Pulikulam_18.jpg,pulikulam
a476c31b6c583b6a,D:\Projects\Federated_Learning\Master-Dataset\master_dataset\pulikulam\DS04__pulikulam_0048.jpg,pulikulam
a476c31b6c583b6a,D:\Projects\Federated_Learning\Master-Dataset\master_dataset\pulikulam\DS06__Pulikulam_18.jpg,pulikulam
a476c31b6c583b6a,D:\Projects\Federated_Learning\Master-Dataset\master_dataset\pulikulam\DS10__Pulikulam_18.jpg,pulikulam
a476c31b6c583b6a,D:\Projects\Federated_Learning\Master-Dataset\master_dataset\umblachery\DS02__Umblachery_58.jpg,umblachery
a476c31b6c583b6a,D:\Projects\Federated_Learning\Master-Dataset\master_dataset\umblachery\DS04__umblachery_0064.jpg,umblachery
a476c31b6c583b6a,D:\Projects\Federated_Learning\Master-Dataset\master_dataset\umblachery\DS06__Umblachery_58.jpg,umblachery
a476c31b6c583b6a,D:\Projects\Federated_Learning\Master-Dataset\master_dataset\umblachery\DS10__Umblachery_58.jpg,umblachery
b9799646047cfb18,D:\Projects\Federated_Learning\Master-Dataset\master_dataset\pulikulam\DS02__Pulikulam_5.JPG,pulikulam
b9799646047cfb18,D:\Projects\Federated_Learning\Master-Dataset\master_dataset\pulikulam\DS04__pulikulam_0082.jpg,pulikulam
b9799646047cfb18,D:\Projects\Federated_Learning\Master-Dataset\master_dataset\pulikulam\DS06__Pulikulam_5.JPG,pulikulam
b9799646047cfb18,D:\Projects\Federated_Learning\Master-Dataset\master_dataset\pulikulam\DS10__Pulikulam_5.JPG,pulikulam
b9799646047cfb18,D:\Projects\Federated_Learning\Master-Dataset\master_dataset\umblachery\DS02__Umblachery_1.JPG,umblachery
b9799646047cfb18,D:\Projects\Federated_Learning\Master-Dataset\master_dataset\umblachery\DS04__umblachery_0011.jpg,umblachery
b9799646047cfb18,D:\Projects\Federated_Learning\Master-Dataset\master_dataset\umblachery\DS10__Umblachery_1.JPG,umblachery
fb3be660103f9e04,D:\Projects\Federated_Learning\Master-Dataset\master_dataset\pulikulam\DS02__Pulikulam_58.jpg,pulikulam
fb3be660103f9e04,D:\Projects\Federated_Learning\Master-Dataset\master_dataset\pulikulam\DS04__pulikulam_0091.jpg,pulikulam
fb3be660103f9e04,D:\Projects\Federated_Learning\Master-Dataset\master_dataset\pulikulam\DS06__Pulikulam_58.jpg,pulikulam
fb3be660103f9e04,D:\Projects\Federated_Learning\Master-Dataset\master_dataset\pulikulam\DS10__Pulikulam_58.jpg,pulikulam
fb3be660103f9e04,D:\Projects\Federated_Learning\Master-Dataset\master_dataset\punganur\DS02__Punganur_Dairy_Knowledge_Portal.jpg,punganur
fb3be660103f9e04,D:\Projects\Federated_Learning\Master-Dataset\master_dataset\punganur\DS04__punganur_0002.jpg,punganur
fb3be660103f9e04,D:\Projects\Federated_Learning\Master-Dataset\master_dataset\punganur\DS04__punganur_0004.jpg,punganur
fb3be660103f9e04,D:\Projects\Federated_Learning\Master-Dataset\master_dataset\punganur\DS04__punganur_0006.jpg,punganur
fb3be660103f9e04,D:\Projects\Federated_Learning\Master-Dataset\master_dataset\punganur\DS04__punganur_0008.jpg,punganur
fb3be660103f9e04,D:\Projects\Federated_Learning\Master-Dataset\master_dataset\punganur\DS04__punganur_0010.jpg,punganur
b2b185a6496c2f57,D:\Projects\Federated_Learning\Master-Dataset\master_dataset\pulikulam\DS02__Pulikulam_61.jpg,pulikulam
b2b185a6496c2f57,D:\Projects\Federated_Learning\Master-Dataset\master_dataset\pulikulam\DS03__Pulikulam_61.jpg,pulikulam
b2b185a6496c2f57,D:\Projects\Federated_Learning\Master-Dataset\master_dataset\pulikulam\DS04__pulikulam_0094.jpg,pulikulam
b2b185a6496c2f57,D:\Projects\Federated_Learning\Master-Dataset\master_dataset\pulikulam\DS10__Pulikulam_61.jpg,pulikulam
b2b185a6496c2f57,D:\Projects\Federated_Learning\Master-Dataset\master_dataset\tharparkar\DS02__Tharparkar_101.jpg,tharparkar
b2b185a6496c2f57,D:\Projects\Federated_Learning\Master-Dataset\master_dataset\tharparkar\DS03__Tharparkar_101.jpg,tharparkar
b2b185a6496c2f57,D:\Projects\Federated_Learning\Master-Dataset\master_dataset\tharparkar\DS04__tharparkar_0017.jpg,tharparkar
b2b185a6496c2f57,D:\Projects\Federated_Learning\Master-Dataset\master_dataset\tharparkar\DS06__Tharparkar_101.jpg,tharparkar
b2b185a6496c2f57,D:\Projects\Federated_Learning\Master-Dataset\master_dataset\tharparkar\DS10__Tharparkar_101.jpg,tharparkar
af68d085395a666d,D:\Projects\Federated_Learning\Master-Dataset\master_dataset\pulikulam\DS03__Pulikulam_106.png,pulikulam
af68d085395a666d,D:\Projects\Federated_Learning\Master-Dataset\master_dataset\umblachery\DS03__Umblachery_9.png,umblachery
a4765b897ce4831b,D:\Projects\Federated_Learning\Master-Dataset\master_dataset\pulikulam\DS03__Pulikulam_18.jpg,pulikulam
a4765b897ce4831b,D:\Projects\Federated_Learning\Master-Dataset\master_dataset\umblachery\DS03__Umblachery_58.jpg,umblachery
b979168641b9bb83,D:\Projects\Federated_Learning\Master-Dataset\master_dataset\pulikulam\DS03__Pulikulam_5.JPG,pulikulam
b979168641b9bb83,D:\Projects\Federated_Learning\Master-Dataset\master_dataset\umblachery\DS03__Umblachery_1.JPG,umblachery
e3561c0ce67cd18b,D:\Projects\Federated_Learning\Master-Dataset\master_dataset\pulikulam\DS04__pulikulam_0001.jpg,pulikulam
e3561c0ce67cd18b,D:\Projects\Federated_Learning\Master-Dataset\master_dataset\pulikulam\DS04__pulikulam_0003.jpg,pulikulam
e3561c0ce67cd18b,D:\Projects\Federated_Learning\Master-Dataset\master_dataset\pulikulam\DS04__pulikulam_0005.jpg,pulikulam
e3561c0ce67cd18b,D:\Projects\Federated_Learning\Master-Dataset\master_dataset\pulikulam\DS04__pulikulam_0007.jpg,pulikulam
e3561c0ce67cd18b,D:\Projects\Federated_Learning\Master-Dataset\master_dataset\pulikulam\DS04__pulikulam_0009.jpg,pulikulam
e3561c0ce67cd18b,D:\Projects\Federated_Learning\Master-Dataset\master_dataset\punganur\DS02__Punganur_Dairy_Knowledge_Portal (1).jpg,punganur
bed9c127034c7ed0,D:\Projects\Federated_Learning\Master-Dataset\master_dataset\pulikulam\DS11__Pulikulam_018.jpg,pulikulam
bed9c127034c7ed0,D:\Projects\Federated_Learning\Master-Dataset\master_dataset\umblachery\DS11__Umblachery_019.jpg,umblachery
bed9c127034c7ed0,D:\Projects\Federated_Learning\Master-Dataset\master_dataset\umblachery\DS11__Umblachery_026.jpg,umblachery
a476cb897ce4831b,D:\Projects\Federated_Learning\Master-Dataset\master_dataset\pulikulam\DS11__Pulikulam_038.jpg,pulikulam
a476cb897ce4831b,D:\Projects\Federated_Learning\Master-Dataset\master_dataset\umblachery\DS11__Umblachery_054.jpg,umblachery
b9789686c1b8bb83,D:\Projects\Federated_Learning\Master-Dataset\master_dataset\pulikulam\DS11__Pulikulam_072.jpg,pulikulam
b9789686c1b8bb83,D:\Projects\Federated_Learning\Master-Dataset\master_dataset\umblachery\DS11__Umblachery_001.jpg,umblachery
b2b187a64c6c2f55,D:\Projects\Federated_Learning\Master-Dataset\master_dataset\pulikulam\DS11__Pulikulam_084.jpg,pulikulam
b2b187a64c6c2f55,D:\Projects\Federated_Learning\Master-Dataset\master_dataset\tharparkar\DS11__Tharparkar_004.jpg,tharparkar
d1c63c3acec990a7,D:\Projects\Federated_Learning\Master-Dataset\master_dataset\punganur\DS02__Smallest_Indigenous_Cattle_Breed_.jpg,punganur
d1c63c3acec990a7,D:\Projects\Federated_Learning\Master-Dataset\master_dataset\shweta-kapila\DS02__image_276x183_47.jpg,shweta-kapila
f23389c4908d4fbb,D:\Projects\Federated_Learning\Master-Dataset\master_dataset\rathi\DS02__00000290.jpg,rathi
f23389c4908d4fbb,D:\Projects\Federated_Learning\Master-Dataset\master_dataset\rathi\DS04__rathi_0097.jpg,rathi
f23389c4908d4fbb,D:\Projects\Federated_Learning\Master-Dataset\master_dataset\rathi\DS10__00000290.jpg,rathi
f23389c4908d4fbb,D:\Projects\Federated_Learning\Master-Dataset\master_dataset\red-dane\DS04__red_dane_0094.jpg,red-dane
f23389c4908d4fbb,D:\Projects\Federated_Learning\Master-Dataset\master_dataset\red-dane\DS07__RedDanecattle68.jpg,red-dane
f23389c4908d4fbb,D:\Projects\Federated_Learning\Master-Dataset\master_dataset\red-dane\DS10__Red_Dane_32.jpg,red-dane
ba3405c26cdb1af5,D:\Projects\Federated_Learning\Master-Dataset\master_dataset\rathi\DS03__00000181.jpg,rathi
ba3405c26cdb1af5,D:\Projects\Federated_Learning\Master-Dataset\master_dataset\red-sindhi\DS03__Red_Sindhi_96.jpg,red-sindhi
f22309c456396f76,D:\Projects\Federated_Learning\Master-Dataset\master_dataset\rathi\DS03__00000290.jpg,rathi
f22309c456396f76,D:\Projects\Federated_Learning\Master-Dataset\master_dataset\red-dane\DS03__Red_Dane_32.jpg,red-dane
ba3485c2eccb8af4,D:\Projects\Federated_Learning\Master-Dataset\master_dataset\rathi\DS11__Rathi_063.jpg,rathi
ba3485c2eccb8af4,D:\Projects\Federated_Learning\Master-Dataset\master_dataset\red-sindhi\DS11__Red_Sindhi_163.jpg,red-sindhi
b22389c4d6296f76,D:\Projects\Federated_Learning\Master-Dataset\master_dataset\rathi\DS11__Rathi_087.jpg,rathi
b22389c4d6296f76,D:\Projects\Federated_Learning\Master-Dataset\master_dataset\red-dane\DS11__Red_Dane_094.jpg,red-dane
fb2e05d0702f8b69,D:\Projects\Federated_Learning\Master-Dataset\master_dataset\red-dane\DS03__Red_Dane_158.jpg,red-dane
fb2e05d0702f8b69,D:\Projects\Federated_Learning\Master-Dataset\master_dataset\red-sindhi\DS03__Red_Sindhi_91.jpg,red-sindhi
a92c54d57b9a4365,D:\Projects\Federated_Learning\Master-Dataset\master_dataset\red-dane\DS03__Red_Dane_163.jpg,red-dane
a92c54d57b9a4365,D:\Projects\Federated_Learning\Master-Dataset\master_dataset\red-sindhi\DS03__Red_Sindhi_82.jpg,red-sindhi
fe7a35af09888e24,D:\Projects\Federated_Learning\Master-Dataset\master_dataset\red-dane\DS03__Red_Dane_78.jpg,red-dane
fe7a35af09888e24,D:\Projects\Federated_Learning\Master-Dataset\master_dataset\red-sindhi\DS03__Red_Sindhi_76.jpg,red-sindhi
fe7a35af09888e24,D:\Projects\Federated_Learning\Master-Dataset\master_dataset\sahiwal\DS03__Sahiwal_236.jpg,sahiwal
fe7a35af09888e24,D:\Projects\Federated_Learning\Master-Dataset\master_dataset\sahiwal\DS03__Sahiwal_316.jpg,sahiwal
d84f073122b4dfc9,D:\Projects\Federated_Learning\Master-Dataset\master_dataset\red-dane\DS03__Red_Dane_90.jpg,red-dane
d84f073122b4dfc9,D:\Projects\Federated_Learning\Master-Dataset\master_dataset\red-sindhi\DS03__Red_Sindhi_137.jpg,red-sindhi
fb2e87d0f4968560,D:\Projects\Federated_Learning\Master-Dataset\master_dataset\red-dane\DS04__red_dane_0066.jpg,red-dane
fb2e87d0f4968560,D:\Projects\Federated_Learning\Master-Dataset\master_dataset\red-dane\DS06__Red_Dane_158.jpg,red-dane
fb2e87d0f4968560,D:\Projects\Federated_Learning\Master-Dataset\master_dataset\red-dane\DS07__RedDanecattle16.jpg,red-dane
fb2e87d0f4968560,D:\Projects\Federated_Learning\Master-Dataset\master_dataset\red-dane\DS07__RedDanecattle17.jpg,red-dane
fb2e87d0f4968560,D:\Projects\Federated_Learning\Master-Dataset\master_dataset\red-dane\DS10__Red_Dane_158.jpg,red-dane
fb2e87d0f4968560,D:\Projects\Federated_Learning\Master-Dataset\master_dataset\red-sindhi\DS02__Red_Sindhi_91.jpg,red-sindhi
fb2e87d0f4968560,D:\Projects\Federated_Learning\Master-Dataset\master_dataset\red-sindhi\DS04__red_sindhi_0164.jpg,red-sindhi
fb2e87d0f4968560,D:\Projects\Federated_Learning\Master-Dataset\master_dataset\red-sindhi\DS10__Red_Sindhi_91.jpg,red-sindhi
fa50773731595889,D:\Projects\Federated_Learning\Master-Dataset\master_dataset\red-dane\DS04__red_dane_0144.jpg,red-dane
fa50773731595889,D:\Projects\Federated_Learning\Master-Dataset\master_dataset\red-dane\DS06__Red_Dane_78.jpg,red-dane
fa50773731595889,D:\Projects\Federated_Learning\Master-Dataset\master_dataset\red-dane\DS10__Red_Dane_78.jpg,red-dane
fa50773731595889,D:\Projects\Federated_Learning\Master-Dataset\master_dataset\red-sindhi\DS02__Red_Sindhi_76.jpg,red-sindhi
fa50773731595889,D:\Projects\Federated_Learning\Master-Dataset\master_dataset\red-sindhi\DS04__red_sindhi_0147.jpg,red-sindhi
fa50773731595889,D:\Projects\Federated_Learning\Master-Dataset\master_dataset\red-sindhi\DS06__Red_Sindhi_76.jpg,red-sindhi
fa50773731595889,D:\Projects\Federated_Learning\Master-Dataset\master_dataset\red-sindhi\DS10__Red_Sindhi_76.jpg,red-sindhi
fa50773731595889,D:\Projects\Federated_Learning\Master-Dataset\master_dataset\sahiwal\DS02__Sahiwal_236.jpg,sahiwal
fa50773731595889,D:\Projects\Federated_Learning\Master-Dataset\master_dataset\sahiwal\DS02__Sahiwal_316.jpg,sahiwal
fa50773731595889,D:\Projects\Federated_Learning\Master-Dataset\master_dataset\sahiwal\DS04__sahiwal_0163.jpg,sahiwal
fa50773731595889,D:\Projects\Federated_Learning\Master-Dataset\master_dataset\sahiwal\DS04__sahiwal_0252.jpg,sahiwal
fa50773731595889,D:\Projects\Federated_Learning\Master-Dataset\master_dataset\sahiwal\DS06__Sahiwal_316.jpg,sahiwal
fa50773731595889,D:\Projects\Federated_Learning\Master-Dataset\master_dataset\sahiwal\DS10__Sahiwal_236.jpg,sahiwal
fa50773731595889,D:\Projects\Federated_Learning\Master-Dataset\master_dataset\sahiwal\DS10__Sahiwal_316.jpg,sahiwal
d84bc74b333aa2b2,D:\Projects\Federated_Learning\Master-Dataset\master_dataset\red-dane\DS04__red_dane_0158.jpg,red-dane
d84bc74b333aa2b2,D:\Projects\Federated_Learning\Master-Dataset\master_dataset\red-dane\DS06__Red_Dane_90.jpg,red-dane
d84bc74b333aa2b2,D:\Projects\Federated_Learning\Master-Dataset\master_dataset\red-dane\DS07__RedDanecattle96.jpg,red-dane
d84bc74b333aa2b2,D:\Projects\Federated_Learning\Master-Dataset\master_dataset\red-dane\DS10__Red_Dane_90.jpg,red-dane
d84bc74b333aa2b2,D:\Projects\Federated_Learning\Master-Dataset\master_dataset\red-sindhi\DS02__Red_Sindhi_137.jpg,red-sindhi
d84bc74b333aa2b2,D:\Projects\Federated_Learning\Master-Dataset\master_dataset\red-sindhi\DS04__red_sindhi_0048.jpg,red-sindhi
d84bc74b333aa2b2,D:\Projects\Federated_Learning\Master-Dataset\master_dataset\red-sindhi\DS06__Red_Sindhi_137.jpg,red-sindhi
d84bc74b333aa2b2,D:\Projects\Federated_Learning\Master-Dataset\master_dataset\red-sindhi\DS10__Red_Sindhi_137.jpg,red-sindhi
bc18d0b6efcac2c2,D:\Projects\Federated_Learning\Master-Dataset\master_dataset\red-dane\DS07__RedDanecattle51.jpg,red-dane
bc18d0b6efcac2c2,D:\Projects\Federated_Learning\Master-Dataset\master_dataset\sahiwal\DS02__Sahiwal_232.jpg,sahiwal
bc18d0b6efcac2c2,D:\Projects\Federated_Learning\Master-Dataset\master_dataset\sahiwal\DS03__Sahiwal_232.jpg,sahiwal
bc18d0b6efcac2c2,D:\Projects\Federated_Learning\Master-Dataset\master_dataset\sahiwal\DS04__sahiwal_0159.jpg,sahiwal
bc18d0b6efcac2c2,D:\Projects\Federated_Learning\Master-Dataset\master_dataset\sahiwal\DS06__Sahiwal_232.jpg,sahiwal
bc18d0b6efcac2c2,D:\Projects\Federated_Learning\Master-Dataset\master_dataset\sahiwal\DS10__Sahiwal_232.jpg,sahiwal
bc18d0b6efcac2c2,D:\Projects\Federated_Learning\Master-Dataset\master_dataset\sahiwal\DS11__Sahiwal_143.jpg,sahiwal
fb2e85d0682f0b69,D:\Projects\Federated_Learning\Master-Dataset\master_dataset\red-dane\DS11__Red_Dane_066.jpg,red-dane
fb2e85d0682f0b69,D:\Projects\Federated_Learning\Master-Dataset\master_dataset\red-sindhi\DS11__Red_Sindhi_158.jpg,red-sindhi
adddc522e2dad884,D:\Projects\Federated_Learning\Master-Dataset\master_dataset\red-dane\DS11__Red_Dane_080.jpg,red-dane
adddc522e2dad884,D:\Projects\Federated_Learning\Master-Dataset\master_dataset\sahiwal\DS11__Sahiwal_021.jpg,sahiwal
d84f8731a2b4cfc1,D:\Projects\Federated_Learning\Master-Dataset\master_dataset\red-dane\DS11__Red_Dane_158.jpg,red-dane
d84f8731a2b4cfc1,D:\Projects\Federated_Learning\Master-Dataset\master_dataset\red-sindhi\DS11__Red_Sindhi_042.jpg,red-sindhi
ee4ae6b09d898339,D:\Projects\Federated_Learning\Master-Dataset\master_dataset\red-kandhari\DS02__image_190x222_66.jpg,red-kandhari
ee4ae6b09d898339,D:\Projects\Federated_Learning\Master-Dataset\master_dataset\red-kandhari\DS02__image_278x181_21.jpg,red-kandhari
ee4ae6b09d898339,D:\Projects\Federated_Learning\Master-Dataset\master_dataset\red-kandhari\DS02__image_278x181_59.jpg,red-kandhari
ee4ae6b09d898339,D:\Projects\Federated_Learning\Master-Dataset\master_dataset\red-sindhi\DS02__Red_Sindhi_32.jpg,red-sindhi
ee4ae6b09d898339,D:\Projects\Federated_Learning\Master-Dataset\master_dataset\red-sindhi\DS04__red_sindhi_0100.jpg,red-sindhi
ee4ae6b09d898339,D:\Projects\Federated_Learning\Master-Dataset\master_dataset\red-sindhi\DS10__Red_Sindhi_32.jpg,red-sindhi
deaf01b434f1588e,D:\Projects\Federated_Learning\Master-Dataset\master_dataset\red-sindhi\DS02__Red_Sindhi_36.jpg,red-sindhi
deaf01b434f1588e,D:\Projects\Federated_Learning\Master-Dataset\master_dataset\red-sindhi\DS04__red_sindhi_0104.jpg,red-sindhi
deaf01b434f1588e,D:\Projects\Federated_Learning\Master-Dataset\master_dataset\red-sindhi\DS10__Red_Sindhi_36.jpg,red-sindhi
deaf01b434f1588e,D:\Projects\Federated_Learning\Master-Dataset\master_dataset\sahiwal\DS02__Sahiwal_281.jpg,sahiwal
deaf01b434f1588e,D:\Projects\Federated_Learning\Master-Dataset\master_dataset\sahiwal\DS04__sahiwal_0213.jpg,sahiwal
deaf01b434f1588e,D:\Projects\Federated_Learning\Master-Dataset\master_dataset\sahiwal\DS10__Sahiwal_281.jpg,sahiwal
d3333a03931bbc87,D:\Projects\Federated_Learning\Master-Dataset\master_dataset\red-sindhi\DS02__Red_Sindhi_46.jpg,red-sindhi
d3333a03931bbc87,D:\Projects\Federated_Learning\Master-Dataset\master_dataset\red-sindhi\DS03__Red_Sindhi_46.jpg,red-sindhi
d3333a03931bbc87,D:\Projects\Federated_Learning\Master-Dataset\master_dataset\red-sindhi\DS04__red_sindhi_0115.jpg,red-sindhi
d3333a03931bbc87,D:\Projects\Federated_Learning\Master-Dataset\master_dataset\red-sindhi\DS06__Red_Sindhi_46.jpg,red-sindhi
d3333a03931bbc87,D:\Projects\Federated_Learning\Master-Dataset\master_dataset\red-sindhi\DS10__Red_Sindhi_46.jpg,red-sindhi
d3333a03931bbc87,D:\Projects\Federated_Learning\Master-Dataset\master_dataset\red-sindhi\DS11__Red_Sindhi_109.jpg,red-sindhi
d3333a03931bbc87,D:\Projects\Federated_Learning\Master-Dataset\master_dataset\sahiwal\DS02__Sahiwal_261.jpg,sahiwal
d3333a03931bbc87,D:\Projects\Federated_Learning\Master-Dataset\master_dataset\sahiwal\DS03__Sahiwal_261.jpg,sahiwal
d3333a03931bbc87,D:\Projects\Federated_Learning\Master-Dataset\master_dataset\sahiwal\DS04__sahiwal_0191.jpg,sahiwal
d3333a03931bbc87,D:\Projects\Federated_Learning\Master-Dataset\master_dataset\sahiwal\DS06__Sahiwal_261.jpg,sahiwal
d3333a03931bbc87,D:\Projects\Federated_Learning\Master-Dataset\master_dataset\sahiwal\DS10__Sahiwal_261.jpg,sahiwal
d3333a03931bbc87,D:\Projects\Federated_Learning\Master-Dataset\master_dataset\sahiwal\DS11__Sahiwal_175.jpg,sahiwal
96733e16471d38ac,D:\Projects\Federated_Learning\Master-Dataset\master_dataset\red-sindhi\DS02__Red_Sindhi_6.JPG,red-sindhi
96733e16471d38ac,D:\Projects\Federated_Learning\Master-Dataset\master_dataset\red-sindhi\DS04__red_sindhi_0129.jpg,red-sindhi
96733e16471d38ac,D:\Projects\Federated_Learning\Master-Dataset\master_dataset\red-sindhi\DS06__Red_Sindhi_6.JPG,red-sindhi
96733e16471d38ac,D:\Projects\Federated_Learning\Master-Dataset\master_dataset\red-sindhi\DS10__Red_Sindhi_6.JPG,red-sindhi
96733e16471d38ac,D:\Projects\Federated_Learning\Master-Dataset\master_dataset\sahiwal\DS02__Sahiwal_1.JPG,sahiwal
96733e16471d38ac,D:\Projects\Federated_Learning\Master-Dataset\master_dataset\sahiwal\DS04__sahiwal_0017.jpg,sahiwal
96733e16471d38ac,D:\Projects\Federated_Learning\Master-Dataset\master_dataset\sahiwal\DS05__Sahiwal-cattle-1_jpg.rf.9b07e9ec2518caf440e1e715400f19bc.jpg,sahiwal
96733e16471d38ac,D:\Projects\Federated_Learning\Master-Dataset\master_dataset\sahiwal\DS05__Sahiwal-cattle-1_rot0_b1_2_jpg.rf.b8a84832680a06611c834f95ab156961.jpg,sahiwal
96733e16471d38ac,D:\Projects\Federated_Learning\Master-Dataset\master_dataset\sahiwal\DS06__Sahiwal_1.JPG,sahiwal
96733e16471d38ac,D:\Projects\Federated_Learning\Master-Dataset\master_dataset\sahiwal\DS10__Sahiwal_1.JPG,sahiwal
bd2dc58995d5d092,D:\Projects\Federated_Learning\Master-Dataset\master_dataset\red-sindhi\DS02__Red_Sindhi_62.jpg,red-sindhi
bd2dc58995d5d092,D:\Projects\Federated_Learning\Master-Dataset\master_dataset\red-sindhi\DS04__red_sindhi_0132.jpg,red-sindhi
bd2dc58995d5d092,D:\Projects\Federated_Learning\Master-Dataset\master_dataset\red-sindhi\DS10__Red_Sindhi_62.jpg,red-sindhi
bd2dc58995d5d092,D:\Projects\Federated_Learning\Master-Dataset\master_dataset\sahiwal\DS02__Sahiwal_181.jpg,sahiwal
bd2dc58995d5d092,D:\Projects\Federated_Learning\Master-Dataset\master_dataset\sahiwal\DS02__Sahiwal_320.jpg,sahiwal
bd2dc58995d5d092,D:\Projects\Federated_Learning\Master-Dataset\master_dataset\sahiwal\DS04__sahiwal_0103.jpg,sahiwal
bd2dc58995d5d092,D:\Projects\Federated_Learning\Master-Dataset\master_dataset\sahiwal\DS04__sahiwal_0257.jpg,sahiwal
bd2dc58995d5d092,D:\Projects\Federated_Learning\Master-Dataset\master_dataset\sahiwal\DS06__Sahiwal_181.jpg,sahiwal
bd2dc58995d5d092,D:\Projects\Federated_Learning\Master-Dataset\master_dataset\sahiwal\DS06__Sahiwal_320.jpg,sahiwal
bd2dc58995d5d092,D:\Projects\Federated_Learning\Master-Dataset\master_dataset\sahiwal\DS10__Sahiwal_181.jpg,sahiwal
bd2dc58995d5d092,D:\Projects\Federated_Learning\Master-Dataset\master_dataset\sahiwal\DS10__Sahiwal_320.jpg,sahiwal
e929b416391dcd39,D:\Projects\Federated_Learning\Master-Dataset\master_dataset\red-sindhi\DS02__Red_Sindhi_95.jpg,red-sindhi
e929b416391dcd39,D:\Projects\Federated_Learning\Master-Dataset\master_dataset\red-sindhi\DS04__red_sindhi_0168.jpg,red-sindhi
e929b416391dcd39,D:\Projects\Federated_Learning\Master-Dataset\master_dataset\red-sindhi\DS06__Red_Sindhi_95.jpg,red-sindhi
e929b416391dcd39,D:\Projects\Federated_Learning\Master-Dataset\master_dataset\red-sindhi\DS10__Red_Sindhi_95.jpg,red-sindhi
e929b416391dcd39,D:\Projects\Federated_Learning\Master-Dataset\master_dataset\sahiwal\DS02__Sahiwal_241.jpg,sahiwal
e929b416391dcd39,D:\Projects\Federated_Learning\Master-Dataset\master_dataset\sahiwal\DS04__sahiwal_0169.jpg,sahiwal
e929b416391dcd39,D:\Projects\Federated_Learning\Master-Dataset\master_dataset\sahiwal\DS06__Sahiwal_241.jpg,sahiwal
e929b416391dcd39,D:\Projects\Federated_Learning\Master-Dataset\master_dataset\sahiwal\DS10__Sahiwal_241.jpg,sahiwal
deaf01b434d1594e,D:\Projects\Federated_Learning\Master-Dataset\master_dataset\red-sindhi\DS03__Red_Sindhi_36.jpg,red-sindhi
deaf01b434d1594e,D:\Projects\Federated_Learning\Master-Dataset\master_dataset\sahiwal\DS03__Sahiwal_281.jpg,sahiwal
94732b8c41f9bc72,D:\Projects\Federated_Learning\Master-Dataset\master_dataset\red-sindhi\DS03__Red_Sindhi_6.JPG,red-sindhi
94732b8c41f9bc72,D:\Projects\Federated_Learning\Master-Dataset\master_dataset\sahiwal\DS03__Sahiwal_1.JPG,sahiwal
bd2d42d232764a2f,D:\Projects\Federated_Learning\Master-Dataset\master_dataset\red-sindhi\DS03__Red_Sindhi_62.jpg,red-sindhi
bd2d42d232764a2f,D:\Projects\Federated_Learning\Master-Dataset\master_dataset\sahiwal\DS03__Sahiwal_181.jpg,sahiwal
bd2d42d232764a2f,D:\Projects\Federated_Learning\Master-Dataset\master_dataset\sahiwal\DS03__Sahiwal_320.jpg,sahiwal
943cd6c6c36969c9,D:\Projects\Federated_Learning\Master-Dataset\master_dataset\red-sindhi\DS03__Red_Sindhi_98.jpg,red-sindhi
943cd6c6c36969c9,D:\Projects\Federated_Learning\Master-Dataset\master_dataset\sahiwal\DS03__Sahiwal_276.jpg,sahiwal
bf3e8485c04b4bd9,D:\Projects\Federated_Learning\Master-Dataset\master_dataset\red-sindhi\DS04__red_sindhi_0171.jpg,red-sindhi
bf3e8485c04b4bd9,D:\Projects\Federated_Learning\Master-Dataset\master_dataset\red-sindhi\DS10__Red_Sindhi_98.jpg,red-sindhi
bf3e8485c04b4bd9,D:\Projects\Federated_Learning\Master-Dataset\master_dataset\sahiwal\DS04__sahiwal_0207.jpg,sahiwal
bf3e8485c04b4bd9,D:\Projects\Federated_Learning\Master-Dataset\master_dataset\sahiwal\DS06__Sahiwal_276.jpg,sahiwal
bf3e8485c04b4bd9,D:\Projects\Federated_Learning\Master-Dataset\master_dataset\sahiwal\DS10__Sahiwal_276.jpg,sahiwal
9ead81b4b0d1d94e,D:\Projects\Federated_Learning\Master-Dataset\master_dataset\red-sindhi\DS11__Red_Sindhi_098.jpg,red-sindhi
9ead81b4b0d1d94e,D:\Projects\Federated_Learning\Master-Dataset\master_dataset\sahiwal\DS11__Sahiwal_197.jpg,sahiwal
9473ab8cc1e93c72,D:\Projects\Federated_Learning\Master-Dataset\master_dataset\red-sindhi\DS11__Red_Sindhi_123.jpg,red-sindhi
9473ab8cc1e93c72,D:\Projects\Federated_Learning\Master-Dataset\master_dataset\sahiwal\DS11__Sahiwal_001.jpg,sahiwal
bd2dc2c2b2764a2b,D:\Projects\Federated_Learning\Master-Dataset\master_dataset\red-sindhi\DS11__Red_Sindhi_126.jpg,red-sindhi
bd2dc2c2b2764a2b,D:\Projects\Federated_Learning\Master-Dataset\master_dataset\sahiwal\DS11__Sahiwal_087.jpg,sahiwal
fe7aa5a7898886a4,D:\Projects\Federated_Learning\Master-Dataset\master_dataset\red-sindhi\DS11__Red_Sindhi_141.jpg,red-sindhi
fe7aa5a7898886a4,D:\Projects\Federated_Learning\Master-Dataset\master_dataset\sahiwal\DS11__Sahiwal_147.jpg,sahiwal
fe7aa5a7898886a4,D:\Projects\Federated_Learning\Master-Dataset\master_dataset\sahiwal\DS11__Sahiwal_236.jpg,sahiwal
c909b4d68be9c6e2,D:\Projects\Federated_Learning\Master-Dataset\master_dataset\red-sindhi\DS11__Red_Sindhi_162.jpg,red-sindhi
c909b4d68be9c6e2,D:\Projects\Federated_Learning\Master-Dataset\master_dataset\sahiwal\DS11__Sahiwal_153.jpg,sahiwal
bc389687c36949d9,D:\Projects\Federated_Learning\Master-Dataset\master_dataset\red-sindhi\DS11__Red_Sindhi_165.jpg,red-sindhi
bc389687c36949d9,D:\Projects\Federated_Learning\Master-Dataset\master_dataset\sahiwal\DS11__Sahiwal_191.jpg,sahiwal
f41e0e4a5d696327,D:\Projects\Federated_Learning\Master-Dataset\master_dataset\sahiwal\DS02__Sahiwal_172.jpg,sahiwal
f41e0e4a5d696327,D:\Projects\Federated_Learning\Master-Dataset\master_dataset\sahiwal\DS04__sahiwal_0095.jpg,sahiwal
f41e0e4a5d696327,D:\Projects\Federated_Learning\Master-Dataset\master_dataset\sahiwal\DS06__Sahiwal_172.jpg,sahiwal
f41e0e4a5d696327,D:\Projects\Federated_Learning\Master-Dataset\master_dataset\sahiwal\DS10__Sahiwal_172.jpg,sahiwal
f41e0e4a5d696327,D:\Projects\Federated_Learning\Master-Dataset\master_dataset\vechur\DS02__00000133.jpg,vechur
f41e0e4a5d696327,D:\Projects\Federated_Learning\Master-Dataset\master_dataset\vechur\DS04__vechur_0050.jpg,vechur
f41e0e4a5d696327,D:\Projects\Federated_Learning\Master-Dataset\master_dataset\vechur\DS06__00000133.jpg,vechur
f41e0e4a5d696327,D:\Projects\Federated_Learning\Master-Dataset\master_dataset\vechur\DS10__00000133.jpg,vechur
f41e0a61f1b69e52,D:\Projects\Federated_Learning\Master-Dataset\master_dataset\sahiwal\DS03__Sahiwal_172.jpg,sahiwal
f41e0a61f1b69e52,D:\Projects\Federated_Learning\Master-Dataset\master_dataset\vechur\DS03__00000133.jpg,vechur
d0cf2f3004ccfa67,D:\Projects\Federated_Learning\Master-Dataset\master_dataset\sahiwal\DS03__Sahiwal_62.jpg,sahiwal
d0cf2f3004ccfa67,D:\Projects\Federated_Learning\Master-Dataset\master_dataset\vechur\DS03__00000240.jpg,vechur
f41e8a61f1b61e52,D:\Projects\Federated_Learning\Master-Dataset\master_dataset\sahiwal\DS11__Sahiwal_079.jpg,sahiwal
f41e8a61f1b61e52,D:\Projects\Federated_Learning\Master-Dataset\master_dataset\vechur\DS11__Vechur_040.jpg,vechur
c1c26a2a5ae4f5cb,D:\Projects\Federated_Learning\Master-Dataset\master_dataset\shweta-kapila\DS02__image_200x150_55.jpg,shweta-kapila
c1c26a2a5ae4f5cb,D:\Projects\Federated_Learning\Master-Dataset\master_dataset\tharparkar\DS02__Tharparkar_10.jpg,tharparkar
c1c26a2a5ae4f5cb,D:\Projects\Federated_Learning\Master-Dataset\master_dataset\tharparkar\DS04__tharparkar_0015.jpg,tharparkar
c1c26a2a5ae4f5cb,D:\Projects\Federated_Learning\Master-Dataset\master_dataset\tharparkar\DS10__Tharparkar_10.jpg,tharparkar
c5c4af2a9a90b9b3,D:\Projects\Federated_Learning\Master-Dataset\master_dataset\shweta-kapila\DS02__image_200x200_39.jpg,shweta-kapila
c5c4af2a9a90b9b3,D:\Projects\Federated_Learning\Master-Dataset\master_dataset\tharparkar\DS02__Tharparkar_198.jpg,tharparkar
c5c4af2a9a90b9b3,D:\Projects\Federated_Learning\Master-Dataset\master_dataset\tharparkar\DS03__Tharparkar_198.jpg,tharparkar
c5c4af2a9a90b9b3,D:\Projects\Federated_Learning\Master-Dataset\master_dataset\tharparkar\DS04__tharparkar_0123.jpg,tharparkar
c5c4af2a9a90b9b3,D:\Projects\Federated_Learning\Master-Dataset\master_dataset\tharparkar\DS06__Tharparkar_198.jpg,tharparkar
c5c4af2a9a90b9b3,D:\Projects\Federated_Learning\Master-Dataset\master_dataset\tharparkar\DS10__Tharparkar_198.jpg,tharparkar
c5c4af2a9a90b9b3,D:\Projects\Federated_Learning\Master-Dataset\master_dataset\tharparkar\DS11__Tharparkar_110.jpg,tharparkar
c248bd35d78b2b70,D:\Projects\Federated_Learning\Master-Dataset\master_dataset\shweta-kapila\DS02__image_225x225_47.jpg,shweta-kapila
c248bd35d78b2b70,D:\Projects\Federated_Learning\Master-Dataset\master_dataset\tharparkar\DS02__Tharparkar_9.jpg,tharparkar
c248bd35d78b2b70,D:\Projects\Federated_Learning\Master-Dataset\master_dataset\tharparkar\DS03__Tharparkar_9.jpg,tharparkar
c248bd35d78b2b70,D:\Projects\Federated_Learning\Master-Dataset\master_dataset\tharparkar\DS04__tharparkar_0220.jpg,tharparkar
c248bd35d78b2b70,D:\Projects\Federated_Learning\Master-Dataset\master_dataset\tharparkar\DS10__Tharparkar_9.jpg,tharparkar
c248bd35d78b2b70,D:\Projects\Federated_Learning\Master-Dataset\master_dataset\tharparkar\DS11__Tharparkar_207.jpg,tharparkar
8424602e9b9fbdf4,D:\Projects\Federated_Learning\Master-Dataset\master_dataset\shweta-kapila\DS02__image_259x194_29.jpg,shweta-kapila
8424602e9b9fbdf4,D:\Projects\Federated_Learning\Master-Dataset\master_dataset\tharparkar\DS02__Tharparkar_108.jpeg,tharparkar
8424602e9b9fbdf4,D:\Projects\Federated_Learning\Master-Dataset\master_dataset\tharparkar\DS04__tharparkar_0024.jpeg,tharparkar
8424602e9b9fbdf4,D:\Projects\Federated_Learning\Master-Dataset\master_dataset\tharparkar\DS10__Tharparkar_108.jpeg,tharparkar
ea2cb5d34a0e2a79,D:\Projects\Federated_Learning\Master-Dataset\master_dataset\umblachery\DS02__Umblachery_14.jpg,umblachery
ea2cb5d34a0e2a79,D:\Projects\Federated_Learning\Master-Dataset\master_dataset\umblachery\DS04__umblachery_0016.jpg,umblachery
ea2cb5d34a0e2a79,D:\Projects\Federated_Learning\Master-Dataset\master_dataset\umblachery\DS10__Umblachery_14.jpg,umblachery
ea2cb5d34a0e2a79,D:\Projects\Federated_Learning\Master-Dataset\master_dataset\vechur\DS04__vechur_0065.jpg,vechur
ea2cb5d34a0e2a79,D:\Projects\Federated_Learning\Master-Dataset\master_dataset\vechur\DS06__00000183.jpg,vechur
ea2cb5d34a0e2a79,D:\Projects\Federated_Learning\Master-Dataset\master_dataset\vechur\DS10__00000183.jpg,vechur
ea2c15d34a2cb5f1,D:\Projects\Federated_Learning\Master-Dataset\master_dataset\umblachery\DS03__Umblachery_14.jpg,umblachery
ea2c15d34a2cb5f1,D:\Projects\Federated_Learning\Master-Dataset\master_dataset\vechur\DS03__00000183.jpg,vechur
ea2c95d34a2cb5d1,D:\Projects\Federated_Learning\Master-Dataset\master_dataset\umblachery\DS11__Umblachery_006.jpg,umblachery
ea2c95d34a2cb5d1,D:\Projects\Federated_Learning\Master-Dataset\master_dataset\vechur\DS11__Vechur_055.jpg,vechur
