path,breed,dataset_code,old_is_grayscale,new_is_grayscale,method,mean_channel_diff
D:\Projects\Federated_Learning\Master-Dataset\master_dataset\holstein-friesian\DS03__Holstein_Friesian_101.jpg,holstein-friesian,DS03,False,True,channel_analysis,7.14
D:\Projects\Federated_Learning\Master-Dataset\master_dataset\holstein-friesian\DS03__Holstein_Friesian_109.jpg,holstein-friesian,DS03,False,True,channel_analysis,6.88
D:\Projects\Federated_Learning\Master-Dataset\master_dataset\holstein-friesian\DS03__Holstein_Friesian_126.jpg,holstein-friesian,DS03,False,True,channel_analysis,1.58
D:\Projects\Federated_Learning\Master-Dataset\master_dataset\holstein-friesian\DS03__Holstein_Friesian_130.jpg,holstein-friesian,DS03,False,True,channel_analysis,4.21
D:\Projects\Federated_Learning\Master-Dataset\master_dataset\holstein-friesian\DS03__Holstein_Friesian_132.jpg,holstein-friesian,DS03,False,True,channel_analysis,5.81
D:\Projects\Federated_Learning\Master-Dataset\master_dataset\holstein-friesian\DS03__Holstein_Friesian_148.jpg,holstein-friesian,DS03,False,True,channel_analysis,2.01
D:\Projects\Federated_Learning\Master-Dataset\master_dataset\holstein-friesian\DS03__Holstein_Friesian_15.jpg,holstein-friesian,DS03,False,True,channel_analysis,7.29
D:\Projects\Federated_Learning\Master-Dataset\master_dataset\holstein-friesian\DS03__Holstein_Friesian_150.jpg,holstein-friesian,DS03,False,True,channel_analysis,7.03
D:\Projects\Federated_Learning\Master-Dataset\master_dataset\holstein-friesian\DS03__Holstein_Friesian_151.jpg,holstein-friesian,DS03,False,True,channel_analysis,2.23
D:\Projects\Federated_Learning\Master-Dataset\master_dataset\holstein-friesian\DS03__Holstein_Friesian_154.jpg,holstein-friesian,DS03,False,True,channel_analysis,6.09
D:\Projects\Federated_Learning\Master-Dataset\master_dataset\holstein-friesian\DS03__Holstein_Friesian_157.jpg,holstein-friesian,DS03,False,True,channel_analysis,1.41
D:\Projects\Federated_Learning\Master-Dataset\master_dataset\holstein-friesian\DS03__Holstein_Friesian_16.jpg,holstein-friesian,DS03,False,True,channel_analysis,6.49
D:\Projects\Federated_Learning\Master-Dataset\master_dataset\holstein-friesian\DS03__Holstein_Friesian_163.jpg,holstein-friesian,DS03,False,True,channel_analysis,2.43
D:\Projects\Federated_Learning\Master-Dataset\master_dataset\holstein-friesian\DS03__Holstein_Friesian_164.jpg,holstein-friesian,DS03,False,True,channel_analysis,6.61
D:\Projects\Federated_Learning\Master-Dataset\master_dataset\holstein-friesian\DS03__Holstein_Friesian_165.jpg,holstein-friesian,DS03,False,True,channel_analysis,0.86
D:\Projects\Federated_Learning\Master-Dataset\master_dataset\holstein-friesian\DS03__Holstein_Friesian_171.jpg,holstein-friesian,DS03,False,True,channel_analysis,1.76
D:\Projects\Federated_Learning\Master-Dataset\master_dataset\holstein-friesian\DS03__Holstein_Friesian_18.jpg,holstein-friesian,DS03,False,True,channel_analysis,2.46
D:\Projects\Federated_Learning\Master-Dataset\master_dataset\holstein-friesian\DS03__Holstein_Friesian_191.jpg,holstein-friesian,DS03,False,True,channel_analysis,5.03
D:\Projects\Federated_Learning\Master-Dataset\master_dataset\holstein-friesian\DS03__Holstein_Friesian_195.jpg,holstein-friesian,DS03,False,True,channel_analysis,5.63
D:\Projects\Federated_Learning\Master-Dataset\master_dataset\holstein-friesian\DS03__Holstein_Friesian_199.jpg,holstein-friesian,DS03,False,True,channel_analysis,2.57
D:\Projects\Federated_Learning\Master-Dataset\master_dataset\holstein-friesian\DS03__Holstein_Friesian_20.jpg,holstein-friesian,DS03,False,True,channel_analysis,5.73
D:\Projects\Federated_Learning\Master-Dataset\master_dataset\holstein-friesian\DS03__Holstein_Friesian_202.jpg,holstein-friesian,DS03,False,True,channel_analysis,3.39
D:\Projects\Federated_Learning\Master-Dataset\master_dataset\holstein-friesian\DS03__Holstein_Friesian_208.jpg,holstein-friesian,DS03,False,True,channel_analysis,3.84
D:\Projects\Federated_Learning\Master-Dataset\master_dataset\holstein-friesian\DS03__Holstein_Friesian_212.jpg,holstein-friesian,DS03,False,True,channel_analysis,1.7
D:\Projects\Federated_Learning\Master-Dataset\master_dataset\holstein-friesian\DS03__Holstein_Friesian_214.jpg,holstein-friesian,DS03,False,True,channel_analysis,5.86
D:\Projects\Federated_Learning\Master-Dataset\master_dataset\holstein-friesian\DS03__Holstein_Friesian_218.jpg,holstein-friesian,DS03,False,True,channel_analysis,6.82
D:\Projects\Federated_Learning\Master-Dataset\master_dataset\holstein-friesian\DS03__Holstein_Friesian_219.jpg,holstein-friesian,DS03,False,True,channel_analysis,0.22
D:\Projects\Federated_Learning\Master-Dataset\master_dataset\holstein-friesian\DS03__Holstein_Friesian_227.jpg,holstein-friesian,DS03,False,True,channel_analysis,2.46
D:\Projects\Federated_Learning\Master-Dataset\master_dataset\holstein-friesian\DS03__Holstein_Friesian_230.jpg,holstein-friesian,DS03,False,True,channel_analysis,3.81
D:\Projects\Federated_Learning\Master-Dataset\master_dataset\holstein-friesian\DS03__Holstein_Friesian_256.jpg,holstein-friesian,DS03,False,True,channel_analysis,6.23
D:\Projects\Federated_Learning\Master-Dataset\master_dataset\holstein-friesian\DS03__Holstein_Friesian_258.jpg,holstein-friesian,DS03,False,True,channel_analysis,5.66
D:\Projects\Federated_Learning\Master-Dataset\master_dataset\holstein-friesian\DS03__Holstein_Friesian_263.jpg,holstein-friesian,DS03,False,True,channel_analysis,3.7
D:\Projects\Federated_Learning\Master-Dataset\master_dataset\holstein-friesian\DS03__Holstein_Friesian_274.jpg,holstein-friesian,DS03,False,True,channel_analysis,6.69
D:\Projects\Federated_Learning\Master-Dataset\master_dataset\holstein-friesian\DS03__Holstein_Friesian_28.jpg,holstein-friesian,DS03,False,True,channel_analysis,3.12
D:\Projects\Federated_Learning\Master-Dataset\master_dataset\holstein-friesian\DS03__Holstein_Friesian_280.jpg,holstein-friesian,DS03,False,True,channel_analysis,7.32
D:\Projects\Federated_Learning\Master-Dataset\master_dataset\holstein-friesian\DS03__Holstein_Friesian_281.jpg,holstein-friesian,DS03,False,True,channel_analysis,4.0
D:\Projects\Federated_Learning\Master-Dataset\master_dataset\holstein-friesian\DS03__Holstein_Friesian_294.jpg,holstein-friesian,DS03,False,True,channel_analysis,6.23
D:\Projects\Federated_Learning\Master-Dataset\master_dataset\holstein-friesian\DS03__Holstein_Friesian_301.jpg,holstein-friesian,DS03,False,True,channel_analysis,3.77
D:\Projects\Federated_Learning\Master-Dataset\master_dataset\holstein-friesian\DS03__Holstein_Friesian_308.jpg,holstein-friesian,DS03,False,True,channel_analysis,0.0
D:\Projects\Federated_Learning\Master-Dataset\master_dataset\holstein-friesian\DS03__Holstein_Friesian_311.png,holstein-friesian,DS03,False,True,channel_analysis,3.93
D:\Projects\Federated_Learning\Master-Dataset\master_dataset\holstein-friesian\DS03__Holstein_Friesian_312.jpg,holstein-friesian,DS03,False,True,channel_analysis,6.2
D:\Projects\Federated_Learning\Master-Dataset\master_dataset\holstein-friesian\DS03__Holstein_Friesian_316.jpg,holstein-friesian,DS03,False,True,channel_analysis,5.55
D:\Projects\Federated_Learning\Master-Dataset\master_dataset\holstein-friesian\DS03__Holstein_Friesian_317.jpg,holstein-friesian,DS03,False,True,channel_analysis,5.65
D:\Projects\Federated_Learning\Master-Dataset\master_dataset\holstein-friesian\DS03__Holstein_Friesian_323.jpg,holstein-friesian,DS03,False,True,channel_analysis,6.21
D:\Projects\Federated_Learning\Master-Dataset\master_dataset\holstein-friesian\DS03__Holstein_Friesian_34.jpg,holstein-friesian,DS03,False,True,channel_analysis,2.78
D:\Projects\Federated_Learning\Master-Dataset\master_dataset\holstein-friesian\DS03__Holstein_Friesian_47.jpg,holstein-friesian,DS03,False,True,channel_analysis,1.28
D:\Projects\Federated_Learning\Master-Dataset\master_dataset\holstein-friesian\DS03__Holstein_Friesian_49.jpg,holstein-friesian,DS03,False,True,channel_analysis,2.33
D:\Projects\Federated_Learning\Master-Dataset\master_dataset\holstein-friesian\DS03__Holstein_Friesian_6.jpg,holstein-friesian,DS03,False,True,channel_analysis,7.35
D:\Projects\Federated_Learning\Master-Dataset\master_dataset\holstein-friesian\DS03__Holstein_Friesian_71.jpg,holstein-friesian,DS03,False,True,channel_analysis,5.7
D:\Projects\Federated_Learning\Master-Dataset\master_dataset\holstein-friesian\DS03__Holstein_Friesian_78.jpg,holstein-friesian,DS03,False,True,channel_analysis,6.08
D:\Projects\Federated_Learning\Master-Dataset\master_dataset\holstein-friesian\DS03__Holstein_Friesian_8.jpg,holstein-friesian,DS03,False,True,channel_analysis,7.99
D:\Projects\Federated_Learning\Master-Dataset\master_dataset\holstein-friesian\DS03__Holstein_Friesian_80.jpg,holstein-friesian,DS03,False,True,channel_analysis,5.68
D:\Projects\Federated_Learning\Master-Dataset\master_dataset\holstein-friesian\DS03__Holstein_Friesian_83.jpg,holstein-friesian,DS03,False,True,channel_analysis,2.16
D:\Projects\Federated_Learning\Master-Dataset\master_dataset\holstein-friesian\DS03__Holstein_Friesian_84_1.jpg,holstein-friesian,DS03,False,True,channel_analysis,1.23
D:\Projects\Federated_Learning\Master-Dataset\master_dataset\holstein-friesian\DS03__Holstein_Friesian_86.jpg,holstein-friesian,DS03,False,True,channel_analysis,5.37
D:\Projects\Federated_Learning\Master-Dataset\master_dataset\holstein-friesian\DS03__Holstein_Friesian_91.jpg,holstein-friesian,DS03,False,True,channel_analysis,7.23
D:\Projects\Federated_Learning\Master-Dataset\master_dataset\holstein-friesian\DS04__holstein-friesian_0043.jpg,holstein-friesian,DS04,False,True,channel_analysis,2.22
D:\Projects\Federated_Learning\Master-Dataset\master_dataset\holstein-friesian\DS04__holstein-friesian_0053.jpg,holstein-friesian,DS04,False,True,channel_analysis,3.63
D:\Projects\Federated_Learning\Master-Dataset\master_dataset\holstein-friesian\DS04__holstein-friesian_0276.jpg,holstein-friesian,DS04,False,True,channel_analysis,7.36
D:\Projects\Federated_Learning\Master-Dataset\master_dataset\holstein-friesian\DS04__holstein-friesian_0279.jpg,holstein-friesian,DS04,False,True,channel_analysis,1.36
D:\Projects\Federated_Learning\Master-Dataset\master_dataset\holstein-friesian\DS04__holstein-friesian_0289.jpg,holstein-friesian,DS04,False,True,channel_analysis,2.12
D:\Projects\Federated_Learning\Master-Dataset\master_dataset\holstein-friesian\DS04__holstein-friesian_0300.jpg,holstein-friesian,DS04,False,True,channel_analysis,7.31
D:\Projects\Federated_Learning\Master-Dataset\master_dataset\holstein-friesian\DS04__holstein-friesian_0310.jpg,holstein-friesian,DS04,False,True,channel_analysis,4.26
D:\Projects\Federated_Learning\Master-Dataset\master_dataset\holstein-friesian\DS04__holstein-friesian_0312.jpg,holstein-friesian,DS04,False,True,channel_analysis,1.01
D:\Projects\Federated_Learning\Master-Dataset\master_dataset\holstein-friesian\DS04__holstein-friesian_0319.jpg,holstein-friesian,DS04,False,True,channel_analysis,2.29
D:\Projects\Federated_Learning\Master-Dataset\master_dataset\holstein-friesian\DS04__holstein-friesian_0323.jpg,holstein-friesian,DS04,False,True,channel_analysis,5.92
D:\Projects\Federated_Learning\Master-Dataset\master_dataset\holstein-friesian\DS04__holstein-friesian_0328.jpg,holstein-friesian,DS04,False,True,channel_analysis,3.54
D:\Projects\Federated_Learning\Master-Dataset\master_dataset\holstein-friesian\DS04__holstein-friesian_0330.jpg,holstein-friesian,DS04,False,True,channel_analysis,6.85
D:\Projects\Federated_Learning\Master-Dataset\master_dataset\holstein-friesian\DS04__holstein-friesian_0349.jpg,holstein-friesian,DS04,False,True,channel_analysis,3.86
D:\Projects\Federated_Learning\Master-Dataset\master_dataset\holstein-friesian\DS04__holstein-friesian_0364.jpg,holstein-friesian,DS04,False,True,channel_analysis,2.36
D:\Projects\Federated_Learning\Master-Dataset\master_dataset\holstein-friesian\DS04__holstein-friesian_0365.jpg,holstein-friesian,DS04,False,True,channel_analysis,1.85
D:\Projects\Federated_Learning\Master-Dataset\master_dataset\holstein-friesian\DS04__holstein-friesian_0372.jpg,holstein-friesian,DS04,False,True,channel_analysis,0.3
D:\Projects\Federated_Learning\Master-Dataset\master_dataset\holstein-friesian\DS04__holstein-friesian_0381.jpg,holstein-friesian,DS04,False,True,channel_analysis,3.48
D:\Projects\Federated_Learning\Master-Dataset\master_dataset\holstein-friesian\DS04__holstein-friesian_0385.jpg,holstein-friesian,DS04,False,True,channel_analysis,5.95
D:\Projects\Federated_Learning\Master-Dataset\master_dataset\holstein-friesian\DS04__holstein-friesian_0402.jpg,holstein-friesian,DS04,False,True,channel_analysis,2.66
D:\Projects\Federated_Learning\Master-Dataset\master_dataset\holstein-friesian\DS04__holstein-friesian_0415.jpg,holstein-friesian,DS04,False,True,channel_analysis,7.17
D:\Projects\Federated_Learning\Master-Dataset\master_dataset\holstein-friesian\DS04__holstein-friesian_0439.jpg,holstein-friesian,DS04,False,True,channel_analysis,4.7
D:\Projects\Federated_Learning\Master-Dataset\master_dataset\holstein-friesian\DS04__holstein-friesian_0471.jpg,holstein-friesian,DS04,False,True,channel_analysis,0.0
D:\Projects\Federated_Learning\Master-Dataset\master_dataset\holstein-friesian\DS04__holstein-friesian_0481.jpg,holstein-friesian,DS04,False,True,channel_analysis,7.7
D:\Projects\Federated_Learning\Master-Dataset\master_dataset\holstein-friesian\DS04__holstein-friesian_0495.jpg,holstein-friesian,DS04,False,True,channel_analysis,4.16
D:\Projects\Federated_Learning\Master-Dataset\master_dataset\holstein-friesian\DS04__holstein-friesian_0509.jpg,holstein-friesian,DS04,False,True,channel_analysis,2.25
D:\Projects\Federated_Learning\Master-Dataset\master_dataset\holstein-friesian\DS04__holstein-friesian_0511.jpg,holstein-friesian,DS04,False,True,channel_analysis,3.87
D:\Projects\Federated_Learning\Master-Dataset\master_dataset\holstein-friesian\DS04__holstein-friesian_0536.jpg,holstein-friesian,DS04,False,True,channel_analysis,6.78
D:\Projects\Federated_Learning\Master-Dataset\master_dataset\holstein-friesian\DS04__holstein-friesian_0541.jpg,holstein-friesian,DS04,False,True,channel_analysis,7.59
D:\Projects\Federated_Learning\Master-Dataset\master_dataset\holstein-friesian\DS04__holstein-friesian_0546.jpg,holstein-friesian,DS04,False,True,channel_analysis,7.72
D:\Projects\Federated_Learning\Master-Dataset\master_dataset\holstein-friesian\DS04__holstein-friesian_0554.jpg,holstein-friesian,DS04,False,True,channel_analysis,2.78
D:\Projects\Federated_Learning\Master-Dataset\master_dataset\holstein-friesian\DS04__holstein-friesian_0559.jpg,holstein-friesian,DS04,False,True,channel_analysis,7.45
D:\Projects\Federated_Learning\Master-Dataset\master_dataset\holstein-friesian\DS07__HolsteinFriesiancattle100.jpg,holstein-friesian,DS07,False,True,channel_analysis,1.81
D:\Projects\Federated_Learning\Master-Dataset\master_dataset\holstein-friesian\DS07__HolsteinFriesiancattle103.jpg,holstein-friesian,DS07,False,True,channel_analysis,4.61
D:\Projects\Federated_Learning\Master-Dataset\master_dataset\holstein-friesian\DS07__HolsteinFriesiancattle106.jpg,holstein-friesian,DS07,False,True,channel_analysis,7.62
D:\Projects\Federated_Learning\Master-Dataset\master_dataset\holstein-friesian\DS07__HolsteinFriesiancattle118.jpg,holstein-friesian,DS07,False,True,channel_analysis,3.81
D:\Projects\Federated_Learning\Master-Dataset\master_dataset\holstein-friesian\DS07__HolsteinFriesiancattle121.jpg,holstein-friesian,DS07,False,True,channel_analysis,7.46
D:\Projects\Federated_Learning\Master-Dataset\master_dataset\holstein-friesian\DS07__HolsteinFriesiancattle123.jpg,holstein-friesian,DS07,False,True,channel_analysis,2.01
D:\Projects\Federated_Learning\Master-Dataset\master_dataset\holstein-friesian\DS07__HolsteinFriesiancattle125.jpg,holstein-friesian,DS07,False,True,channel_analysis,6.8
D:\Projects\Federated_Learning\Master-Dataset\master_dataset\holstein-friesian\DS07__HolsteinFriesiancattle132.jpg,holstein-friesian,DS07,False,True,channel_analysis,2.45
D:\Projects\Federated_Learning\Master-Dataset\master_dataset\holstein-friesian\DS07__HolsteinFriesiancattle139.jpg,holstein-friesian,DS07,False,True,channel_analysis,0.68
D:\Projects\Federated_Learning\Master-Dataset\master_dataset\holstein-friesian\DS07__HolsteinFriesiancattle15.jpg,holstein-friesian,DS07,False,True,channel_analysis,2.39
D:\Projects\Federated_Learning\Master-Dataset\master_dataset\holstein-friesian\DS07__HolsteinFriesiancattle33.jpg,holstein-friesian,DS07,False,True,channel_analysis,2.88
D:\Projects\Federated_Learning\Master-Dataset\master_dataset\holstein-friesian\DS07__HolsteinFriesiancattle39.jpg,holstein-friesian,DS07,False,True,channel_analysis,3.42
D:\Projects\Federated_Learning\Master-Dataset\master_dataset\holstein-friesian\DS07__HolsteinFriesiancattle40.jpg,holstein-friesian,DS07,False,True,channel_analysis,4.3
D:\Projects\Federated_Learning\Master-Dataset\master_dataset\holstein-friesian\DS07__HolsteinFriesiancattle50.jpg,holstein-friesian,DS07,False,True,channel_analysis,3.47
D:\Projects\Federated_Learning\Master-Dataset\master_dataset\holstein-friesian\DS07__HolsteinFriesiancattle53.jpg,holstein-friesian,DS07,False,True,channel_analysis,3.56
D:\Projects\Federated_Learning\Master-Dataset\master_dataset\holstein-friesian\DS07__HolsteinFriesiancattle57.jpg,holstein-friesian,DS07,False,True,channel_analysis,3.58
D:\Projects\Federated_Learning\Master-Dataset\master_dataset\holstein-friesian\DS07__HolsteinFriesiancattle74.jpg,holstein-friesian,DS07,False,True,channel_analysis,7.33
D:\Projects\Federated_Learning\Master-Dataset\master_dataset\holstein-friesian\DS07__HolsteinFriesiancattle90.jpg,holstein-friesian,DS07,False,True,channel_analysis,6.12
D:\Projects\Federated_Learning\Master-Dataset\master_dataset\holstein-friesian\DS08__Holstein_Friesian_100_jpg.rf.4bbe06c3f129b95692df6a3ebd499a21.jpg,holstein-friesian,DS08,False,True,channel_analysis,0.0
D:\Projects\Federated_Learning\Master-Dataset\master_dataset\holstein-friesian\DS08__Holstein_Friesian_101_jpg.rf.a528329b69f1f9e0ed14cfaa46db6b79.jpg,holstein-friesian,DS08,False,True,channel_analysis,0.0
D:\Projects\Federated_Learning\Master-Dataset\master_dataset\holstein-friesian\DS08__Holstein_Friesian_102_jpg.rf.873aa11b9c1e234c51f79625bba9f421.jpg,holstein-friesian,DS08,False,True,channel_analysis,0.0
D:\Projects\Federated_Learning\Master-Dataset\master_dataset\holstein-friesian\DS08__Holstein_Friesian_103_jpg.rf.eaf6c1561f15b0c101d56930e24d380a.jpg,holstein-friesian,DS08,False,True,channel_analysis,0.0
D:\Projects\Federated_Learning\Master-Dataset\master_dataset\holstein-friesian\DS08__Holstein_Friesian_104_jpg.rf.7181900c73f580895e426cf90b793938.jpg,holstein-friesian,DS08,False,True,channel_analysis,0.0
D:\Projects\Federated_Learning\Master-Dataset\master_dataset\holstein-friesian\DS08__Holstein_Friesian_105_jpg.rf.dce42278ea5766eb9dd743cb9a850e6f.jpg,holstein-friesian,DS08,False,True,channel_analysis,0.0
D:\Projects\Federated_Learning\Master-Dataset\master_dataset\holstein-friesian\DS08__Holstein_Friesian_106_jpg.rf.40c291f4d0382818a62d24789156ec5d.jpg,holstein-friesian,DS08,False,True,channel_analysis,0.0
D:\Projects\Federated_Learning\Master-Dataset\master_dataset\holstein-friesian\DS08__Holstein_Friesian_107_jpg.rf.bd08f2f5ef55410becc71c3f11a4939c.jpg,holstein-friesian,DS08,False,True,channel_analysis,0.0
D:\Projects\Federated_Learning\Master-Dataset\master_dataset\holstein-friesian\DS08__Holstein_Friesian_108_jpg.rf.84290c684a88b6125f93c6d1ab37563a.jpg,holstein-friesian,DS08,False,True,channel_analysis,0.0
D:\Projects\Federated_Learning\Master-Dataset\master_dataset\holstein-friesian\DS08__Holstein_Friesian_109_jpg.rf.1556f16eca96121e589c45c06a23ab2a.jpg,holstein-friesian,DS08,False,True,channel_analysis,0.0
D:\Projects\Federated_Learning\Master-Dataset\master_dataset\holstein-friesian\DS08__Holstein_Friesian_10_jpg.rf.227da368d24710ea79c812074ac188f0.jpg,holstein-friesian,DS08,False,True,channel_analysis,0.0
D:\Projects\Federated_Learning\Master-Dataset\master_dataset\holstein-friesian\DS08__Holstein_Friesian_110_jpg.rf.ec0752d8c4d9528489a6d43044856eee.jpg,holstein-friesian,DS08,False,True,channel_analysis,0.0
D:\Projects\Federated_Learning\Master-Dataset\master_dataset\holstein-friesian\DS08__Holstein_Friesian_111_jpg.rf.b91abc4b3f52f34b84d845a5800b6cb1.jpg,holstein-friesian,DS08,False,True,channel_analysis,0.0
D:\Projects\Federated_Learning\Master-Dataset\master_dataset\holstein-friesian\DS08__Holstein_Friesian_112_jpg.rf.a82d59dd6e3f2b0fd305c78561531634.jpg,holstein-friesian,DS08,False,True,channel_analysis,0.0
D:\Projects\Federated_Learning\Master-Dataset\master_dataset\holstein-friesian\DS08__Holstein_Friesian_113_jpg.rf.05d82cb9f45b8fad872719b6f1d49ecf.jpg,holstein-friesian,DS08,False,True,channel_analysis,0.0
D:\Projects\Federated_Learning\Master-Dataset\master_dataset\holstein-friesian\DS08__Holstein_Friesian_114_jpg.rf.d2f1d57ed739b3fd000d723fb2f8ce85.jpg,holstein-friesian,DS08,False,True,channel_analysis,0.0
D:\Projects\Federated_Learning\Master-Dataset\master_dataset\holstein-friesian\DS08__Holstein_Friesian_115_jpg.rf.a94a2698df56170a374ce70b841a1c4a.jpg,holstein-friesian,DS08,False,True,channel_analysis,0.0
D:\Projects\Federated_Learning\Master-Dataset\master_dataset\holstein-friesian\DS08__Holstein_Friesian_116_jpg.rf.ed980d2f5767722bc5d7dd7ce35b96ab.jpg,holstein-friesian,DS08,False,True,channel_analysis,0.0
D:\Projects\Federated_Learning\Master-Dataset\master_dataset\holstein-friesian\DS08__Holstein_Friesian_117_jpg.rf.afc5d6504158cbc45890d5b72575ff49.jpg,holstein-friesian,DS08,False,True,channel_analysis,0.0
D:\Projects\Federated_Learning\Master-Dataset\master_dataset\holstein-friesian\DS08__Holstein_Friesian_118_jpg.rf.0376981226df4ea94d4818cc3dc19b65.jpg,holstein-friesian,DS08,False,True,channel_analysis,0.0
D:\Projects\Federated_Learning\Master-Dataset\master_dataset\holstein-friesian\DS08__Holstein_Friesian_119_jpg.rf.1201a802d138479d9f9b48fb916e93a5.jpg,holstein-friesian,DS08,False,True,channel_analysis,0.0
D:\Projects\Federated_Learning\Master-Dataset\master_dataset\holstein-friesian\DS08__Holstein_Friesian_11_jpg.rf.442510aba5662e7ef536b9ecf3bb59fc.jpg,holstein-friesian,DS08,False,True,channel_analysis,0.0
D:\Projects\Federated_Learning\Master-Dataset\master_dataset\holstein-friesian\DS08__Holstein_Friesian_120_jpg.rf.ffda76a455ac2e3e7e1c084f8735ec35.jpg,holstein-friesian,DS08,False,True,channel_analysis,0.0
D:\Projects\Federated_Learning\Master-Dataset\master_dataset\holstein-friesian\DS08__Holstein_Friesian_121_jpg.rf.5117c741704e3ec73e2932c39662d23d.jpg,holstein-friesian,DS08,False,True,channel_analysis,0.0
D:\Projects\Federated_Learning\Master-Dataset\master_dataset\holstein-friesian\DS08__Holstein_Friesian_122_jpg.rf.a9ca45740e9c1497bcbeecab59df2ccd.jpg,holstein-friesian,DS08,False,True,channel_analysis,0.0
D:\Projects\Federated_Learning\Master-Dataset\master_dataset\holstein-friesian\DS08__Holstein_Friesian_123_jpg.rf.f4d68b368265f419b7954e432c68771f.jpg,holstein-friesian,DS08,False,True,channel_analysis,0.0
D:\Projects\Federated_Learning\Master-Dataset\master_dataset\holstein-friesian\DS08__Holstein_Friesian_124_jpg.rf.99587ca298b6934f6fa2af76246830bb.jpg,holstein-friesian,DS08,False,True,channel_analysis,0.0
D:\Projects\Federated_Learning\Master-Dataset\master_dataset\holstein-friesian\DS08__Holstein_Friesian_125_jpg.rf.b0e70f36d75b494cb9e62dd67e5ff270.jpg,holstein-friesian,DS08,False,True,channel_analysis,0.0
D:\Projects\Federated_Learning\Master-Dataset\master_dataset\holstein-friesian\DS08__Holstein_Friesian_126_jpg.rf.f90363cbd1474064e25d8892ee035b73.jpg,holstein-friesian,DS08,False,True,channel_analysis,0.0
D:\Projects\Federated_Learning\Master-Dataset\master_dataset\holstein-friesian\DS08__Holstein_Friesian_127_jpg.rf.026458720d6382b4d8f0767e017db412.jpg,holstein-friesian,DS08,False,True,channel_analysis,0.0
D:\Projects\Federated_Learning\Master-Dataset\master_dataset\holstein-friesian\DS08__Holstein_Friesian_128_jpg.rf.f9ab376702d980997ee53398bbea7992.jpg,holstein-friesian,DS08,False,True,channel_analysis,0.0
D:\Projects\Federated_Learning\Master-Dataset\master_dataset\holstein-friesian\DS08__Holstein_Friesian_129_jpg.rf.03854504b2fd635ef4a5f11bd457c032.jpg,holstein-friesian,DS08,False,True,channel_analysis,0.0
D:\Projects\Federated_Learning\Master-Dataset\master_dataset\holstein-friesian\DS08__Holstein_Friesian_12_jpg.rf.2c4bcdb264809de8b1ca93c1e8aaca0a.jpg,holstein-friesian,DS08,False,True,channel_analysis,0.0
D:\Projects\Federated_Learning\Master-Dataset\master_dataset\holstein-friesian\DS08__Holstein_Friesian_130_jpg.rf.f67017795c20f82d1ccc30fa7de776da.jpg,holstein-friesian,DS08,False,True,channel_analysis,0.0
D:\Projects\Federated_Learning\Master-Dataset\master_dataset\holstein-friesian\DS08__Holstein_Friesian_131_jpg.rf.f479f41ecae9cdc1c42c3a238e9c7a25.jpg,holstein-friesian,DS08,False,True,channel_analysis,0.0
D:\Projects\Federated_Learning\Master-Dataset\master_dataset\holstein-friesian\DS08__Holstein_Friesian_132_jpg.rf.fbf18dd77c72670dd6d8f3e4c4454bcd.jpg,holstein-friesian,DS08,False,True,channel_analysis,0.0
D:\Projects\Federated_Learning\Master-Dataset\master_dataset\holstein-friesian\DS08__Holstein_Friesian_133_jpg.rf.477503ce31024e07d99bcced7e541d99.jpg,holstein-friesian,DS08,False,True,channel_analysis,0.0
D:\Projects\Federated_Learning\Master-Dataset\master_dataset\holstein-friesian\DS08__Holstein_Friesian_134_jpg.rf.d208e825751bdfc7aa958ed63c4a723c.jpg,holstein-friesian,DS08,False,True,channel_analysis,0.0
D:\Projects\Federated_Learning\Master-Dataset\master_dataset\holstein-friesian\DS08__Holstein_Friesian_136_jpg.rf.4fca25577be2434f0522e118883d4424.jpg,holstein-friesian,DS08,False,True,channel_analysis,0.0
D:\Projects\Federated_Learning\Master-Dataset\master_dataset\holstein-friesian\DS08__Holstein_Friesian_137_jpg.rf.594754c8a45a2250595a68417fa18f29.jpg,holstein-friesian,DS08,False,True,channel_analysis,0.0
D:\Projects\Federated_Learning\Master-Dataset\master_dataset\holstein-friesian\DS08__Holstein_Friesian_138_jpg.rf.b5037a0bf47d714d534fc2803291d98f.jpg,holstein-friesian,DS08,False,True,channel_analysis,0.0
D:\Projects\Federated_Learning\Master-Dataset\master_dataset\holstein-friesian\DS08__Holstein_Friesian_139_jpg.rf.3589b46ff5d8c268a2ee4eb0e8f47238.jpg,holstein-friesian,DS08,False,True,channel_analysis,0.0
D:\Projects\Federated_Learning\Master-Dataset\master_dataset\holstein-friesian\DS08__Holstein_Friesian_13_jpg.rf.401b5a9ade3c5a59cbeca2c541111209.jpg,holstein-friesian,DS08,False,True,channel_analysis,0.0
D:\Projects\Federated_Learning\Master-Dataset\master_dataset\holstein-friesian\DS08__Holstein_Friesian_140_jpg.rf.91d977f0313257e4de6e88a812c5e440.jpg,holstein-friesian,DS08,False,True,channel_analysis,0.0
D:\Projects\Federated_Learning\Master-Dataset\master_dataset\holstein-friesian\DS08__Holstein_Friesian_141_jpg.rf.2c4b58e3cdb5e9c0076b898284555b42.jpg,holstein-friesian,DS08,False,True,channel_analysis,0.0
D:\Projects\Federated_Learning\Master-Dataset\master_dataset\holstein-friesian\DS08__Holstein_Friesian_142_jpg.rf.93d19bea030cdf5c1a6051e964319e4c.jpg,holstein-friesian,DS08,False,True,channel_analysis,0.0
D:\Projects\Federated_Learning\Master-Dataset\master_dataset\holstein-friesian\DS08__Holstein_Friesian_143_jpg.rf.c062598bc3c5fa1bd2142df48ce7f37e.jpg,holstein-friesian,DS08,False,True,channel_analysis,0.0
D:\Projects\Federated_Learning\Master-Dataset\master_dataset\holstein-friesian\DS08__Holstein_Friesian_144_jpg.rf.c960ab0be1d505d70d98fb44fd8e625a.jpg,holstein-friesian,DS08,False,True,channel_analysis,0.0
D:\Projects\Federated_Learning\Master-Dataset\master_dataset\holstein-friesian\DS08__Holstein_Friesian_145_jpg.rf.e570b4142b2c4ffbbd09cc1e9d24ee4e.jpg,holstein-friesian,DS08,False,True,channel_analysis,0.0
D:\Projects\Federated_Learning\Master-Dataset\master_dataset\holstein-friesian\DS08__Holstein_Friesian_146_jpg.rf.e27dc1bcf32daec1974204fa47580294.jpg,holstein-friesian,DS08,False,True,channel_analysis,0.0
D:\Projects\Federated_Learning\Master-Dataset\master_dataset\holstein-friesian\DS08__Holstein_Friesian_147_jpg.rf.bdd0805899e387bdde1040baf8aec6cf.jpg,holstein-friesian,DS08,False,True,channel_analysis,0.0
D:\Projects\Federated_Learning\Master-Dataset\master_dataset\holstein-friesian\DS08__Holstein_Friesian_148_jpg.rf.1af8269e89c0c3ec7f5de43070395fae.jpg,holstein-friesian,DS08,False,True,channel_analysis,0.0
D:\Projects\Federated_Learning\Master-Dataset\master_dataset\holstein-friesian\DS08__Holstein_Friesian_149_jpg.rf.c8179a8d99f3dca47e6971744e8abec2.jpg,holstein-friesian,DS08,False,True,channel_analysis,0.0
D:\Projects\Federated_Learning\Master-Dataset\master_dataset\holstein-friesian\DS08__Holstein_Friesian_14_jpg.rf.d045cabf7c8176b3cb9ccc12c6a97f76.jpg,holstein-friesian,DS08,False,True,channel_analysis,0.0
D:\Projects\Federated_Learning\Master-Dataset\master_dataset\holstein-friesian\DS08__Holstein_Friesian_150_jpg.rf.c647c3808f955550a9dacbed06bb008e.jpg,holstein-friesian,DS08,False,True,channel_analysis,0.0
D:\Projects\Federated_Learning\Master-Dataset\master_dataset\holstein-friesian\DS08__Holstein_Friesian_151_jpg.rf.15c9000199f4723de616ef3239231ba5.jpg,holstein-friesian,DS08,False,True,channel_analysis,0.0
D:\Projects\Federated_Learning\Master-Dataset\master_dataset\holstein-friesian\DS08__Holstein_Friesian_152_jpg.rf.92ab978e5a9ff77ff07462d6a5f3a2f4.jpg,holstein-friesian,DS08,False,True,channel_analysis,0.0
D:\Projects\Federated_Learning\Master-Dataset\master_dataset\holstein-friesian\DS08__Holstein_Friesian_153_jpg.rf.104a3591dd4ce09592c2967e2d0686ba.jpg,holstein-friesian,DS08,False,True,channel_analysis,0.0
D:\Projects\Federated_Learning\Master-Dataset\master_dataset\holstein-friesian\DS08__Holstein_Friesian_154_jpg.rf.1908827984e6f20e23ff8e1555a931d8.jpg,holstein-friesian,DS08,False,True,channel_analysis,0.0
D:\Projects\Federated_Learning\Master-Dataset\master_dataset\holstein-friesian\DS08__Holstein_Friesian_155_jpg.rf.b685e55c72c03bfb7dfa5a84c8410e97.jpg,holstein-friesian,DS08,False,True,channel_analysis,0.0
D:\Projects\Federated_Learning\Master-Dataset\master_dataset\holstein-friesian\DS08__Holstein_Friesian_156_jpg.rf.40d9dd17604ce9243f76a9d2b034701a.jpg,holstein-friesian,DS08,False,True,channel_analysis,0.0
D:\Projects\Federated_Learning\Master-Dataset\master_dataset\holstein-friesian\DS08__Holstein_Friesian_157_jpg.rf.726670e11fb1d806a272e64332b9699b.jpg,holstein-friesian,DS08,False,True,channel_analysis,0.0
D:\Projects\Federated_Learning\Master-Dataset\master_dataset\holstein-friesian\DS08__Holstein_Friesian_158_jpg.rf.af0258adc50e4ebd565c7200b5d83a26.jpg,holstein-friesian,DS08,False,True,channel_analysis,0.0
D:\Projects\Federated_Learning\Master-Dataset\master_dataset\holstein-friesian\DS08__Holstein_Friesian_159_jpg.rf.25e7a407a66c56b2f34ec274ba5555b1.jpg,holstein-friesian,DS08,False,True,channel_analysis,0.0
D:\Projects\Federated_Learning\Master-Dataset\master_dataset\holstein-friesian\DS08__Holstein_Friesian_15_jpg.rf.e20564b18f6f0f879eb56dd03b511a45.jpg,holstein-friesian,DS08,False,True,channel_analysis,0.0
D:\Projects\Federated_Learning\Master-Dataset\master_dataset\holstein-friesian\DS08__Holstein_Friesian_160_jpg.rf.d85f764c887a640c7bd649eac80f333c.jpg,holstein-friesian,DS08,False,True,channel_analysis,0.0
D:\Projects\Federated_Learning\Master-Dataset\master_dataset\holstein-friesian\DS08__Holstein_Friesian_161_jpg.rf.48dc8d485979c9cf2fb1050ee1a3f5a8.jpg,holstein-friesian,DS08,False,True,channel_analysis,0.0
D:\Projects\Federated_Learning\Master-Dataset\master_dataset\holstein-friesian\DS08__Holstein_Friesian_162_jpg.rf.593270198da3bd8c7ca9a158fc8906c5.jpg,holstein-friesian,DS08,False,True,channel_analysis,0.0
D:\Projects\Federated_Learning\Master-Dataset\master_dataset\holstein-friesian\DS08__Holstein_Friesian_163_jpg.rf.29ebec90c1812d0f577f8ece96b4273f.jpg,holstein-friesian,DS08,False,True,channel_analysis,0.0
D:\Projects\Federated_Learning\Master-Dataset\master_dataset\holstein-friesian\DS08__Holstein_Friesian_164_jpg.rf.abac0d97c7e043117a982e6615f53dfa.jpg,holstein-friesian,DS08,False,True,channel_analysis,0.0
D:\Projects\Federated_Learning\Master-Dataset\master_dataset\holstein-friesian\DS08__Holstein_Friesian_165_jpg.rf.5d682095377bb546ceb13baa3cfc705a.jpg,holstein-friesian,DS08,False,True,channel_analysis,0.0
D:\Projects\Federated_Learning\Master-Dataset\master_dataset\holstein-friesian\DS08__Holstein_Friesian_166_jpg.rf.448ab462684ae04e080d613a2b50d5f7.jpg,holstein-friesian,DS08,False,True,channel_analysis,0.0
D:\Projects\Federated_Learning\Master-Dataset\master_dataset\holstein-friesian\DS08__Holstein_Friesian_168_jpg.rf.965293b625cc89129b57547cb2a3f32e.jpg,holstein-friesian,DS08,False,True,channel_analysis,0.0
D:\Projects\Federated_Learning\Master-Dataset\master_dataset\holstein-friesian\DS08__Holstein_Friesian_169_jpg.rf.7ece01259b717ba99b7680ed58c6cf7c.jpg,holstein-friesian,DS08,False,True,channel_analysis,0.0
D:\Projects\Federated_Learning\Master-Dataset\master_dataset\holstein-friesian\DS08__Holstein_Friesian_16_jpg.rf.d380c8cea169f9371b28726e1eb034f7.jpg,holstein-friesian,DS08,False,True,channel_analysis,0.0
D:\Projects\Federated_Learning\Master-Dataset\master_dataset\holstein-friesian\DS08__Holstein_Friesian_170_jpg.rf.aadfcf19abd7b220b1217349ed2b533a.jpg,holstein-friesian,DS08,False,True,channel_analysis,0.0
D:\Projects\Federated_Learning\Master-Dataset\master_dataset\holstein-friesian\DS08__Holstein_Friesian_172_jpg.rf.9c36ca5b58c00a08557bbe442ddf8f16.jpg,holstein-friesian,DS08,False,True,channel_analysis,0.0
D:\Projects\Federated_Learning\Master-Dataset\master_dataset\holstein-friesian\DS08__Holstein_Friesian_173_jpg.rf.01b0711c3bae5b2863d9847eeed8ce9c.jpg,holstein-friesian,DS08,False,True,channel_analysis,0.0
D:\Projects\Federated_Learning\Master-Dataset\master_dataset\holstein-friesian\DS08__Holstein_Friesian_174_jpg.rf.8566d9047888f0549731debf94442570.jpg,holstein-friesian,DS08,False,True,channel_analysis,0.0
D:\Projects\Federated_Learning\Master-Dataset\master_dataset\holstein-friesian\DS08__Holstein_Friesian_175_jpg.rf.c971ceb798e79e6385dc4afa70bfaf9b.jpg,holstein-friesian,DS08,False,True,channel_analysis,0.0
D:\Projects\Federated_Learning\Master-Dataset\master_dataset\holstein-friesian\DS08__Holstein_Friesian_176_jpg.rf.8052d414d6bf8a6925eada9f348c8753.jpg,holstein-friesian,DS08,False,True,channel_analysis,0.0
D:\Projects\Federated_Learning\Master-Dataset\master_dataset\holstein-friesian\DS08__Holstein_Friesian_177_jpg.rf.df66eddae1c2306b7d4449bd064b64e1.jpg,holstein-friesian,DS08,False,True,channel_analysis,0.0
D:\Projects\Federated_Learning\Master-Dataset\master_dataset\holstein-friesian\DS08__Holstein_Friesian_178_jpg.rf.642b222d72a7cdff8b30baf545e9f36c.jpg,holstein-friesian,DS08,False,True,channel_analysis,0.0
D:\Projects\Federated_Learning\Master-Dataset\master_dataset\holstein-friesian\DS08__Holstein_Friesian_179_jpg.rf.27c13efc67b70eaa4a79ee84701739a7.jpg,holstein-friesian,DS08,False,True,channel_analysis,0.0
D:\Projects\Federated_Learning\Master-Dataset\master_dataset\holstein-friesian\DS08__Holstein_Friesian_17_jpg.rf.9afea5c52355c6fbb0f769f8799ef265.jpg,holstein-friesian,DS08,False,True,channel_analysis,0.0
D:\Projects\Federated_Learning\Master-Dataset\master_dataset\holstein-friesian\DS08__Holstein_Friesian_180_jpg.rf.516111e79cebf26c259867114e73a097.jpg,holstein-friesian,DS08,False,True,channel_analysis,0.0
D:\Projects\Federated_Learning\Master-Dataset\master_dataset\holstein-friesian\DS08__Holstein_Friesian_181_jpg.rf.d563883ac44dd4f8fd86e955c2af54f2.jpg,holstein-friesian,DS08,False,True,channel_analysis,0.0
D:\Projects\Federated_Learning\Master-Dataset\master_dataset\holstein-friesian\DS08__Holstein_Friesian_182_jpg.rf.293d62ec4d65bafa56877cdd23829a83.jpg,holstein-friesian,DS08,False,True,channel_analysis,0.0
D:\Projects\Federated_Learning\Master-Dataset\master_dataset\holstein-friesian\DS08__Holstein_Friesian_183_jpg.rf.919921e6692f54a3ab8a46e8feaff36c.jpg,holstein-friesian,DS08,False,True,channel_analysis,0.0
D:\Projects\Federated_Learning\Master-Dataset\master_dataset\holstein-friesian\DS08__Holstein_Friesian_184_jpg.rf.57e227651c06016f8308df2733ffe156.jpg,holstein-friesian,DS08,False,True,channel_analysis,0.0
D:\Projects\Federated_Learning\Master-Dataset\master_dataset\holstein-friesian\DS08__Holstein_Friesian_185_jpg.rf.5657100cc4ac54cf4d3b182117fb55e7.jpg,holstein-friesian,DS08,False,True,channel_analysis,0.0
D:\Projects\Federated_Learning\Master-Dataset\master_dataset\holstein-friesian\DS08__Holstein_Friesian_186_jpg.rf.0694c1280ea6d3ffcab7607147ac23c3.jpg,holstein-friesian,DS08,False,True,channel_analysis,0.0
D:\Projects\Federated_Learning\Master-Dataset\master_dataset\holstein-friesian\DS08__Holstein_Friesian_187_jpg.rf.a9c00ae665b1633215563faf52c2e62e.jpg,holstein-friesian,DS08,False,True,channel_analysis,0.0
D:\Projects\Federated_Learning\Master-Dataset\master_dataset\holstein-friesian\DS08__Holstein_Friesian_188_jpg.rf.aad5e53c4475bc7ec6e92740187166cd.jpg,holstein-friesian,DS08,False,True,channel_analysis,0.0
D:\Projects\Federated_Learning\Master-Dataset\master_dataset\holstein-friesian\DS08__Holstein_Friesian_189_jpg.rf.104ea44da97ffeecc40cd8c9ff5d3d0b.jpg,holstein-friesian,DS08,False,True,channel_analysis,0.0
D:\Projects\Federated_Learning\Master-Dataset\master_dataset\holstein-friesian\DS08__Holstein_Friesian_18_jpg.rf.2229b01067e46198bcb614276522a687.jpg,holstein-friesian,DS08,False,True,channel_analysis,0.0
D:\Projects\Federated_Learning\Master-Dataset\master_dataset\holstein-friesian\DS08__Holstein_Friesian_190_jpg.rf.7eb07644f506dbde77567c27801db7fd.jpg,holstein-friesian,DS08,False,True,channel_analysis,0.0
D:\Projects\Federated_Learning\Master-Dataset\master_dataset\holstein-friesian\DS08__Holstein_Friesian_191_jpg.rf.5a2d86cde8c4dfb3f9de1459900b4613.jpg,holstein-friesian,DS08,False,True,channel_analysis,0.0
D:\Projects\Federated_Learning\Master-Dataset\master_dataset\holstein-friesian\DS08__Holstein_Friesian_192_jpg.rf.4355172d43a52d3f1f3142d118ab183d.jpg,holstein-friesian,DS08,False,True,channel_analysis,0.0
D:\Projects\Federated_Learning\Master-Dataset\master_dataset\holstein-friesian\DS08__Holstein_Friesian_193_jpg.rf.875e69d0ac00078381bf6bf1607fb1ac.jpg,holstein-friesian,DS08,False,True,channel_analysis,0.0
D:\Projects\Federated_Learning\Master-Dataset\master_dataset\holstein-friesian\DS08__Holstein_Friesian_194_jpg.rf.d7d1def8c00aa069ce9f4a25b66ee7b5.jpg,holstein-friesian,DS08,False,True,channel_analysis,0.0
D:\Projects\Federated_Learning\Master-Dataset\master_dataset\holstein-friesian\DS08__Holstein_Friesian_195_jpg.rf.fb1e2eb75ba290d997bb031f7e7b5db5.jpg,holstein-friesian,DS08,False,True,channel_analysis,0.0
D:\Projects\Federated_Learning\Master-Dataset\master_dataset\holstein-friesian\DS08__Holstein_Friesian_196_jpg.rf.6e6af52829d1370148a46f6bbfc4ba4f.jpg,holstein-friesian,DS08,False,True,channel_analysis,0.0
D:\Projects\Federated_Learning\Master-Dataset\master_dataset\holstein-friesian\DS08__Holstein_Friesian_197_jpg.rf.b88a319573147958663fe7558032411d.jpg,holstein-friesian,DS08,False,True,channel_analysis,0.0
D:\Projects\Federated_Learning\Master-Dataset\master_dataset\holstein-friesian\DS08__Holstein_Friesian_198_jpg.rf.10846a851e5293a51074adb501a6c793.jpg,holstein-friesian,DS08,False,True,channel_analysis,0.0
D:\Projects\Federated_Learning\Master-Dataset\master_dataset\holstein-friesian\DS08__Holstein_Friesian_199_jpg.rf.27703e090bfcd5c4826ab84e35b3e6e9.jpg,holstein-friesian,DS08,False,True,channel_analysis,0.0
D:\Projects\Federated_Learning\Master-Dataset\master_dataset\holstein-friesian\DS08__Holstein_Friesian_19_jpg.rf.45c0154e612261726913e8b18c6b0ba9.jpg,holstein-friesian,DS08,False,True,channel_analysis,0.0
D:\Projects\Federated_Learning\Master-Dataset\master_dataset\holstein-friesian\DS08__Holstein_Friesian_1_jpg.rf.093bf07285cdc7c9abcadad163f6b6c2.jpg,holstein-friesian,DS08,False,True,channel_analysis,0.0
D:\Projects\Federated_Learning\Master-Dataset\master_dataset\holstein-friesian\DS08__Holstein_Friesian_200_jpg.rf.939b03945ea7ec63335319332ed1d7ad.jpg,holstein-friesian,DS08,False,True,channel_analysis,0.0
D:\Projects\Federated_Learning\Master-Dataset\master_dataset\holstein-friesian\DS08__Holstein_Friesian_201_jpg.rf.7d8b0b5d933a828621bfa348074b2034.jpg,holstein-friesian,DS08,False,True,channel_analysis,0.0
D:\Projects\Federated_Learning\Master-Dataset\master_dataset\holstein-friesian\DS08__Holstein_Friesian_202_jpg.rf.75e23f5743f483d542ad2f303eee108e.jpg,holstein-friesian,DS08,False,True,channel_analysis,0.0
D:\Projects\Federated_Learning\Master-Dataset\master_dataset\holstein-friesian\DS08__Holstein_Friesian_203_jpg.rf.f5b9372e4d1cc55cd31100a9088f9ce4.jpg,holstein-friesian,DS08,False,True,channel_analysis,0.0
D:\Projects\Federated_Learning\Master-Dataset\master_dataset\holstein-friesian\DS08__Holstein_Friesian_204_jpg.rf.afde6000fcc44f585959bf989ad2d2e5.jpg,holstein-friesian,DS08,False,True,channel_analysis,0.0
D:\Projects\Federated_Learning\Master-Dataset\master_dataset\holstein-friesian\DS08__Holstein_Friesian_205_jpg.rf.adf40fa47c124835dafd01066f641748.jpg,holstein-friesian,DS08,False,True,channel_analysis,0.0
D:\Projects\Federated_Learning\Master-Dataset\master_dataset\holstein-friesian\DS08__Holstein_Friesian_206_jpg.rf.0d8e69e03437b50e74ae5b8c110630aa.jpg,holstein-friesian,DS08,False,True,channel_analysis,0.0
D:\Projects\Federated_Learning\Master-Dataset\master_dataset\holstein-friesian\DS08__Holstein_Friesian_207_jpg.rf.0d39c70cbf284b065109b2f8fb1383c6.jpg,holstein-friesian,DS08,False,True,channel_analysis,0.0
D:\Projects\Federated_Learning\Master-Dataset\master_dataset\holstein-friesian\DS08__Holstein_Friesian_208_jpg.rf.aca0fa721ce57eecdd481bdcc3772277.jpg,holstein-friesian,DS08,False,True,channel_analysis,0.0
D:\Projects\Federated_Learning\Master-Dataset\master_dataset\holstein-friesian\DS08__Holstein_Friesian_209_jpg.rf.1ecd676661c5e7b1fec68deb3cbdc18f.jpg,holstein-friesian,DS08,False,True,channel_analysis,0.0
D:\Projects\Federated_Learning\Master-Dataset\master_dataset\holstein-friesian\DS08__Holstein_Friesian_20_jpg.rf.7bece012fb01c211474101cada2bc271.jpg,holstein-friesian,DS08,False,True,channel_analysis,0.0
D:\Projects\Federated_Learning\Master-Dataset\master_dataset\holstein-friesian\DS08__Holstein_Friesian_210_jpg.rf.2cc06496e56f618be5daddf904d559e3.jpg,holstein-friesian,DS08,False,True,channel_analysis,0.0
D:\Projects\Federated_Learning\Master-Dataset\master_dataset\holstein-friesian\DS08__Holstein_Friesian_211_jpg.rf.d29ce3b26af5373eeb8dd27511c765d8.jpg,holstein-friesian,DS08,False,True,channel_analysis,0.0
D:\Projects\Federated_Learning\Master-Dataset\master_dataset\holstein-friesian\DS08__Holstein_Friesian_212_jpg.rf.ba3da3ed5cde2d8031587eb95356a214.jpg,holstein-friesian,DS08,False,True,channel_analysis,0.0
D:\Projects\Federated_Learning\Master-Dataset\master_dataset\holstein-friesian\DS08__Holstein_Friesian_213_jpg.rf.ed2f5b9844896f2f8723dd38eeb8d20b.jpg,holstein-friesian,DS08,False,True,channel_analysis,0.0
D:\Projects\Federated_Learning\Master-Dataset\master_dataset\holstein-friesian\DS08__Holstein_Friesian_214_jpg.rf.08ef319c89cce68611a2fd14cd6b6af1.jpg,holstein-friesian,DS08,False,True,channel_analysis,0.0
D:\Projects\Federated_Learning\Master-Dataset\master_dataset\holstein-friesian\DS08__Holstein_Friesian_215_jpg.rf.30793659cc591e002804410cc945ebb4.jpg,holstein-friesian,DS08,False,True,channel_analysis,0.0
D:\Projects\Federated_Learning\Master-Dataset\master_dataset\holstein-friesian\DS08__Holstein_Friesian_216_jpg.rf.3d3545c33a4c22c98edc28dbfdfd7d10.jpg,holstein-friesian,DS08,False,True,channel_analysis,0.0
D:\Projects\Federated_Learning\Master-Dataset\master_dataset\holstein-friesian\DS08__Holstein_Friesian_217_jpg.rf.c2ede71a101ee57f0bd3eed2ee6d65dc.jpg,holstein-friesian,DS08,False,True,channel_analysis,0.0
D:\Projects\Federated_Learning\Master-Dataset\master_dataset\holstein-friesian\DS08__Holstein_Friesian_218_jpg.rf.a26190d9305132a1406eef010fb23e24.jpg,holstein-friesian,DS08,False,True,channel_analysis,0.0
D:\Projects\Federated_Learning\Master-Dataset\master_dataset\holstein-friesian\DS08__Holstein_Friesian_21_jpg.rf.6ea01fdd82bf4b69bdc2d8cc59fcdaa1.jpg,holstein-friesian,DS08,False,True,channel_analysis,0.0
D:\Projects\Federated_Learning\Master-Dataset\master_dataset\holstein-friesian\DS08__Holstein_Friesian_220_jpg.rf.f264718a612b237e39cb190c768016e5.jpg,holstein-friesian,DS08,False,True,channel_analysis,0.0
D:\Projects\Federated_Learning\Master-Dataset\master_dataset\holstein-friesian\DS08__Holstein_Friesian_221_jpg.rf.cc5541972d636d4092d0d42667de4b79.jpg,holstein-friesian,DS08,False,True,channel_analysis,0.0
D:\Projects\Federated_Learning\Master-Dataset\master_dataset\holstein-friesian\DS08__Holstein_Friesian_222_jpg.rf.705146ec07a1fcd0daed5d15e9ee9f7b.jpg,holstein-friesian,DS08,False,True,channel_analysis,0.0
D:\Projects\Federated_Learning\Master-Dataset\master_dataset\holstein-friesian\DS08__Holstein_Friesian_223_jpg.rf.a1202720ece11eee1546558db013fbe4.jpg,holstein-friesian,DS08,False,True,channel_analysis,0.0
D:\Projects\Federated_Learning\Master-Dataset\master_dataset\holstein-friesian\DS08__Holstein_Friesian_224_jpg.rf.142da3e215ab8e43c9037b7338199180.jpg,holstein-friesian,DS08,False,True,channel_analysis,0.0
D:\Projects\Federated_Learning\Master-Dataset\master_dataset\holstein-friesian\DS08__Holstein_Friesian_225_jpg.rf.6696a638e446b45db3f4041164223c87.jpg,holstein-friesian,DS08,False,True,channel_analysis,0.0
D:\Projects\Federated_Learning\Master-Dataset\master_dataset\holstein-friesian\DS08__Holstein_Friesian_226_jpg.rf.7a8c6120efd73a2577a9ad5d35408950.jpg,holstein-friesian,DS08,False,True,channel_analysis,0.0
D:\Projects\Federated_Learning\Master-Dataset\master_dataset\holstein-friesian\DS08__Holstein_Friesian_227_jpg.rf.e96317c36669ea19b09dd6ddc2ada724.jpg,holstein-friesian,DS08,False,True,channel_analysis,0.0
D:\Projects\Federated_Learning\Master-Dataset\master_dataset\holstein-friesian\DS08__Holstein_Friesian_228_jpg.rf.93a4d474891cc6cccd0cb20f7ed7590a.jpg,holstein-friesian,DS08,False,True,channel_analysis,0.0
D:\Projects\Federated_Learning\Master-Dataset\master_dataset\holstein-friesian\DS08__Holstein_Friesian_229_jpg.rf.2ceac2d00ec9d7e24204c604b012c5c5.jpg,holstein-friesian,DS08,False,True,channel_analysis,0.0
D:\Projects\Federated_Learning\Master-Dataset\master_dataset\holstein-friesian\DS08__Holstein_Friesian_22_jpg.rf.e66086667b4a21702e2271d6443820d7.jpg,holstein-friesian,DS08,False,True,channel_analysis,0.0
D:\Projects\Federated_Learning\Master-Dataset\master_dataset\holstein-friesian\DS08__Holstein_Friesian_230_jpg.rf.6e7c1b1f1cd03329d4e01f76ddd77313.jpg,holstein-friesian,DS08,False,True,channel_analysis,0.0
D:\Projects\Federated_Learning\Master-Dataset\master_dataset\holstein-friesian\DS08__Holstein_Friesian_231_jpg.rf.2971592fcef07d899607ba206e675176.jpg,holstein-friesian,DS08,False,True,channel_analysis,0.0
D:\Projects\Federated_Learning\Master-Dataset\master_dataset\holstein-friesian\DS08__Holstein_Friesian_232_jpg.rf.bc883aefeb551392ad3c52bf733a562a.jpg,holstein-friesian,DS08,False,True,channel_analysis,0.0
D:\Projects\Federated_Learning\Master-Dataset\master_dataset\holstein-friesian\DS08__Holstein_Friesian_233_jpg.rf.0fb25a1c4f9d332c694066644a873704.jpg,holstein-friesian,DS08,False,True,channel_analysis,0.0
D:\Projects\Federated_Learning\Master-Dataset\master_dataset\holstein-friesian\DS08__Holstein_Friesian_234_jpg.rf.bc13023f381e3e02f233b17d2adbeac8.jpg,holstein-friesian,DS08,False,True,channel_analysis,0.0
D:\Projects\Federated_Learning\Master-Dataset\master_dataset\holstein-friesian\DS08__Holstein_Friesian_235_jpg.rf.d18ab6e513f73d8d86d41936a2192fbb.jpg,holstein-friesian,DS08,False,True,channel_analysis,0.0
D:\Projects\Federated_Learning\Master-Dataset\master_dataset\holstein-friesian\DS08__Holstein_Friesian_236_jpg.rf.a8e9720516ca37f16749d9e9b1a49610.jpg,holstein-friesian,DS08,False,True,channel_analysis,0.0
D:\Projects\Federated_Learning\Master-Dataset\master_dataset\holstein-friesian\DS08__Holstein_Friesian_237_jpg.rf.dc066310d54db57a0f1f704f74b4ae61.jpg,holstein-friesian,DS08,False,True,channel_analysis,0.0
D:\Projects\Federated_Learning\Master-Dataset\master_dataset\holstein-friesian\DS08__Holstein_Friesian_238_jpg.rf.a334224eed84e181408cc03e4dc03cf2.jpg,holstein-friesian,DS08,False,True,channel_analysis,0.0
D:\Projects\Federated_Learning\Master-Dataset\master_dataset\holstein-friesian\DS08__Holstein_Friesian_239_jpg.rf.455a293241e69d239c339482da66ecaf.jpg,holstein-friesian,DS08,False,True,channel_analysis,0.0
D:\Projects\Federated_Learning\Master-Dataset\master_dataset\holstein-friesian\DS08__Holstein_Friesian_23_jpg.rf.0a1aa402493f656ebd590d6c3af30f36.jpg,holstein-friesian,DS08,False,True,channel_analysis,0.0
D:\Projects\Federated_Learning\Master-Dataset\master_dataset\holstein-friesian\DS08__Holstein_Friesian_240_jpg.rf.cc561372be6e9c2804a2b4ce79cf24f1.jpg,holstein-friesian,DS08,False,True,channel_analysis,0.0
D:\Projects\Federated_Learning\Master-Dataset\master_dataset\holstein-friesian\DS08__Holstein_Friesian_241_jpg.rf.68c61c03dfe812d55d19e78854775a89.jpg,holstein-friesian,DS08,False,True,channel_analysis,0.0
D:\Projects\Federated_Learning\Master-Dataset\master_dataset\holstein-friesian\DS08__Holstein_Friesian_242_jpg.rf.a2ccce32234da1c80701001f219e95a9.jpg,holstein-friesian,DS08,False,True,channel_analysis,0.0
D:\Projects\Federated_Learning\Master-Dataset\master_dataset\holstein-friesian\DS08__Holstein_Friesian_243_jpg.rf.3cf36e21b202c4d2eb83176d51b13bdf.jpg,holstein-friesian,DS08,False,True,channel_analysis,0.0
D:\Projects\Federated_Learning\Master-Dataset\master_dataset\holstein-friesian\DS08__Holstein_Friesian_244_jpg.rf.dd853a31789cd0d7136cdbd33f2a459a.jpg,holstein-friesian,DS08,False,True,channel_analysis,0.0
D:\Projects\Federated_Learning\Master-Dataset\master_dataset\holstein-friesian\DS08__Holstein_Friesian_245_jpg.rf.ede0b193c6a399e40ac4550971b9fb69.jpg,holstein-friesian,DS08,False,True,channel_analysis,0.0
D:\Projects\Federated_Learning\Master-Dataset\master_dataset\holstein-friesian\DS08__Holstein_Friesian_246_jpg.rf.bb99950a81794c474f163a951a3dc315.jpg,holstein-friesian,DS08,False,True,channel_analysis,0.0
D:\Projects\Federated_Learning\Master-Dataset\master_dataset\holstein-friesian\DS08__Holstein_Friesian_247_jpg.rf.a714da2a8ad8701f91f86761298ddf82.jpg,holstein-friesian,DS08,False,True,channel_analysis,0.0
D:\Projects\Federated_Learning\Master-Dataset\master_dataset\holstein-friesian\DS08__Holstein_Friesian_248_jpg.rf.8372aff0b5f3e27e4ed58156a716bd62.jpg,holstein-friesian,DS08,False,True,channel_analysis,0.0
D:\Projects\Federated_Learning\Master-Dataset\master_dataset\holstein-friesian\DS08__Holstein_Friesian_249_jpg.rf.b8cecc7649c13d8d9cea3695d71274b9.jpg,holstein-friesian,DS08,False,True,channel_analysis,0.0
D:\Projects\Federated_Learning\Master-Dataset\master_dataset\holstein-friesian\DS08__Holstein_Friesian_24_jpg.rf.5e27f67bf1444b7f3818f2f368054ff2.jpg,holstein-friesian,DS08,False,True,channel_analysis,0.0
D:\Projects\Federated_Learning\Master-Dataset\master_dataset\holstein-friesian\DS08__Holstein_Friesian_250_jpg.rf.b896054aaa4e0d51fa4030507f0dfd63.jpg,holstein-friesian,DS08,False,True,channel_analysis,0.0
D:\Projects\Federated_Learning\Master-Dataset\master_dataset\holstein-friesian\DS08__Holstein_Friesian_251_jpg.rf.498146d5860166234d874132595ca9ad.jpg,holstein-friesian,DS08,False,True,channel_analysis,0.0
D:\Projects\Federated_Learning\Master-Dataset\master_dataset\holstein-friesian\DS08__Holstein_Friesian_252_jpg.rf.667166d499a255ad30284543fa965366.jpg,holstein-friesian,DS08,False,True,channel_analysis,0.0
D:\Projects\Federated_Learning\Master-Dataset\master_dataset\holstein-friesian\DS08__Holstein_Friesian_253_jpg.rf.f27a0ac2857fa1b514e6eaa747ec71a8.jpg,holstein-friesian,DS08,False,True,channel_analysis,0.0
D:\Projects\Federated_Learning\Master-Dataset\master_dataset\holstein-friesian\DS08__Holstein_Friesian_254_jpg.rf.ca71a86e0ab2297cae4dcc5918e6e38f.jpg,holstein-friesian,DS08,False,True,channel_analysis,0.0
D:\Projects\Federated_Learning\Master-Dataset\master_dataset\holstein-friesian\DS08__Holstein_Friesian_255_jpg.rf.671bb89eb145f9482aaae62b9748e55b.jpg,holstein-friesian,DS08,False,True,channel_analysis,0.0
D:\Projects\Federated_Learning\Master-Dataset\master_dataset\holstein-friesian\DS08__Holstein_Friesian_256_jpg.rf.3d1eb5527019dcf19c042d987c5b060e.jpg,holstein-friesian,DS08,False,True,channel_analysis,0.0
D:\Projects\Federated_Learning\Master-Dataset\master_dataset\holstein-friesian\DS08__Holstein_Friesian_257_jpg.rf.9e9dfddb221365a41673807cb1a93489.jpg,holstein-friesian,DS08,False,True,channel_analysis,0.0
D:\Projects\Federated_Learning\Master-Dataset\master_dataset\holstein-friesian\DS08__Holstein_Friesian_258_jpg.rf.7eddc4eca412e2d1227ed07e19a739ff.jpg,holstein-friesian,DS08,False,True,channel_analysis,0.0
D:\Projects\Federated_Learning\Master-Dataset\master_dataset\holstein-friesian\DS08__Holstein_Friesian_259_jpg.rf.3b87943e051d05845c791f8a4c760095.jpg,holstein-friesian,DS08,False,True,channel_analysis,0.0
D:\Projects\Federated_Learning\Master-Dataset\master_dataset\holstein-friesian\DS08__Holstein_Friesian_25_jpg.rf.3970efe4d0a560a85b22a5642408b1fc.jpg,holstein-friesian,DS08,False,True,channel_analysis,0.0
D:\Projects\Federated_Learning\Master-Dataset\master_dataset\holstein-friesian\DS08__Holstein_Friesian_260_jpg.rf.d70847360efbfae21cad21a5afea03df.jpg,holstein-friesian,DS08,False,True,channel_analysis,0.0
D:\Projects\Federated_Learning\Master-Dataset\master_dataset\holstein-friesian\DS08__Holstein_Friesian_261_jpg.rf.be860972e81e28fb5703573ed64ac928.jpg,holstein-friesian,DS08,False,True,channel_analysis,0.0
D:\Projects\Federated_Learning\Master-Dataset\master_dataset\holstein-friesian\DS08__Holstein_Friesian_262_jpg.rf.7839eeedecf584dbf13ec637be0d6aa8.jpg,holstein-friesian,DS08,False,True,channel_analysis,0.0
D:\Projects\Federated_Learning\Master-Dataset\master_dataset\holstein-friesian\DS08__Holstein_Friesian_263_jpg.rf.668f76b707c029911b7ff67468a6c76a.jpg,holstein-friesian,DS08,False,True,channel_analysis,0.0
D:\Projects\Federated_Learning\Master-Dataset\master_dataset\holstein-friesian\DS08__Holstein_Friesian_264_jpg.rf.5fcdfe468d2ac6972e17b936978250f6.jpg,holstein-friesian,DS08,False,True,channel_analysis,0.0
D:\Projects\Federated_Learning\Master-Dataset\master_dataset\holstein-friesian\DS08__Holstein_Friesian_265_jpg.rf.5504e577206744f19dbfd91184850142.jpg,holstein-friesian,DS08,False,True,channel_analysis,0.0
D:\Projects\Federated_Learning\Master-Dataset\master_dataset\holstein-friesian\DS08__Holstein_Friesian_266_jpg.rf.18d7e8060886c2a07af41e25c9eb8210.jpg,holstein-friesian,DS08,False,True,channel_analysis,0.0
D:\Projects\Federated_Learning\Master-Dataset\master_dataset\holstein-friesian\DS08__Holstein_Friesian_267_jpg.rf.319f66f00299fb309123d163b59fe4ea.jpg,holstein-friesian,DS08,False,True,channel_analysis,0.0
D:\Projects\Federated_Learning\Master-Dataset\master_dataset\holstein-friesian\DS08__Holstein_Friesian_268_jpg.rf.a4c4ee870bfc034ba6f4edca1ea0a6fd.jpg,holstein-friesian,DS08,False,True,channel_analysis,0.0
D:\Projects\Federated_Learning\Master-Dataset\master_dataset\holstein-friesian\DS08__Holstein_Friesian_269_jpg.rf.f6fdba667db27418d6ed56ec5a5172ce.jpg,holstein-friesian,DS08,False,True,channel_analysis,0.0
D:\Projects\Federated_Learning\Master-Dataset\master_dataset\holstein-friesian\DS08__Holstein_Friesian_26_jpg.rf.b6511c18d8a2a3ea26a643be1c826da0.jpg,holstein-friesian,DS08,False,True,channel_analysis,0.0
D:\Projects\Federated_Learning\Master-Dataset\master_dataset\holstein-friesian\DS08__Holstein_Friesian_270_jpg.rf.1c9b95a406542d4ea0fe628b6bcd60ea.jpg,holstein-friesian,DS08,False,True,channel_analysis,0.0
D:\Projects\Federated_Learning\Master-Dataset\master_dataset\holstein-friesian\DS08__Holstein_Friesian_271_jpg.rf.a6202340d68b400ed73b1769342e973d.jpg,holstein-friesian,DS08,False,True,channel_analysis,0.0
D:\Projects\Federated_Learning\Master-Dataset\master_dataset\holstein-friesian\DS08__Holstein_Friesian_272_jpg.rf.344caa13db713ad350a2e89b56eebcfc.jpg,holstein-friesian,DS08,False,True,channel_analysis,0.0
D:\Projects\Federated_Learning\Master-Dataset\master_dataset\holstein-friesian\DS08__Holstein_Friesian_273_jpg.rf.9bce2e6063abb926a7135db0ea030589.jpg,holstein-friesian,DS08,False,True,channel_analysis,0.0
D:\Projects\Federated_Learning\Master-Dataset\master_dataset\holstein-friesian\DS08__Holstein_Friesian_274_jpg.rf.bea8e3ca5c6f0cea8fcca99b99e6cadd.jpg,holstein-friesian,DS08,False,True,channel_analysis,0.0
D:\Projects\Federated_Learning\Master-Dataset\master_dataset\holstein-friesian\DS08__Holstein_Friesian_275_jpg.rf.1d700916309306ee81264d0689ebb035.jpg,holstein-friesian,DS08,False,True,channel_analysis,0.0
D:\Projects\Federated_Learning\Master-Dataset\master_dataset\holstein-friesian\DS08__Holstein_Friesian_276_jpg.rf.1e70e4076e750bc32a6b48b7b2112f60.jpg,holstein-friesian,DS08,False,True,channel_analysis,0.0
D:\Projects\Federated_Learning\Master-Dataset\master_dataset\holstein-friesian\DS08__Holstein_Friesian_277_jpg.rf.f1608a9f13444f5446defff875c48b2a.jpg,holstein-friesian,DS08,False,True,channel_analysis,0.0
D:\Projects\Federated_Learning\Master-Dataset\master_dataset\holstein-friesian\DS08__Holstein_Friesian_278_jpg.rf.779ca2e5f09735ff2044c0f2c19827bc.jpg,holstein-friesian,DS08,False,True,channel_analysis,0.0
D:\Projects\Federated_Learning\Master-Dataset\master_dataset\holstein-friesian\DS08__Holstein_Friesian_279_jpg.rf.1a65195639e071f17970e32ad8d1373f.jpg,holstein-friesian,DS08,False,True,channel_analysis,0.0
D:\Projects\Federated_Learning\Master-Dataset\master_dataset\holstein-friesian\DS08__Holstein_Friesian_27_jpg.rf.75fdda3e33da25ba7e34db94e2159374.jpg,holstein-friesian,DS08,False,True,channel_analysis,0.0
D:\Projects\Federated_Learning\Master-Dataset\master_dataset\holstein-friesian\DS08__Holstein_Friesian_280_jpg.rf.740347d1ccf5d5838a76182a06fa6b70.jpg,holstein-friesian,DS08,False,True,channel_analysis,0.0
D:\Projects\Federated_Learning\Master-Dataset\master_dataset\holstein-friesian\DS08__Holstein_Friesian_281_jpg.rf.07eb7251851e7b4cdb24e465c4159150.jpg,holstein-friesian,DS08,False,True,channel_analysis,0.0
D:\Projects\Federated_Learning\Master-Dataset\master_dataset\holstein-friesian\DS08__Holstein_Friesian_282_jpg.rf.7655c256ab32ec823b7e39ece2cb4a53.jpg,holstein-friesian,DS08,False,True,channel_analysis,0.0
D:\Projects\Federated_Learning\Master-Dataset\master_dataset\holstein-friesian\DS08__Holstein_Friesian_283_jpg.rf.1c65119087e49214fa4047b8063138ce.jpg,holstein-friesian,DS08,False,True,channel_analysis,0.0
D:\Projects\Federated_Learning\Master-Dataset\master_dataset\holstein-friesian\DS08__Holstein_Friesian_284_jpg.rf.da6bc60abd5f036487d9c4f7d03c25d4.jpg,holstein-friesian,DS08,False,True,channel_analysis,0.0
D:\Projects\Federated_Learning\Master-Dataset\master_dataset\holstein-friesian\DS08__Holstein_Friesian_285_jpg.rf.823afba32b91ee5af36e753e3affe943.jpg,holstein-friesian,DS08,False,True,channel_analysis,0.0
D:\Projects\Federated_Learning\Master-Dataset\master_dataset\holstein-friesian\DS08__Holstein_Friesian_286_jpg.rf.b0a53e870ab98614877c1a42fc834e85.jpg,holstein-friesian,DS08,False,True,channel_analysis,0.0
D:\Projects\Federated_Learning\Master-Dataset\master_dataset\holstein-friesian\DS08__Holstein_Friesian_287_jpg.rf.85a79202c681ee371ef0b48112ca0f7c.jpg,holstein-friesian,DS08,False,True,channel_analysis,0.0
D:\Projects\Federated_Learning\Master-Dataset\master_dataset\holstein-friesian\DS08__Holstein_Friesian_288_jpg.rf.733de69b901165c5369d8e59056f89bd.jpg,holstein-friesian,DS08,False,True,channel_analysis,0.0
D:\Projects\Federated_Learning\Master-Dataset\master_dataset\holstein-friesian\DS08__Holstein_Friesian_289_jpg.rf.4694c2407caa4a8bf1f4bc01eaf6f5a1.jpg,holstein-friesian,DS08,False,True,channel_analysis,0.0
D:\Projects\Federated_Learning\Master-Dataset\master_dataset\holstein-friesian\DS08__Holstein_Friesian_28_jpg.rf.51bf823b830a02e748df7e910fe3071c.jpg,holstein-friesian,DS08,False,True,channel_analysis,0.0
D:\Projects\Federated_Learning\Master-Dataset\master_dataset\holstein-friesian\DS08__Holstein_Friesian_290_jpg.rf.f4500dc88c1ae5db459241d8349956f7.jpg,holstein-friesian,DS08,False,True,channel_analysis,0.0
D:\Projects\Federated_Learning\Master-Dataset\master_dataset\holstein-friesian\DS08__Holstein_Friesian_291_jpg.rf.89eb246f8ce225f3f63e9ada4a4393aa.jpg,holstein-friesian,DS08,False,True,channel_analysis,0.0
D:\Projects\Federated_Learning\Master-Dataset\master_dataset\holstein-friesian\DS08__Holstein_Friesian_292_jpg.rf.94398949b880b4d3e3c39a4c19035e18.jpg,holstein-friesian,DS08,False,True,channel_analysis,0.0
D:\Projects\Federated_Learning\Master-Dataset\master_dataset\holstein-friesian\DS08__Holstein_Friesian_293_jpg.rf.b3946953fffb5d43d1e1fb4c967d97d2.jpg,holstein-friesian,DS08,False,True,channel_analysis,0.0
D:\Projects\Federated_Learning\Master-Dataset\master_dataset\holstein-friesian\DS08__Holstein_Friesian_294_jpg.rf.9b446a270be87af3c1884cf838fa9073.jpg,holstein-friesian,DS08,False,True,channel_analysis,0.0
D:\Projects\Federated_Learning\Master-Dataset\master_dataset\holstein-friesian\DS08__Holstein_Friesian_295_jpg.rf.028b22ee2a5c6346298c868aac0c1dcf.jpg,holstein-friesian,DS08,False,True,channel_analysis,0.0
D:\Projects\Federated_Learning\Master-Dataset\master_dataset\holstein-friesian\DS08__Holstein_Friesian_296_jpg.rf.35882e16827c8712b57505bee268149c.jpg,holstein-friesian,DS08,False,True,channel_analysis,0.0
D:\Projects\Federated_Learning\Master-Dataset\master_dataset\holstein-friesian\DS08__Holstein_Friesian_297_jpg.rf.9aa774f69438a733554b16de4879ad2b.jpg,holstein-friesian,DS08,False,True,channel_analysis,0.0
D:\Projects\Federated_Learning\Master-Dataset\master_dataset\holstein-friesian\DS08__Holstein_Friesian_298_jpg.rf.2d0591b6c62afe67a2a9f9943c7d10c0.jpg,holstein-friesian,DS08,False,True,channel_analysis,0.0
D:\Projects\Federated_Learning\Master-Dataset\master_dataset\holstein-friesian\DS08__Holstein_Friesian_299_jpg.rf.2b69ae0faace435a328f0fddcbd231ac.jpg,holstein-friesian,DS08,False,True,channel_analysis,0.0
D:\Projects\Federated_Learning\Master-Dataset\master_dataset\holstein-friesian\DS08__Holstein_Friesian_29_jpg.rf.fac5420db08f589beabcfb8bc51e421c.jpg,holstein-friesian,DS08,False,True,channel_analysis,0.0
D:\Projects\Federated_Learning\Master-Dataset\master_dataset\holstein-friesian\DS08__Holstein_Friesian_2_jpg.rf.7b0d1c3220e925dbe42c1aa906e2cfe3.jpg,holstein-friesian,DS08,False,True,channel_analysis,0.0
D:\Projects\Federated_Learning\Master-Dataset\master_dataset\holstein-friesian\DS08__Holstein_Friesian_300_jpg.rf.e252dcb2b8c93a0cbfb77a13682d4804.jpg,holstein-friesian,DS08,False,True,channel_analysis,0.0
D:\Projects\Federated_Learning\Master-Dataset\master_dataset\holstein-friesian\DS08__Holstein_Friesian_301_jpg.rf.c9785aad1299c1ed626d5a4915364708.jpg,holstein-friesian,DS08,False,True,channel_analysis,0.0
D:\Projects\Federated_Learning\Master-Dataset\master_dataset\holstein-friesian\DS08__Holstein_Friesian_302_jpg.rf.2b117b02dee89d0404f055b6d7af9b4c.jpg,holstein-friesian,DS08,False,True,channel_analysis,0.0
D:\Projects\Federated_Learning\Master-Dataset\master_dataset\holstein-friesian\DS08__Holstein_Friesian_303_jpg.rf.85e6da242938489ab4532b91029bf742.jpg,holstein-friesian,DS08,False,True,channel_analysis,0.0
D:\Projects\Federated_Learning\Master-Dataset\master_dataset\holstein-friesian\DS08__Holstein_Friesian_304_jpg.rf.d2645f496240759b4038b3d81a4229c9.jpg,holstein-friesian,DS08,False,True,channel_analysis,0.0
D:\Projects\Federated_Learning\Master-Dataset\master_dataset\holstein-friesian\DS08__Holstein_Friesian_305_jpg.rf.d26ec7d88b0f413ae8579121793dff43.jpg,holstein-friesian,DS08,False,True,channel_analysis,0.0
D:\Projects\Federated_Learning\Master-Dataset\master_dataset\holstein-friesian\DS08__Holstein_Friesian_306_jpg.rf.fc5d50d4ff2ef3c377fb912b906960c9.jpg,holstein-friesian,DS08,False,True,channel_analysis,0.0
D:\Projects\Federated_Learning\Master-Dataset\master_dataset\holstein-friesian\DS08__Holstein_Friesian_307_jpg.rf.76d98faef0d08aa44cc8d2f5a6d358eb.jpg,holstein-friesian,DS08,False,True,channel_analysis,0.0
D:\Projects\Federated_Learning\Master-Dataset\master_dataset\holstein-friesian\DS08__Holstein_Friesian_308_jpg.rf.d7add183cb8802380d47a3dd7faf6963.jpg,holstein-friesian,DS08,False,True,channel_analysis,0.0
D:\Projects\Federated_Learning\Master-Dataset\master_dataset\holstein-friesian\DS08__Holstein_Friesian_309_jpg.rf.3cb5938c79835cc82f437298d6f2671b.jpg,holstein-friesian,DS08,False,True,channel_analysis,0.0
D:\Projects\Federated_Learning\Master-Dataset\master_dataset\holstein-friesian\DS08__Holstein_Friesian_30_jpg.rf.d823708f3e6887b1c9f57303f472c759.jpg,holstein-friesian,DS08,False,True,channel_analysis,0.0
D:\Projects\Federated_Learning\Master-Dataset\master_dataset\holstein-friesian\DS08__Holstein_Friesian_310_jpg.rf.34a1bca6e58ceed9a8c79cce87c36298.jpg,holstein-friesian,DS08,False,True,channel_analysis,0.0
D:\Projects\Federated_Learning\Master-Dataset\master_dataset\holstein-friesian\DS08__Holstein_Friesian_311_png.rf.68b8cdc40b7940f31526a19745229ae4.jpg,holstein-friesian,DS08,False,True,channel_analysis,0.0
D:\Projects\Federated_Learning\Master-Dataset\master_dataset\holstein-friesian\DS08__Holstein_Friesian_312_jpg.rf.0f398349aed397cdb9c130627e7fa1ba.jpg,holstein-friesian,DS08,False,True,channel_analysis,0.0
D:\Projects\Federated_Learning\Master-Dataset\master_dataset\holstein-friesian\DS08__Holstein_Friesian_313_jpg.rf.152d6232eee1efff97ee06fdd480a0b9.jpg,holstein-friesian,DS08,False,True,channel_analysis,0.0
D:\Projects\Federated_Learning\Master-Dataset\master_dataset\holstein-friesian\DS08__Holstein_Friesian_314_jpg.rf.7a62df4f8edc81208943d1c03be6f14a.jpg,holstein-friesian,DS08,False,True,channel_analysis,0.0
D:\Projects\Federated_Learning\Master-Dataset\master_dataset\holstein-friesian\DS08__Holstein_Friesian_315_jpg.rf.94667655ba81b104d9c39b5d8c85a60f.jpg,holstein-friesian,DS08,False,True,channel_analysis,0.0
D:\Projects\Federated_Learning\Master-Dataset\master_dataset\holstein-friesian\DS08__Holstein_Friesian_316_jpg.rf.bbd09fa22b041bc93ba4581b025e2543.jpg,holstein-friesian,DS08,False,True,channel_analysis,0.0
D:\Projects\Federated_Learning\Master-Dataset\master_dataset\holstein-friesian\DS08__Holstein_Friesian_317_jpg.rf.06104eabff224488c313ebd89ee37fc5.jpg,holstein-friesian,DS08,False,True,channel_analysis,0.0
D:\Projects\Federated_Learning\Master-Dataset\master_dataset\holstein-friesian\DS08__Holstein_Friesian_318_jpg.rf.aaa4c6e9cffb2f22a8fd8210ca892922.jpg,holstein-friesian,DS08,False,True,channel_analysis,0.0
D:\Projects\Federated_Learning\Master-Dataset\master_dataset\holstein-friesian\DS08__Holstein_Friesian_319_jpg.rf.d7464bea29713f95bae5507c1fcb1159.jpg,holstein-friesian,DS08,False,True,channel_analysis,0.0
D:\Projects\Federated_Learning\Master-Dataset\master_dataset\holstein-friesian\DS08__Holstein_Friesian_31_jpg.rf.8907970b695c622a1dd00ae2220701eb.jpg,holstein-friesian,DS08,False,True,channel_analysis,0.0
D:\Projects\Federated_Learning\Master-Dataset\master_dataset\holstein-friesian\DS08__Holstein_Friesian_321_jpg.rf.a5337af0e1502197d673a9b972cbccd3.jpg,holstein-friesian,DS08,False,True,channel_analysis,0.0
D:\Projects\Federated_Learning\Master-Dataset\master_dataset\holstein-friesian\DS08__Holstein_Friesian_322_jpg.rf.aa7d40bc3b8ccbbab7403bf6eebf09e5.jpg,holstein-friesian,DS08,False,True,channel_analysis,0.0
D:\Projects\Federated_Learning\Master-Dataset\master_dataset\holstein-friesian\DS08__Holstein_Friesian_323_jpg.rf.552ced8f97739014664493cd6faa5438.jpg,holstein-friesian,DS08,False,True,channel_analysis,0.0
D:\Projects\Federated_Learning\Master-Dataset\master_dataset\holstein-friesian\DS08__Holstein_Friesian_324_jpg.rf.5b3bd5e49925abfcfa80bc32c14dbebd.jpg,holstein-friesian,DS08,False,True,channel_analysis,0.0
D:\Projects\Federated_Learning\Master-Dataset\master_dataset\holstein-friesian\DS08__Holstein_Friesian_325_jpg.rf.83b520404b64c1fbe2ff91e5504559c4.jpg,holstein-friesian,DS08,False,True,channel_analysis,0.0
D:\Projects\Federated_Learning\Master-Dataset\master_dataset\holstein-friesian\DS08__Holstein_Friesian_326_jpg.rf.5d52528495022d89d9e26393850e4b68.jpg,holstein-friesian,DS08,False,True,channel_analysis,0.0
D:\Projects\Federated_Learning\Master-Dataset\master_dataset\holstein-friesian\DS08__Holstein_Friesian_327_jpg.rf.b7fe9e496500a55680a488911b9c9660.jpg,holstein-friesian,DS08,False,True,channel_analysis,0.0
D:\Projects\Federated_Learning\Master-Dataset\master_dataset\holstein-friesian\DS08__Holstein_Friesian_328_jpg.rf.3af1145a281ea893d8e001e439d20e44.jpg,holstein-friesian,DS08,False,True,channel_analysis,0.0
D:\Projects\Federated_Learning\Master-Dataset\master_dataset\holstein-friesian\DS08__Holstein_Friesian_32_jpg.rf.2fcc12a3e16d53eb3daa7b68a0bd020f.jpg,holstein-friesian,DS08,False,True,channel_analysis,0.0
D:\Projects\Federated_Learning\Master-Dataset\master_dataset\holstein-friesian\DS08__Holstein_Friesian_33_jpg.rf.73a71a166fe4a52efb47ea9b28f653d0.jpg,holstein-friesian,DS08,False,True,channel_analysis,0.0
D:\Projects\Federated_Learning\Master-Dataset\master_dataset\holstein-friesian\DS08__Holstein_Friesian_34_jpg.rf.15b5956299c7612ef141489726f29599.jpg,holstein-friesian,DS08,False,True,channel_analysis,0.0
D:\Projects\Federated_Learning\Master-Dataset\master_dataset\holstein-friesian\DS08__Holstein_Friesian_35_jpg.rf.31c3115392b5f7adc503a56424ee59e8.jpg,holstein-friesian,DS08,False,True,channel_analysis,0.0
D:\Projects\Federated_Learning\Master-Dataset\master_dataset\holstein-friesian\DS08__Holstein_Friesian_36_jpg.rf.ab291d3c44a5ab123bad9462d4b81c0d.jpg,holstein-friesian,DS08,False,True,channel_analysis,0.0
D:\Projects\Federated_Learning\Master-Dataset\master_dataset\holstein-friesian\DS08__Holstein_Friesian_37_jpg.rf.d5211b024c84a895285430a958811e7c.jpg,holstein-friesian,DS08,False,True,channel_analysis,0.0
D:\Projects\Federated_Learning\Master-Dataset\master_dataset\holstein-friesian\DS08__Holstein_Friesian_38_jpg.rf.c3e0cab3ac9d59f94f805fbc15e52151.jpg,holstein-friesian,DS08,False,True,channel_analysis,0.0
D:\Projects\Federated_Learning\Master-Dataset\master_dataset\holstein-friesian\DS08__Holstein_Friesian_39_jpg.rf.23f0c22b47640cabbcd13ea0431971ba.jpg,holstein-friesian,DS08,False,True,channel_analysis,0.0
D:\Projects\Federated_Learning\Master-Dataset\master_dataset\holstein-friesian\DS08__Holstein_Friesian_3_jpg.rf.144274a22071e5aec9fec1a786fa18dd.jpg,holstein-friesian,DS08,False,True,channel_analysis,0.0
D:\Projects\Federated_Learning\Master-Dataset\master_dataset\holstein-friesian\DS08__Holstein_Friesian_40_jpg.rf.febec235c60603f5ec1c2916489de3c8.jpg,holstein-friesian,DS08,False,True,channel_analysis,0.0
D:\Projects\Federated_Learning\Master-Dataset\master_dataset\holstein-friesian\DS08__Holstein_Friesian_41_jpg.rf.d7f0b4cb1fd388aa71da4fcc9ead92bd.jpg,holstein-friesian,DS08,False,True,channel_analysis,0.0
D:\Projects\Federated_Learning\Master-Dataset\master_dataset\holstein-friesian\DS08__Holstein_Friesian_42_jpg.rf.84e4cc55bb5f4ab8afd6d93f388a7237.jpg,holstein-friesian,DS08,False,True,channel_analysis,0.0
D:\Projects\Federated_Learning\Master-Dataset\master_dataset\holstein-friesian\DS08__Holstein_Friesian_43_jpg.rf.7e4d7d7b1d396c264e8e12ab180e3fd3.jpg,holstein-friesian,DS08,False,True,channel_analysis,0.0
D:\Projects\Federated_Learning\Master-Dataset\master_dataset\holstein-friesian\DS08__Holstein_Friesian_44_jpg.rf.b25b7cbde415ab8aef6154911ec5ff3e.jpg,holstein-friesian,DS08,False,True,channel_analysis,0.0
D:\Projects\Federated_Learning\Master-Dataset\master_dataset\holstein-friesian\DS08__Holstein_Friesian_45_jpg.rf.5faeed6814a5ebab42689449862ef813.jpg,holstein-friesian,DS08,False,True,channel_analysis,0.0
D:\Projects\Federated_Learning\Master-Dataset\master_dataset\holstein-friesian\DS08__Holstein_Friesian_46_jpg.rf.9da211a4548c48554ceb3ef2b0849e40.jpg,holstein-friesian,DS08,False,True,channel_analysis,0.0
D:\Projects\Federated_Learning\Master-Dataset\master_dataset\holstein-friesian\DS08__Holstein_Friesian_47_jpg.rf.1f7a0df9d6b68d8d023de04e97004856.jpg,holstein-friesian,DS08,False,True,channel_analysis,0.0
D:\Projects\Federated_Learning\Master-Dataset\master_dataset\holstein-friesian\DS08__Holstein_Friesian_48_jpg.rf.3f051e14d5899b35180bfa469769856c.jpg,holstein-friesian,DS08,False,True,channel_analysis,0.0
D:\Projects\Federated_Learning\Master-Dataset\master_dataset\holstein-friesian\DS08__Holstein_Friesian_49_jpg.rf.d0759c37c304be1f52328e6b259964c9.jpg,holstein-friesian,DS08,False,True,channel_analysis,0.0
D:\Projects\Federated_Learning\Master-Dataset\master_dataset\holstein-friesian\DS08__Holstein_Friesian_4_jpg.rf.c61b434816847ea9be8a291dc4e8482e.jpg,holstein-friesian,DS08,False,True,channel_analysis,0.0
D:\Projects\Federated_Learning\Master-Dataset\master_dataset\holstein-friesian\DS08__Holstein_Friesian_50_jpg.rf.e6baa3d1521cb9dc272561cfc5e81516.jpg,holstein-friesian,DS08,False,True,channel_analysis,0.0
D:\Projects\Federated_Learning\Master-Dataset\master_dataset\holstein-friesian\DS08__Holstein_Friesian_51_jpg.rf.765f49f5279492063bd2ff42d2dea41a.jpg,holstein-friesian,DS08,False,True,channel_analysis,0.0
D:\Projects\Federated_Learning\Master-Dataset\master_dataset\holstein-friesian\DS08__Holstein_Friesian_52_jpg.rf.949b564222ac4dd97f38c1f198174d03.jpg,holstein-friesian,DS08,False,True,channel_analysis,0.0
D:\Projects\Federated_Learning\Master-Dataset\master_dataset\holstein-friesian\DS08__Holstein_Friesian_53_jpg.rf.15c64d1bea3774be789edf5bfe5502aa.jpg,holstein-friesian,DS08,False,True,channel_analysis,0.0
D:\Projects\Federated_Learning\Master-Dataset\master_dataset\holstein-friesian\DS08__Holstein_Friesian_54_jpg.rf.1b608796091e3b478c3bcefc7b8775bf.jpg,holstein-friesian,DS08,False,True,channel_analysis,0.0
D:\Projects\Federated_Learning\Master-Dataset\master_dataset\holstein-friesian\DS08__Holstein_Friesian_55_jpg.rf.6ff8e9f2d75dfed168274ab4673a0b77.jpg,holstein-friesian,DS08,False,True,channel_analysis,0.0
D:\Projects\Federated_Learning\Master-Dataset\master_dataset\holstein-friesian\DS08__Holstein_Friesian_56_jpg.rf.dd2c5270a639f42f3367ae158ff58059.jpg,holstein-friesian,DS08,False,True,channel_analysis,0.0
D:\Projects\Federated_Learning\Master-Dataset\master_dataset\holstein-friesian\DS08__Holstein_Friesian_57_jpg.rf.ec8b398b9a6d45fbb708747e6f5960e8.jpg,holstein-friesian,DS08,False,True,channel_analysis,0.0
D:\Projects\Federated_Learning\Master-Dataset\master_dataset\holstein-friesian\DS08__Holstein_Friesian_58_jpg.rf.6b77a32b49e40d0f9d558fcbb45f9693.jpg,holstein-friesian,DS08,False,True,channel_analysis,0.0
D:\Projects\Federated_Learning\Master-Dataset\master_dataset\holstein-friesian\DS08__Holstein_Friesian_59_jpg.rf.7cfb7cc3caaf50ad8639665a00134a58.jpg,holstein-friesian,DS08,False,True,channel_analysis,0.0
D:\Projects\Federated_Learning\Master-Dataset\master_dataset\holstein-friesian\DS08__Holstein_Friesian_5_jpg.rf.4117af3d3d20258295b3a6d469bbcae7.jpg,holstein-friesian,DS08,False,True,channel_analysis,0.0
D:\Projects\Federated_Learning\Master-Dataset\master_dataset\holstein-friesian\DS08__Holstein_Friesian_60_jpg.rf.e01d0bd3e7010d36de310741326520cc.jpg,holstein-friesian,DS08,False,True,channel_analysis,0.0
D:\Projects\Federated_Learning\Master-Dataset\master_dataset\holstein-friesian\DS08__Holstein_Friesian_61_jpg.rf.32c29334f0f8473388e2f775b37657c2.jpg,holstein-friesian,DS08,False,True,channel_analysis,0.0
D:\Projects\Federated_Learning\Master-Dataset\master_dataset\holstein-friesian\DS08__Holstein_Friesian_62_jpg.rf.d553c09dbdbf8ce56715529bc3778a9b.jpg,holstein-friesian,DS08,False,True,channel_analysis,0.0
D:\Projects\Federated_Learning\Master-Dataset\master_dataset\holstein-friesian\DS08__Holstein_Friesian_63_jpg.rf.84fd302e917d3094399956c030185c80.jpg,holstein-friesian,DS08,False,True,channel_analysis,0.0
D:\Projects\Federated_Learning\Master-Dataset\master_dataset\holstein-friesian\DS08__Holstein_Friesian_64_jpg.rf.ecb8944ac60fe636986dad6749185f24.jpg,holstein-friesian,DS08,False,True,channel_analysis,0.0
D:\Projects\Federated_Learning\Master-Dataset\master_dataset\holstein-friesian\DS08__Holstein_Friesian_65_jpg.rf.30202f3a5127bd978ac739e1c1b67759.jpg,holstein-friesian,DS08,False,True,channel_analysis,0.0
D:\Projects\Federated_Learning\Master-Dataset\master_dataset\holstein-friesian\DS08__Holstein_Friesian_66_jpg.rf.eb443e22bebd169279bf891ea589c389.jpg,holstein-friesian,DS08,False,True,channel_analysis,0.0
D:\Projects\Federated_Learning\Master-Dataset\master_dataset\holstein-friesian\DS08__Holstein_Friesian_67_jpg.rf.2973747419b927974ffed45992ac9425.jpg,holstein-friesian,DS08,False,True,channel_analysis,0.0
D:\Projects\Federated_Learning\Master-Dataset\master_dataset\holstein-friesian\DS08__Holstein_Friesian_68_jpg.rf.ed27ae691d1a394ec8dc8c227a7b0a60.jpg,holstein-friesian,DS08,False,True,channel_analysis,0.0
D:\Projects\Federated_Learning\Master-Dataset\master_dataset\holstein-friesian\DS08__Holstein_Friesian_69_jpg.rf.9ebef0a440b55fbe137a158f2f9b8ccc.jpg,holstein-friesian,DS08,False,True,channel_analysis,0.0
D:\Projects\Federated_Learning\Master-Dataset\master_dataset\holstein-friesian\DS08__Holstein_Friesian_6_jpg.rf.38180c8ffc46e552221fd6737f94f3b4.jpg,holstein-friesian,DS08,False,True,channel_analysis,0.0
D:\Projects\Federated_Learning\Master-Dataset\master_dataset\holstein-friesian\DS08__Holstein_Friesian_70_jpg.rf.8588845541cd3dbd074321789119c4eb.jpg,holstein-friesian,DS08,False,True,channel_analysis,0.0
D:\Projects\Federated_Learning\Master-Dataset\master_dataset\holstein-friesian\DS08__Holstein_Friesian_71_jpg.rf.91430df841e138eb24e75a1d3877501a.jpg,holstein-friesian,DS08,False,True,channel_analysis,0.0
D:\Projects\Federated_Learning\Master-Dataset\master_dataset\holstein-friesian\DS08__Holstein_Friesian_72_jpg.rf.051277d15a677b3ebd19c38397a5fad1.jpg,holstein-friesian,DS08,False,True,channel_analysis,0.0
D:\Projects\Federated_Learning\Master-Dataset\master_dataset\holstein-friesian\DS08__Holstein_Friesian_73_jpg.rf.cd80f4a23a003c953b1501e550904a12.jpg,holstein-friesian,DS08,False,True,channel_analysis,0.0
D:\Projects\Federated_Learning\Master-Dataset\master_dataset\holstein-friesian\DS08__Holstein_Friesian_74_jpg.rf.a28008a19015d8f2efc9e1216ec5b4a5.jpg,holstein-friesian,DS08,False,True,channel_analysis,0.0
D:\Projects\Federated_Learning\Master-Dataset\master_dataset\holstein-friesian\DS08__Holstein_Friesian_75_jpg.rf.6f656571995c53428cb33fd037113d17.jpg,holstein-friesian,DS08,False,True,channel_analysis,0.0
D:\Projects\Federated_Learning\Master-Dataset\master_dataset\holstein-friesian\DS08__Holstein_Friesian_76_jpg.rf.c4d7d91ea72c1b1493e7e7965e98438a.jpg,holstein-friesian,DS08,False,True,channel_analysis,0.0
D:\Projects\Federated_Learning\Master-Dataset\master_dataset\holstein-friesian\DS08__Holstein_Friesian_77_jpg.rf.65965e06af7c33c7e45960334eb325e0.jpg,holstein-friesian,DS08,False,True,channel_analysis,0.0
D:\Projects\Federated_Learning\Master-Dataset\master_dataset\holstein-friesian\DS08__Holstein_Friesian_78_jpg.rf.9c3eb86573731db861644186f3e66e94.jpg,holstein-friesian,DS08,False,True,channel_analysis,0.0
D:\Projects\Federated_Learning\Master-Dataset\master_dataset\holstein-friesian\DS08__Holstein_Friesian_79_jpg.rf.ab999f9a728b1f703d461c6b741d49c0.jpg,holstein-friesian,DS08,False,True,channel_analysis,0.0
D:\Projects\Federated_Learning\Master-Dataset\master_dataset\holstein-friesian\DS08__Holstein_Friesian_7_jpg.rf.69f97e78163fd6e0207f3d5a7aa020b7.jpg,holstein-friesian,DS08,False,True,channel_analysis,0.0
D:\Projects\Federated_Learning\Master-Dataset\master_dataset\holstein-friesian\DS08__Holstein_Friesian_80_jpg.rf.b4c3fb1f58ef1527de4fec88b1d71f73.jpg,holstein-friesian,DS08,False,True,channel_analysis,0.0
D:\Projects\Federated_Learning\Master-Dataset\master_dataset\holstein-friesian\DS08__Holstein_Friesian_81_jpg.rf.1d4f101ee0658ee97d7437244c499f34.jpg,holstein-friesian,DS08,False,True,channel_analysis,0.0
D:\Projects\Federated_Learning\Master-Dataset\master_dataset\holstein-friesian\DS08__Holstein_Friesian_82_jpg.rf.201ec8de2976fc6c0d46cdb49acbe162.jpg,holstein-friesian,DS08,False,True,channel_analysis,0.0
D:\Projects\Federated_Learning\Master-Dataset\master_dataset\holstein-friesian\DS08__Holstein_Friesian_83_jpg.rf.8f4b02a202a487d1f218592ddad14ee1.jpg,holstein-friesian,DS08,False,True,channel_analysis,0.0
D:\Projects\Federated_Learning\Master-Dataset\master_dataset\holstein-friesian\DS08__Holstein_Friesian_84_1_jpg.rf.269c60db67e40389611f92d391f0b4dd.jpg,holstein-friesian,DS08,False,True,channel_analysis,0.0
D:\Projects\Federated_Learning\Master-Dataset\master_dataset\holstein-friesian\DS08__Holstein_Friesian_85_jpg.rf.26141c42a30713e19419de99ea922208.jpg,holstein-friesian,DS08,False,True,channel_analysis,0.0
D:\Projects\Federated_Learning\Master-Dataset\master_dataset\holstein-friesian\DS08__Holstein_Friesian_86_jpg.rf.ab3dba8761184c0ec85e21bccde53e36.jpg,holstein-friesian,DS08,False,True,channel_analysis,0.0
D:\Projects\Federated_Learning\Master-Dataset\master_dataset\holstein-friesian\DS08__Holstein_Friesian_87_jpg.rf.ff8997949c0a0020469a873aad563718.jpg,holstein-friesian,DS08,False,True,channel_analysis,0.0
D:\Projects\Federated_Learning\Master-Dataset\master_dataset\holstein-friesian\DS08__Holstein_Friesian_88_jpg.rf.80e606441fd4305e6965be6307a0abee.jpg,holstein-friesian,DS08,False,True,channel_analysis,0.0
D:\Projects\Federated_Learning\Master-Dataset\master_dataset\holstein-friesian\DS08__Holstein_Friesian_89_jpg.rf.2efeafc3381f344c13cc77c5a08d17b9.jpg,holstein-friesian,DS08,False,True,channel_analysis,0.0
D:\Projects\Federated_Learning\Master-Dataset\master_dataset\holstein-friesian\DS08__Holstein_Friesian_8_jpg.rf.af509ad6fa8fe81810d9e2dcff94de69.jpg,holstein-friesian,DS08,False,True,channel_analysis,0.0
D:\Projects\Federated_Learning\Master-Dataset\master_dataset\holstein-friesian\DS08__Holstein_Friesian_90_jpg.rf.b079cd8f006dace86fde08a51b14b1b8.jpg,holstein-friesian,DS08,False,True,channel_analysis,0.0
D:\Projects\Federated_Learning\Master-Dataset\master_dataset\holstein-friesian\DS08__Holstein_Friesian_91_jpg.rf.9391c2c0589d763001692a29cea13f2e.jpg,holstein-friesian,DS08,False,True,channel_analysis,0.0
D:\Projects\Federated_Learning\Master-Dataset\master_dataset\holstein-friesian\DS08__Holstein_Friesian_92_jpg.rf.dc4aa91d5f5e15855ab72d2ce27e771b.jpg,holstein-friesian,DS08,False,True,channel_analysis,0.0
D:\Projects\Federated_Learning\Master-Dataset\master_dataset\holstein-friesian\DS08__Holstein_Friesian_93_jpg.rf.1424ffe19a71284cc9233080e3d1883e.jpg,holstein-friesian,DS08,False,True,channel_analysis,0.0
D:\Projects\Federated_Learning\Master-Dataset\master_dataset\holstein-friesian\DS08__Holstein_Friesian_94_jpg.rf.dcf6d235fd1a5f2422103c4afce3ef06.jpg,holstein-friesian,DS08,False,True,channel_analysis,0.0
D:\Projects\Federated_Learning\Master-Dataset\master_dataset\holstein-friesian\DS08__Holstein_Friesian_95_jpg.rf.84975a8c7484df98aacc6d34f2b1c6b4.jpg,holstein-friesian,DS08,False,True,channel_analysis,0.0
D:\Projects\Federated_Learning\Master-Dataset\master_dataset\holstein-friesian\DS08__Holstein_Friesian_96_jpg.rf.879919a75d690438d6f869d5a2cbc554.jpg,holstein-friesian,DS08,False,True,channel_analysis,0.0
D:\Projects\Federated_Learning\Master-Dataset\master_dataset\holstein-friesian\DS08__Holstein_Friesian_97_jpg.rf.ee895d05a8c6cc43e009d599bd51b783.jpg,holstein-friesian,DS08,False,True,channel_analysis,0.0
D:\Projects\Federated_Learning\Master-Dataset\master_dataset\holstein-friesian\DS08__Holstein_Friesian_98_jpg.rf.c0c55e9a61f782858c5cf94beaac0b4b.jpg,holstein-friesian,DS08,False,True,channel_analysis,0.0
D:\Projects\Federated_Learning\Master-Dataset\master_dataset\holstein-friesian\DS08__Holstein_Friesian_99_jpg.rf.c6040359a8589fb97f13493f343e1823.jpg,holstein-friesian,DS08,False,True,channel_analysis,0.0
D:\Projects\Federated_Learning\Master-Dataset\master_dataset\holstein-friesian\DS08__Holstein_Friesian_9_jpg.rf.548036662f04d8dc33f9fa3371bbacd0.jpg,holstein-friesian,DS08,False,True,channel_analysis,0.0
D:\Projects\Federated_Learning\Master-Dataset\master_dataset\holstein-friesian\DS11__Holstein_Friesian_058.jpg,holstein-friesian,DS11,False,True,channel_analysis,7.24
D:\Projects\Federated_Learning\Master-Dataset\master_dataset\holstein-friesian\DS11__Holstein_Friesian_062.jpg,holstein-friesian,DS11,False,True,channel_analysis,6.17
D:\Projects\Federated_Learning\Master-Dataset\master_dataset\holstein-friesian\DS11__Holstein_Friesian_065.jpg,holstein-friesian,DS11,False,True,channel_analysis,1.42
D:\Projects\Federated_Learning\Master-Dataset\master_dataset\holstein-friesian\DS11__Holstein_Friesian_068.jpg,holstein-friesian,DS11,False,True,channel_analysis,6.54
D:\Projects\Federated_Learning\Master-Dataset\master_dataset\holstein-friesian\DS11__Holstein_Friesian_085.jpg,holstein-friesian,DS11,False,True,channel_analysis,3.3
D:\Projects\Federated_Learning\Master-Dataset\master_dataset\holstein-friesian\DS11__Holstein_Friesian_175.jpg,holstein-friesian,DS11,False,True,channel_analysis,6.47
D:\Projects\Federated_Learning\Master-Dataset\master_dataset\holstein-friesian\DS11__Holstein_Friesian_177.jpg,holstein-friesian,DS11,False,True,channel_analysis,5.69
D:\Projects\Federated_Learning\Master-Dataset\master_dataset\holstein-friesian\DS11__Holstein_Friesian_195.jpg,holstein-friesian,DS11,False,True,channel_analysis,6.81
D:\Projects\Federated_Learning\Master-Dataset\master_dataset\holstein-friesian\DS11__Holstein_Friesian_233.jpg,holstein-friesian,DS11,False,True,channel_analysis,0.0
D:\Projects\Federated_Learning\Master-Dataset\master_dataset\holstein-friesian\DS11__Holstein_Friesian_242.jpg,holstein-friesian,DS11,False,True,channel_analysis,5.74
D:\Projects\Federated_Learning\Master-Dataset\master_dataset\holstein-friesian\DS11__Holstein_Friesian_243.jpg,holstein-friesian,DS11,False,True,channel_analysis,5.81
D:\Projects\Federated_Learning\Master-Dataset\master_dataset\holstein-friesian\DS11__Holstein_Friesian_285.jpg,holstein-friesian,DS11,False,True,channel_analysis,7.4
D:\Projects\Federated_Learning\Master-Dataset\master_dataset\holstein-friesian\DS11__Holstein_Friesian_298.jpg,holstein-friesian,DS11,False,True,channel_analysis,5.72
D:\Projects\Federated_Learning\Master-Dataset\master_dataset\holstein-friesian\DS11__Holstein_Friesian_308.jpg,holstein-friesian,DS11,False,True,channel_analysis,5.85
D:\Projects\Federated_Learning\Master-Dataset\master_dataset\gir\DS03__Gir_102.jpg,gir,DS03,False,True,channel_analysis,7.65
D:\Projects\Federated_Learning\Master-Dataset\master_dataset\gir\DS03__Gir_125.jpg,gir,DS03,False,True,channel_analysis,7.7
D:\Projects\Federated_Learning\Master-Dataset\master_dataset\gir\DS03__Gir_163.png,gir,DS03,False,True,channel_analysis,7.64
D:\Projects\Federated_Learning\Master-Dataset\master_dataset\gir\DS03__Gir_20.png,gir,DS03,False,True,channel_analysis,4.19
D:\Projects\Federated_Learning\Master-Dataset\master_dataset\gir\DS03__Gir_208.jpg,gir,DS03,False,True,channel_analysis,6.65
D:\Projects\Federated_Learning\Master-Dataset\master_dataset\gir\DS03__Gir_295.jpg,gir,DS03,False,True,channel_analysis,5.27
D:\Projects\Federated_Learning\Master-Dataset\master_dataset\gir\DS03__Gir_365.jpg,gir,DS03,False,True,channel_analysis,6.06
D:\Projects\Federated_Learning\Master-Dataset\master_dataset\gir\DS03__Gir_56.png,gir,DS03,False,True,channel_analysis,6.72
D:\Projects\Federated_Learning\Master-Dataset\master_dataset\gir\DS03__Gir_67.jpg,gir,DS03,False,True,channel_analysis,7.73
D:\Projects\Federated_Learning\Master-Dataset\master_dataset\gir\DS03__Gir_88.jpg,gir,DS03,False,True,channel_analysis,7.2
D:\Projects\Federated_Learning\Master-Dataset\master_dataset\gir\DS04__gir_0064.jpg,gir,DS04,False,True,channel_analysis,7.51
D:\Projects\Federated_Learning\Master-Dataset\master_dataset\gir\DS04__gir_0121.jpg,gir,DS04,False,True,channel_analysis,0.0
D:\Projects\Federated_Learning\Master-Dataset\master_dataset\gir\DS04__gir_0248.jpg,gir,DS04,False,True,channel_analysis,0.0
D:\Projects\Federated_Learning\Master-Dataset\master_dataset\gir\DS04__gir_0256.jpg,gir,DS04,False,True,channel_analysis,0.0
D:\Projects\Federated_Learning\Master-Dataset\master_dataset\gir\DS04__gir_0264.jpg,gir,DS04,False,True,channel_analysis,0.0
D:\Projects\Federated_Learning\Master-Dataset\master_dataset\gir\DS04__gir_0295.jpg,gir,DS04,False,True,channel_analysis,0.0
D:\Projects\Federated_Learning\Master-Dataset\master_dataset\gir\DS04__gir_0319.jpg,gir,DS04,False,True,channel_analysis,0.0
D:\Projects\Federated_Learning\Master-Dataset\master_dataset\gir\DS04__gir_0377.jpg,gir,DS04,False,True,channel_analysis,7.44
D:\Projects\Federated_Learning\Master-Dataset\master_dataset\gir\DS05__IMG-20250911-WA0034_rot15_b0_8_jpg.rf.0fa4b9a86d79f72c80737f547cb3f7de.jpg,gir,DS05,False,True,channel_analysis,7.58
D:\Projects\Federated_Learning\Master-Dataset\master_dataset\gir\DS05__IMG-20250911-WA0052_rot15_b0_8_jpg.rf.655adde97eaec8d13e5bec469681a78b.jpg,gir,DS05,False,True,channel_analysis,7.94
D:\Projects\Federated_Learning\Master-Dataset\master_dataset\gir\DS08__Gir_251_jpg.rf.cf60960376bcfaa63527070929f5665d.jpg,gir,DS08,False,True,channel_analysis,0.0
D:\Projects\Federated_Learning\Master-Dataset\master_dataset\gir\DS08__Gir_26_jpg.rf.dc2bc9433bf7444d101327fbfec9f380.jpg,gir,DS08,False,True,channel_analysis,0.0
D:\Projects\Federated_Learning\Master-Dataset\master_dataset\gir\DS08__Gir_279_jpg.rf.9c67a6923815fa4167c4e8fdc7371051.jpg,gir,DS08,False,True,channel_analysis,0.0
D:\Projects\Federated_Learning\Master-Dataset\master_dataset\gir\DS08__Gir_27_png.rf.6598ac605049c39ea68d02d71f8cbe45.jpg,gir,DS08,False,True,channel_analysis,0.0
D:\Projects\Federated_Learning\Master-Dataset\master_dataset\gir\DS08__Gir_282_jpeg.rf.d7a3d173a20e5352bd659081a75ccf44.jpg,gir,DS08,False,True,channel_analysis,0.0
D:\Projects\Federated_Learning\Master-Dataset\master_dataset\gir\DS08__Gir_283_png.rf.e258b2ad71e7d2b15c9f69c4a7c79426.jpg,gir,DS08,False,True,channel_analysis,0.0
D:\Projects\Federated_Learning\Master-Dataset\master_dataset\gir\DS08__Gir_284_jpg.rf.042bd512d1dc13331dd3782b1e7c199a.jpg,gir,DS08,False,True,channel_analysis,0.0
D:\Projects\Federated_Learning\Master-Dataset\master_dataset\gir\DS08__Gir_289_jpg.rf.07c3df3e772b349ab269ce67be919dc0.jpg,gir,DS08,False,True,channel_analysis,0.0
D:\Projects\Federated_Learning\Master-Dataset\master_dataset\gir\DS08__Gir_28_jpg.rf.596e5f24aed9a9e9700563149a2b7850.jpg,gir,DS08,False,True,channel_analysis,0.0
D:\Projects\Federated_Learning\Master-Dataset\master_dataset\gir\DS08__Gir_290_jpg.rf.2b0288c917a68ee7a2c11c7b62e7fe78.jpg,gir,DS08,False,True,channel_analysis,0.0
D:\Projects\Federated_Learning\Master-Dataset\master_dataset\gir\DS08__Gir_291_jpg.rf.816a14a6762340cfe5d99de1fd97996f.jpg,gir,DS08,False,True,channel_analysis,0.0
D:\Projects\Federated_Learning\Master-Dataset\master_dataset\gir\DS08__Gir_292_jpg.rf.dbb2a487e344814bb165586b71f0feb7.jpg,gir,DS08,False,True,channel_analysis,0.0
D:\Projects\Federated_Learning\Master-Dataset\master_dataset\gir\DS08__Gir_293_jpg.rf.7d3429dd0b5ed6b400baf68caa736476.jpg,gir,DS08,False,True,channel_analysis,0.0
D:\Projects\Federated_Learning\Master-Dataset\master_dataset\gir\DS08__Gir_294_jpg.rf.cc655f0faae6c08f23440bdef189e285.jpg,gir,DS08,False,True,channel_analysis,0.0
D:\Projects\Federated_Learning\Master-Dataset\master_dataset\gir\DS08__Gir_295_jpg.rf.82adb70e4acaf0ea870aa0b39b6243f2.jpg,gir,DS08,False,True,channel_analysis,0.0
D:\Projects\Federated_Learning\Master-Dataset\master_dataset\gir\DS08__Gir_296_jpg.rf.611f3f5849f05bdc43e209c3e9040bf9.jpg,gir,DS08,False,True,channel_analysis,0.0
D:\Projects\Federated_Learning\Master-Dataset\master_dataset\gir\DS08__Gir_297_jpg.rf.3b3055df8f232e80e9645b7f3118dcad.jpg,gir,DS08,False,True,channel_analysis,0.0
D:\Projects\Federated_Learning\Master-Dataset\master_dataset\gir\DS08__Gir_298_jpg.rf.b734e9445ab2a7d58924f9f24e21b12f.jpg,gir,DS08,False,True,channel_analysis,0.0
D:\Projects\Federated_Learning\Master-Dataset\master_dataset\gir\DS08__Gir_299_jpg.rf.a1ca1686489cece0bf2149e1e23fcb97.jpg,gir,DS08,False,True,channel_analysis,0.0
D:\Projects\Federated_Learning\Master-Dataset\master_dataset\gir\DS08__Gir_29_jpg.rf.31d4bdac5689491072c7a26888748ef0.jpg,gir,DS08,False,True,channel_analysis,0.0
D:\Projects\Federated_Learning\Master-Dataset\master_dataset\gir\DS08__Gir_300_jpg.rf.ba4fb58d9e1870d1abb84c3123df8fd2.jpg,gir,DS08,False,True,channel_analysis,0.0
D:\Projects\Federated_Learning\Master-Dataset\master_dataset\gir\DS08__Gir_301_jpg.rf.76a199cde18fafd3e040b4f2b130a8e6.jpg,gir,DS08,False,True,channel_analysis,0.0
D:\Projects\Federated_Learning\Master-Dataset\master_dataset\gir\DS08__Gir_302_jpg.rf.f822adde43bf6962a2e6b754cc719985.jpg,gir,DS08,False,True,channel_analysis,0.0
D:\Projects\Federated_Learning\Master-Dataset\master_dataset\gir\DS08__Gir_303_jpg.rf.c7dcfebbce7984c9950ba6ed79a43ba2.jpg,gir,DS08,False,True,channel_analysis,0.0
D:\Projects\Federated_Learning\Master-Dataset\master_dataset\gir\DS08__Gir_304_jpg.rf.683f01e453a13126f47884461719974d.jpg,gir,DS08,False,True,channel_analysis,0.0
D:\Projects\Federated_Learning\Master-Dataset\master_dataset\gir\DS08__Gir_306_jpg.rf.066340f56c0b39bedb9fc7e9c4ca14b9.jpg,gir,DS08,False,True,channel_analysis,0.0
D:\Projects\Federated_Learning\Master-Dataset\master_dataset\gir\DS08__Gir_307_jpg.rf.278a1738f406cebe32c87854fd748bcf.jpg,gir,DS08,False,True,channel_analysis,0.0
D:\Projects\Federated_Learning\Master-Dataset\master_dataset\gir\DS08__Gir_308_jpg.rf.f5c9867f4cbc748bc6de19ec9fcb18b9.jpg,gir,DS08,False,True,channel_analysis,0.0
D:\Projects\Federated_Learning\Master-Dataset\master_dataset\gir\DS08__Gir_309_jpg.rf.2b04c1b7ffb7b3ddafb6efa01bfd2a80.jpg,gir,DS08,False,True,channel_analysis,0.0
D:\Projects\Federated_Learning\Master-Dataset\master_dataset\gir\DS08__Gir_30_jpg.rf.0f1f36c9ac5259c4a2b4d512fc8e9189.jpg,gir,DS08,False,True,channel_analysis,0.0
D:\Projects\Federated_Learning\Master-Dataset\master_dataset\gir\DS08__Gir_310_jpg.rf.24615291197eca706bdc60ad3ed38c45.jpg,gir,DS08,False,True,channel_analysis,0.0
D:\Projects\Federated_Learning\Master-Dataset\master_dataset\gir\DS08__Gir_311_png.rf.d58ded9ec9ea73bbf7ef232f30f76358.jpg,gir,DS08,False,True,channel_analysis,0.0
D:\Projects\Federated_Learning\Master-Dataset\master_dataset\gir\DS08__Gir_312_png.rf.185c5894fd514a93fd756e48c41a5ad4.jpg,gir,DS08,False,True,channel_analysis,0.0
D:\Projects\Federated_Learning\Master-Dataset\master_dataset\gir\DS08__Gir_313_jpg.rf.a849c773da9bce1de8856bc86e30ea04.jpg,gir,DS08,False,True,channel_analysis,0.0
D:\Projects\Federated_Learning\Master-Dataset\master_dataset\gir\DS08__Gir_314_png.rf.a1ea6ce26db71802dc5f7cab85e16b2e.jpg,gir,DS08,False,True,channel_analysis,0.0
D:\Projects\Federated_Learning\Master-Dataset\master_dataset\gir\DS08__Gir_315_png.rf.3a9e10497a309ace63c767689a56d502.jpg,gir,DS08,False,True,channel_analysis,0.0
D:\Projects\Federated_Learning\Master-Dataset\master_dataset\gir\DS08__Gir_316_png.rf.520392dcfeca7422cd3df68e6c541efa.jpg,gir,DS08,False,True,channel_analysis,0.0
D:\Projects\Federated_Learning\Master-Dataset\master_dataset\gir\DS08__Gir_317_png.rf.fe2157a89590478ef44dc1d1a965a439.jpg,gir,DS08,False,True,channel_analysis,0.0
D:\Projects\Federated_Learning\Master-Dataset\master_dataset\gir\DS08__Gir_318_png.rf.2b934d0c75efe35b68ef3f1f140ef06c.jpg,gir,DS08,False,True,channel_analysis,0.0
D:\Projects\Federated_Learning\Master-Dataset\master_dataset\gir\DS08__Gir_319_jpg.rf.f8efe5ed4ed3e9ddcf641a8c658eef74.jpg,gir,DS08,False,True,channel_analysis,0.0
D:\Projects\Federated_Learning\Master-Dataset\master_dataset\gir\DS08__Gir_31_jpeg.rf.06a86ca1c4ddeff3e3e5aa8472f278aa.jpg,gir,DS08,False,True,channel_analysis,0.0
D:\Projects\Federated_Learning\Master-Dataset\master_dataset\gir\DS08__Gir_320_png.rf.4e9c099abb80ff267c9e6ed313bd62fa.jpg,gir,DS08,False,True,channel_analysis,0.0
D:\Projects\Federated_Learning\Master-Dataset\master_dataset\gir\DS08__Gir_321_png.rf.7bff0e1a8c243cdb2b88f3074563dbd5.jpg,gir,DS08,False,True,channel_analysis,0.0
D:\Projects\Federated_Learning\Master-Dataset\master_dataset\gir\DS08__Gir_322_png.rf.085ae46d5914a553b65469a6c419af93.jpg,gir,DS08,False,True,channel_analysis,0.0
D:\Projects\Federated_Learning\Master-Dataset\master_dataset\gir\DS08__Gir_323_jpg.rf.f886c31aa13d84725b29c52a3892bfd0.jpg,gir,DS08,False,True,channel_analysis,0.0
D:\Projects\Federated_Learning\Master-Dataset\master_dataset\gir\DS08__Gir_324_png.rf.066de2c78a3ac0367eb61508f20231ed.jpg,gir,DS08,False,True,channel_analysis,0.0
D:\Projects\Federated_Learning\Master-Dataset\master_dataset\gir\DS08__Gir_326_png.rf.07427a681135f486ce64db58255c18cd.jpg,gir,DS08,False,True,channel_analysis,0.0
D:\Projects\Federated_Learning\Master-Dataset\master_dataset\gir\DS08__Gir_327_png.rf.ee4cf8a8f496089cdc1e8294a83a0466.jpg,gir,DS08,False,True,channel_analysis,0.0
D:\Projects\Federated_Learning\Master-Dataset\master_dataset\gir\DS08__Gir_328_png.rf.b3eab40017363453efd437e6493e5e59.jpg,gir,DS08,False,True,channel_analysis,0.0
D:\Projects\Federated_Learning\Master-Dataset\master_dataset\gir\DS08__Gir_32_jpg.rf.e837f040183ea8a55ae947fb9addd39b.jpg,gir,DS08,False,True,channel_analysis,0.0
D:\Projects\Federated_Learning\Master-Dataset\master_dataset\gir\DS08__Gir_330_png.rf.543fb4f3c9bfbd11a317db944c89cff7.jpg,gir,DS08,False,True,channel_analysis,0.0
D:\Projects\Federated_Learning\Master-Dataset\master_dataset\gir\DS08__Gir_331_png.rf.8416b954c52df7dc51a62916a8d8cf4d.jpg,gir,DS08,False,True,channel_analysis,0.0
D:\Projects\Federated_Learning\Master-Dataset\master_dataset\gir\DS08__Gir_332_png.rf.2e7a560e9fdcf61659b1398348205174.jpg,gir,DS08,False,True,channel_analysis,0.0
D:\Projects\Federated_Learning\Master-Dataset\master_dataset\gir\DS08__Gir_333_jpg.rf.66acd4fed5c924754c3412bf7bbdd635.jpg,gir,DS08,False,True,channel_analysis,0.0
D:\Projects\Federated_Learning\Master-Dataset\master_dataset\gir\DS08__Gir_334_png.rf.7d0d40c5e22d0d47af0e981bb2448214.jpg,gir,DS08,False,True,channel_analysis,0.0
D:\Projects\Federated_Learning\Master-Dataset\master_dataset\gir\DS08__Gir_335_jpg.rf.a08822c064160cf8a4c5e3fedde29b76.jpg,gir,DS08,False,True,channel_analysis,0.0
D:\Projects\Federated_Learning\Master-Dataset\master_dataset\gir\DS08__Gir_336_png.rf.241733f90733c78e10925216005c7354.jpg,gir,DS08,False,True,channel_analysis,0.0
D:\Projects\Federated_Learning\Master-Dataset\master_dataset\gir\DS08__Gir_337_png.rf.8e19a8acf4698eafdd90993b72c93fda.jpg,gir,DS08,False,True,channel_analysis,0.0
D:\Projects\Federated_Learning\Master-Dataset\master_dataset\gir\DS08__Gir_338_jpeg.rf.94371e4e2092d2afc1f26aab741043b1.jpg,gir,DS08,False,True,channel_analysis,0.0
D:\Projects\Federated_Learning\Master-Dataset\master_dataset\gir\DS08__Gir_339_png.rf.ab1ce947a98ae2878d2b81f734247deb.jpg,gir,DS08,False,True,channel_analysis,0.0
D:\Projects\Federated_Learning\Master-Dataset\master_dataset\gir\DS08__Gir_33_jpg.rf.f9c576be399eb7d94d9c8093182fae41.jpg,gir,DS08,False,True,channel_analysis,0.0
D:\Projects\Federated_Learning\Master-Dataset\master_dataset\gir\DS08__Gir_340_jpg.rf.0242626fd37e81727155cf88048b7154.jpg,gir,DS08,False,True,channel_analysis,0.0
D:\Projects\Federated_Learning\Master-Dataset\master_dataset\gir\DS08__Gir_341_png.rf.77d51a0c35505f73cf3a997a84f93232.jpg,gir,DS08,False,True,channel_analysis,0.0
D:\Projects\Federated_Learning\Master-Dataset\master_dataset\gir\DS08__Gir_342_png.rf.de10d29b3b40dacf0bea75fe5979aeea.jpg,gir,DS08,False,True,channel_analysis,0.0
D:\Projects\Federated_Learning\Master-Dataset\master_dataset\gir\DS08__Gir_343_png.rf.5bb8b98199e07f095fd84372ab068a3a.jpg,gir,DS08,False,True,channel_analysis,0.0
D:\Projects\Federated_Learning\Master-Dataset\master_dataset\gir\DS08__Gir_344_png.rf.dc747d6197b80ee16b969bb392e4f6cf.jpg,gir,DS08,False,True,channel_analysis,0.0
D:\Projects\Federated_Learning\Master-Dataset\master_dataset\gir\DS08__Gir_345_png.rf.26b1c4db9400c6c70b4e912391f6aebb.jpg,gir,DS08,False,True,channel_analysis,0.0
D:\Projects\Federated_Learning\Master-Dataset\master_dataset\gir\DS08__Gir_346_png.rf.ebcbeff3c93da51ced9012ccafefd357.jpg,gir,DS08,False,True,channel_analysis,0.0
D:\Projects\Federated_Learning\Master-Dataset\master_dataset\gir\DS08__Gir_347_jpg.rf.6f257c057bdf03ff1645716581c22327.jpg,gir,DS08,False,True,channel_analysis,0.0
D:\Projects\Federated_Learning\Master-Dataset\master_dataset\gir\DS08__Gir_348_png.rf.a07ab65727b18071ee843bb0f40eb35c.jpg,gir,DS08,False,True,channel_analysis,0.0
D:\Projects\Federated_Learning\Master-Dataset\master_dataset\gir\DS08__Gir_349_jpg.rf.6f124fbd97bf92b5721530f29c65946f.jpg,gir,DS08,False,True,channel_analysis,0.0
D:\Projects\Federated_Learning\Master-Dataset\master_dataset\gir\DS08__Gir_34_jpg.rf.7dfdb024b9869c2bdbc77130047dbe24.jpg,gir,DS08,False,True,channel_analysis,0.0
D:\Projects\Federated_Learning\Master-Dataset\master_dataset\gir\DS08__Gir_350_jpg.rf.f51628bf70e5d26a6b1774246094dac3.jpg,gir,DS08,False,True,channel_analysis,0.0
D:\Projects\Federated_Learning\Master-Dataset\master_dataset\gir\DS08__Gir_351_png.rf.aec6815a067a175224ff00d88fd81a91.jpg,gir,DS08,False,True,channel_analysis,0.0
D:\Projects\Federated_Learning\Master-Dataset\master_dataset\gir\DS08__Gir_352_jpg.rf.2c5b7b8417b0955bde38b27bd5f07c9a.jpg,gir,DS08,False,True,channel_analysis,0.0
D:\Projects\Federated_Learning\Master-Dataset\master_dataset\gir\DS08__Gir_353_png.rf.29ead29ad337fa52db56ad24157a75d3.jpg,gir,DS08,False,True,channel_analysis,0.0
D:\Projects\Federated_Learning\Master-Dataset\master_dataset\gir\DS08__Gir_354_png.rf.983a5b2e00dbdbb92219c8f50a3a8a12.jpg,gir,DS08,False,True,channel_analysis,0.0
D:\Projects\Federated_Learning\Master-Dataset\master_dataset\gir\DS08__Gir_355_png.rf.8425f7f66f0b281661e7e2a28192324a.jpg,gir,DS08,False,True,channel_analysis,0.0
D:\Projects\Federated_Learning\Master-Dataset\master_dataset\gir\DS08__Gir_356_png.rf.7e15f3fb49a0b2890e91518416485b42.jpg,gir,DS08,False,True,channel_analysis,0.0
D:\Projects\Federated_Learning\Master-Dataset\master_dataset\gir\DS08__Gir_357_png.rf.d95396ac79144ca4ec1a8da6231a1fd8.jpg,gir,DS08,False,True,channel_analysis,0.0
D:\Projects\Federated_Learning\Master-Dataset\master_dataset\gir\DS08__Gir_358_jpg.rf.22d719a43462cded2399ae51c2aa5250.jpg,gir,DS08,False,True,channel_analysis,0.0
D:\Projects\Federated_Learning\Master-Dataset\master_dataset\gir\DS08__Gir_359_png.rf.87a5963ac05424c6f736f10fc2b7e176.jpg,gir,DS08,False,True,channel_analysis,0.0
D:\Projects\Federated_Learning\Master-Dataset\master_dataset\gir\DS08__Gir_35_png.rf.52a6977179351345a17bece695d4720c.jpg,gir,DS08,False,True,channel_analysis,0.0
D:\Projects\Federated_Learning\Master-Dataset\master_dataset\gir\DS08__Gir_360_png.rf.8f80757c42bd39491c5f07de84bcfbd0.jpg,gir,DS08,False,True,channel_analysis,0.0
D:\Projects\Federated_Learning\Master-Dataset\master_dataset\gir\DS08__Gir_361_jpg.rf.cee3fe765e788ad6fc1824a35cbf7c51.jpg,gir,DS08,False,True,channel_analysis,0.0
D:\Projects\Federated_Learning\Master-Dataset\master_dataset\gir\DS08__Gir_362_png.rf.9c71d2835c874d3b702e908808d90a99.jpg,gir,DS08,False,True,channel_analysis,0.0
D:\Projects\Federated_Learning\Master-Dataset\master_dataset\gir\DS08__Gir_363_png.rf.42b0f325a48e9ba6d5a1d82bd6b291e0.jpg,gir,DS08,False,True,channel_analysis,0.0
D:\Projects\Federated_Learning\Master-Dataset\master_dataset\gir\DS08__Gir_365_jpg.rf.db2c60e63a9bf7804a1de66b612501b1.jpg,gir,DS08,False,True,channel_analysis,0.0
D:\Projects\Federated_Learning\Master-Dataset\master_dataset\gir\DS08__Gir_366_jpg.rf.5d9630834d3f2c53a3f4ed4c982d2394.jpg,gir,DS08,False,True,channel_analysis,0.0
D:\Projects\Federated_Learning\Master-Dataset\master_dataset\gir\DS08__Gir_367_png.rf.9dfb57c27820016a057a491f0b21e9cf.jpg,gir,DS08,False,True,channel_analysis,0.0
D:\Projects\Federated_Learning\Master-Dataset\master_dataset\gir\DS08__Gir_368_png.rf.71f4979679ed0fd655850c2233117e49.jpg,gir,DS08,False,True,channel_analysis,0.0
D:\Projects\Federated_Learning\Master-Dataset\master_dataset\gir\DS08__Gir_369_png.rf.6794deeac286e1f99c9b846541e321d0.jpg,gir,DS08,False,True,channel_analysis,0.0
D:\Projects\Federated_Learning\Master-Dataset\master_dataset\gir\DS08__Gir_36_png.rf.7f98e44418e5433b8cda3a1428f03c2f.jpg,gir,DS08,False,True,channel_analysis,0.0
D:\Projects\Federated_Learning\Master-Dataset\master_dataset\gir\DS08__Gir_370_png.rf.5a389f4881600e8be57c410820c84f7f.jpg,gir,DS08,False,True,channel_analysis,0.0
D:\Projects\Federated_Learning\Master-Dataset\master_dataset\gir\DS08__Gir_372_png.rf.21b9a2550832090a2de3c5827a9f7ee4.jpg,gir,DS08,False,True,channel_analysis,0.0
D:\Projects\Federated_Learning\Master-Dataset\master_dataset\gir\DS08__Gir_373_png.rf.d841a02aebdf3afbcd388a483f23732a.jpg,gir,DS08,False,True,channel_analysis,0.0
D:\Projects\Federated_Learning\Master-Dataset\master_dataset\gir\DS08__Gir_374_png.rf.f4ddc76f46c1c1a58b70310e82477bfd.jpg,gir,DS08,False,True,channel_analysis,0.0
D:\Projects\Federated_Learning\Master-Dataset\master_dataset\gir\DS08__Gir_375_png.rf.d185bd18105623fcbf8eb43b088233ab.jpg,gir,DS08,False,True,channel_analysis,0.0
D:\Projects\Federated_Learning\Master-Dataset\master_dataset\gir\DS08__Gir_376_jpg.rf.be047f4547e100c7c5ef08d31d1d192b.jpg,gir,DS08,False,True,channel_analysis,0.0
D:\Projects\Federated_Learning\Master-Dataset\master_dataset\gir\DS08__Gir_377_jPG.rf.0dbd1bf0fbd94bfa8bd2637088cb4fe6.jpg,gir,DS08,False,True,channel_analysis,0.0
D:\Projects\Federated_Learning\Master-Dataset\master_dataset\gir\DS08__Gir_37_jpg.rf.a2979ae4166249d7bb209d957d96c79e.jpg,gir,DS08,False,True,channel_analysis,0.0
D:\Projects\Federated_Learning\Master-Dataset\master_dataset\gir\DS08__Gir_39_jpg.rf.c190457bfc64dcf7b61d35830be27f41.jpg,gir,DS08,False,True,channel_analysis,0.0
D:\Projects\Federated_Learning\Master-Dataset\master_dataset\gir\DS08__Gir_3_JPG.rf.6fcfdca91544a3c88881937b1d0fe873.jpg,gir,DS08,False,True,channel_analysis,0.0
D:\Projects\Federated_Learning\Master-Dataset\master_dataset\gir\DS08__Gir_40_png.rf.b7475b71c9a12132e8cdc5134ba87dd1.jpg,gir,DS08,False,True,channel_analysis,0.0
D:\Projects\Federated_Learning\Master-Dataset\master_dataset\gir\DS08__Gir_41_jpg.rf.a94fa4824ae04639495d672c595cd2dc.jpg,gir,DS08,False,True,channel_analysis,0.0
D:\Projects\Federated_Learning\Master-Dataset\master_dataset\gir\DS08__Gir_42_jpg.rf.f3e7c45c5d5cc138f1336ee106e84702.jpg,gir,DS08,False,True,channel_analysis,0.0
D:\Projects\Federated_Learning\Master-Dataset\master_dataset\gir\DS08__Gir_43_png.rf.4842b45a718312e37d0a59844cbe7af9.jpg,gir,DS08,False,True,channel_analysis,0.0
D:\Projects\Federated_Learning\Master-Dataset\master_dataset\gir\DS08__Gir_44_jpg.rf.3e0df036cc025014153b852e3ca9df17.jpg,gir,DS08,False,True,channel_analysis,0.0
D:\Projects\Federated_Learning\Master-Dataset\master_dataset\gir\DS08__Gir_46_jpg.rf.802c2603674247ef367cc67556b8c5de.jpg,gir,DS08,False,True,channel_analysis,0.0
D:\Projects\Federated_Learning\Master-Dataset\master_dataset\gir\DS08__Gir_47_jpg.rf.c60751b7ee3eb778c776f636d3747d10.jpg,gir,DS08,False,True,channel_analysis,0.0
D:\Projects\Federated_Learning\Master-Dataset\master_dataset\gir\DS08__Gir_48_jpg.rf.093cf18693a8db541887467a40f0c689.jpg,gir,DS08,False,True,channel_analysis,0.0
D:\Projects\Federated_Learning\Master-Dataset\master_dataset\gir\DS08__Gir_49_jpg.rf.8959e8e5262d61dbf5be64be616b76b6.jpg,gir,DS08,False,True,channel_analysis,0.0
D:\Projects\Federated_Learning\Master-Dataset\master_dataset\gir\DS08__Gir_4_jPG.rf.e2543822d944d43fa5763d7968a167a5.jpg,gir,DS08,False,True,channel_analysis,0.0
D:\Projects\Federated_Learning\Master-Dataset\master_dataset\gir\DS08__Gir_51_jpg.rf.8b5375e550e7ce209e1bc0f70f1b69e2.jpg,gir,DS08,False,True,channel_analysis,0.0
D:\Projects\Federated_Learning\Master-Dataset\master_dataset\gir\DS08__Gir_52_jpg.rf.eae2db2c420270c3f33a7d03bc17030f.jpg,gir,DS08,False,True,channel_analysis,0.0
D:\Projects\Federated_Learning\Master-Dataset\master_dataset\gir\DS08__Gir_53_jpg.rf.0c7425a84d832323359717989f7f52c3.jpg,gir,DS08,False,True,channel_analysis,0.0
D:\Projects\Federated_Learning\Master-Dataset\master_dataset\gir\DS08__Gir_54_jpg.rf.aa3f44c0746ae2222af71e8674417a46.jpg,gir,DS08,False,True,channel_analysis,0.0
D:\Projects\Federated_Learning\Master-Dataset\master_dataset\gir\DS08__Gir_55_jpg.rf.adb64dda62e1b278b7ffdecd99d2f99d.jpg,gir,DS08,False,True,channel_analysis,0.0
D:\Projects\Federated_Learning\Master-Dataset\master_dataset\gir\DS08__Gir_56_png.rf.3405e5409e72ab87e877ee5c69052339.jpg,gir,DS08,False,True,channel_analysis,0.0
D:\Projects\Federated_Learning\Master-Dataset\master_dataset\gir\DS08__Gir_58_jpg.rf.7e57c2d87c77ceb89e465c84ca308982.jpg,gir,DS08,False,True,channel_analysis,0.0
D:\Projects\Federated_Learning\Master-Dataset\master_dataset\gir\DS08__Gir_59_jpg.rf.af680ce9c247df8475d7e791ded5ebd7.jpg,gir,DS08,False,True,channel_analysis,0.0
D:\Projects\Federated_Learning\Master-Dataset\master_dataset\gir\DS08__Gir_5_jPG.rf.7f2d3341c9f557853c59aeb2f65a42ea.jpg,gir,DS08,False,True,channel_analysis,0.0
D:\Projects\Federated_Learning\Master-Dataset\master_dataset\gir\DS08__Gir_60_jpg.rf.21293c1020389ee5ba43e669f49b6bd9.jpg,gir,DS08,False,True,channel_analysis,0.0
D:\Projects\Federated_Learning\Master-Dataset\master_dataset\gir\DS08__Gir_61_jpg.rf.4ca860d4fcc85959cdccd946ca45584f.jpg,gir,DS08,False,True,channel_analysis,0.0
D:\Projects\Federated_Learning\Master-Dataset\master_dataset\gir\DS08__Gir_62_png.rf.11d88e08680309de45b609b68f144400.jpg,gir,DS08,False,True,channel_analysis,0.0
D:\Projects\Federated_Learning\Master-Dataset\master_dataset\gir\DS08__Gir_63_jpg.rf.2043daf73b318187ac56040a7c916173.jpg,gir,DS08,False,True,channel_analysis,0.0
D:\Projects\Federated_Learning\Master-Dataset\master_dataset\gir\DS08__Gir_64_jpg.rf.5c7e6bc2d1c5da8c871aa51d24e56649.jpg,gir,DS08,False,True,channel_analysis,0.0
D:\Projects\Federated_Learning\Master-Dataset\master_dataset\gir\DS08__Gir_65_jpg.rf.31cb1a24a0a5f090968a0c88d2aceaeb.jpg,gir,DS08,False,True,channel_analysis,0.0
D:\Projects\Federated_Learning\Master-Dataset\master_dataset\gir\DS08__Gir_66_jpg.rf.0994330e35b13e60f9d8c388b352f2f7.jpg,gir,DS08,False,True,channel_analysis,0.0
D:\Projects\Federated_Learning\Master-Dataset\master_dataset\gir\DS08__Gir_67_jpg.rf.3ff77ce1284b173309675cdcf57a3478.jpg,gir,DS08,False,True,channel_analysis,0.0
D:\Projects\Federated_Learning\Master-Dataset\master_dataset\gir\DS08__Gir_68_jpg.rf.d3d537ff5f523dbcb0b2288cad05fb63.jpg,gir,DS08,False,True,channel_analysis,0.0
D:\Projects\Federated_Learning\Master-Dataset\master_dataset\gir\DS08__Gir_69_jpg.rf.e1ff31e968306fca6ff8e136c85b5e16.jpg,gir,DS08,False,True,channel_analysis,0.0
D:\Projects\Federated_Learning\Master-Dataset\master_dataset\gir\DS08__Gir_71_jpg.rf.e5632ffa552d54e82c154d40b1edcf83.jpg,gir,DS08,False,True,channel_analysis,0.0
D:\Projects\Federated_Learning\Master-Dataset\master_dataset\gir\DS08__Gir_72_jpg.rf.71524487ea5c031a435bd0c4c1824022.jpg,gir,DS08,False,True,channel_analysis,0.0
D:\Projects\Federated_Learning\Master-Dataset\master_dataset\gir\DS08__Gir_73_jpg.rf.fb5c613a2edaa7a683f250f15de736f4.jpg,gir,DS08,False,True,channel_analysis,0.0
D:\Projects\Federated_Learning\Master-Dataset\master_dataset\gir\DS08__Gir_74_jpg.rf.eb6097e13732152fb849a51a4d86fc96.jpg,gir,DS08,False,True,channel_analysis,0.0
D:\Projects\Federated_Learning\Master-Dataset\master_dataset\gir\DS08__Gir_75_png.rf.d000c4244ec6fa65282e7950cacc1c00.jpg,gir,DS08,False,True,channel_analysis,0.0
D:\Projects\Federated_Learning\Master-Dataset\master_dataset\gir\DS08__Gir_76_jpg.rf.2c59b2f5fa801f47ae08bc1c8db53cf3.jpg,gir,DS08,False,True,channel_analysis,0.0
D:\Projects\Federated_Learning\Master-Dataset\master_dataset\gir\DS08__Gir_78_png.rf.5cb9bb74b38d09bc9abf9ec19899013f.jpg,gir,DS08,False,True,channel_analysis,0.0
D:\Projects\Federated_Learning\Master-Dataset\master_dataset\gir\DS08__Gir_7_jPG.rf.8ae32c76aa1d4b4ca9d0e8b357cf376f.jpg,gir,DS08,False,True,channel_analysis,0.0
D:\Projects\Federated_Learning\Master-Dataset\master_dataset\gir\DS08__Gir_80_jpg.rf.78fe70a6497ebde4d69f0aa3541b0e53.jpg,gir,DS08,False,True,channel_analysis,0.0
D:\Projects\Federated_Learning\Master-Dataset\master_dataset\gir\DS08__Gir_81_jpg.rf.8ef9a78e608c9566c7aadad812bada20.jpg,gir,DS08,False,True,channel_analysis,0.0
D:\Projects\Federated_Learning\Master-Dataset\master_dataset\gir\DS08__Gir_82_jpg.rf.511ee66a73611ceee6c2e910fa71ce54.jpg,gir,DS08,False,True,channel_analysis,0.0
D:\Projects\Federated_Learning\Master-Dataset\master_dataset\gir\DS08__Gir_83_jpg.rf.dcfcf064d09c6d56e4879d1da66c3c28.jpg,gir,DS08,False,True,channel_analysis,0.0
D:\Projects\Federated_Learning\Master-Dataset\master_dataset\gir\DS08__Gir_84_jpg.rf.9675bc9ee62475ca2eab8e7ef83e6179.jpg,gir,DS08,False,True,channel_analysis,0.0
D:\Projects\Federated_Learning\Master-Dataset\master_dataset\gir\DS08__Gir_86_jpg.rf.49be283c3f82587678a2b5385423c6e3.jpg,gir,DS08,False,True,channel_analysis,0.0
D:\Projects\Federated_Learning\Master-Dataset\master_dataset\gir\DS08__Gir_87_jpg.rf.28c1e5d484c7d4e1e88588b949fe29e3.jpg,gir,DS08,False,True,channel_analysis,0.0
D:\Projects\Federated_Learning\Master-Dataset\master_dataset\gir\DS08__Gir_88_jpg.rf.e3a1798fe2b03a41b61502398eedf070.jpg,gir,DS08,False,True,channel_analysis,0.0
D:\Projects\Federated_Learning\Master-Dataset\master_dataset\gir\DS08__Gir_89_png.rf.eeafc127e524f9580e69dafa4f12e526.jpg,gir,DS08,False,True,channel_analysis,0.0
D:\Projects\Federated_Learning\Master-Dataset\master_dataset\gir\DS08__Gir_8_jPG.rf.6999640c3c2740dd336dbc6b39be4245.jpg,gir,DS08,False,True,channel_analysis,0.0
D:\Projects\Federated_Learning\Master-Dataset\master_dataset\gir\DS08__Gir_90_jpg.rf.afd379f641b4a28d5936643a074bf49f.jpg,gir,DS08,False,True,channel_analysis,0.0
D:\Projects\Federated_Learning\Master-Dataset\master_dataset\gir\DS08__Gir_91_jpg.rf.93cdb355b6f2ec454afd89c5861f07e0.jpg,gir,DS08,False,True,channel_analysis,0.0
D:\Projects\Federated_Learning\Master-Dataset\master_dataset\gir\DS08__Gir_92_png.rf.2b458266a180ade96773adc0cce11c4d.jpg,gir,DS08,False,True,channel_analysis,0.0
D:\Projects\Federated_Learning\Master-Dataset\master_dataset\gir\DS08__Gir_94_jpg.rf.aa49356e313f31e48c12f979423ed0c0.jpg,gir,DS08,False,True,channel_analysis,0.0
D:\Projects\Federated_Learning\Master-Dataset\master_dataset\gir\DS08__Gir_95_jpg.rf.4e62df80f208b6d9c5ea074c42819a48.jpg,gir,DS08,False,True,channel_analysis,0.0
D:\Projects\Federated_Learning\Master-Dataset\master_dataset\gir\DS08__Gir_96_jpg.rf.426fa419e268510b876e6bd494f65d74.jpg,gir,DS08,False,True,channel_analysis,0.0
D:\Projects\Federated_Learning\Master-Dataset\master_dataset\gir\DS08__Gir_97_jpeg.rf.a74603ec1c65a3b4a0414772e448a88d.jpg,gir,DS08,False,True,channel_analysis,0.0
D:\Projects\Federated_Learning\Master-Dataset\master_dataset\gir\DS08__Gir_98_jpg.rf.580c9f3596538e1dab4c669075e78c2e.jpg,gir,DS08,False,True,channel_analysis,0.0
D:\Projects\Federated_Learning\Master-Dataset\master_dataset\gir\DS08__Gir_99_jpg.rf.b93fb466362d373c0462cebeb6d6c67f.jpg,gir,DS08,False,True,channel_analysis,0.0
D:\Projects\Federated_Learning\Master-Dataset\master_dataset\gir\DS08__Gir_9_jPG.rf.423a9ab98779a25cedbcbc845e2dbfd1.jpg,gir,DS08,False,True,channel_analysis,0.0
D:\Projects\Federated_Learning\Master-Dataset\master_dataset\gir\DS11__Gir_293.jpg,gir,DS11,False,True,channel_analysis,6.2
D:\Projects\Federated_Learning\Master-Dataset\master_dataset\sahiwal\DS02__Sahiwal_321.jpg,sahiwal,DS02,False,True,channel_analysis,6.61
D:\Projects\Federated_Learning\Master-Dataset\master_dataset\sahiwal\DS02__Sahiwal_357__aug1_sahiwal_263.png,sahiwal,DS02,False,True,channel_analysis,7.26
D:\Projects\Federated_Learning\Master-Dataset\master_dataset\sahiwal\DS02__Sahiwal_36.jpg,sahiwal,DS02,False,True,channel_analysis,7.17
D:\Projects\Federated_Learning\Master-Dataset\master_dataset\sahiwal\DS02__Sahiwal_82.jpg,sahiwal,DS02,False,True,channel_analysis,7.18
D:\Projects\Federated_Learning\Master-Dataset\master_dataset\sahiwal\DS03__Sahiwal_146.jpg,sahiwal,DS03,False,True,channel_analysis,7.01
D:\Projects\Federated_Learning\Master-Dataset\master_dataset\sahiwal\DS03__Sahiwal_211.jpg,sahiwal,DS03,False,True,channel_analysis,7.09
D:\Projects\Federated_Learning\Master-Dataset\master_dataset\sahiwal\DS03__Sahiwal_219.jpg,sahiwal,DS03,False,True,channel_analysis,4.26
D:\Projects\Federated_Learning\Master-Dataset\master_dataset\sahiwal\DS03__Sahiwal_225.jpg,sahiwal,DS03,False,True,channel_analysis,4.8
D:\Projects\Federated_Learning\Master-Dataset\master_dataset\sahiwal\DS03__Sahiwal_239.jpg,sahiwal,DS03,False,True,channel_analysis,7.83
D:\Projects\Federated_Learning\Master-Dataset\master_dataset\sahiwal\DS03__Sahiwal_26.jpg,sahiwal,DS03,False,True,channel_analysis,7.29
D:\Projects\Federated_Learning\Master-Dataset\master_dataset\sahiwal\DS03__Sahiwal_291.jpg,sahiwal,DS03,False,True,channel_analysis,7.91
D:\Projects\Federated_Learning\Master-Dataset\master_dataset\sahiwal\DS03__Sahiwal_321.jpg,sahiwal,DS03,False,True,channel_analysis,3.73
D:\Projects\Federated_Learning\Master-Dataset\master_dataset\sahiwal\DS03__Sahiwal_350.jpg,sahiwal,DS03,False,True,channel_analysis,7.62
D:\Projects\Federated_Learning\Master-Dataset\master_dataset\sahiwal\DS03__Sahiwal_357.png,sahiwal,DS03,False,True,channel_analysis,4.93
D:\Projects\Federated_Learning\Master-Dataset\master_dataset\sahiwal\DS03__Sahiwal_36.jpg,sahiwal,DS03,False,True,channel_analysis,3.93
D:\Projects\Federated_Learning\Master-Dataset\master_dataset\sahiwal\DS03__Sahiwal_378.jpg,sahiwal,DS03,False,True,channel_analysis,7.01
D:\Projects\Federated_Learning\Master-Dataset\master_dataset\sahiwal\DS03__Sahiwal_417.jpg,sahiwal,DS03,False,True,channel_analysis,7.01
D:\Projects\Federated_Learning\Master-Dataset\master_dataset\sahiwal\DS03__Sahiwal_418.jpg,sahiwal,DS03,False,True,channel_analysis,5.73
D:\Projects\Federated_Learning\Master-Dataset\master_dataset\sahiwal\DS03__Sahiwal_434.jpg,sahiwal,DS03,False,True,channel_analysis,7.41
D:\Projects\Federated_Learning\Master-Dataset\master_dataset\sahiwal\DS03__Sahiwal_437.jpg,sahiwal,DS03,False,True,channel_analysis,7.28
D:\Projects\Federated_Learning\Master-Dataset\master_dataset\sahiwal\DS03__Sahiwal_66.jpg,sahiwal,DS03,False,True,channel_analysis,7.31
D:\Projects\Federated_Learning\Master-Dataset\master_dataset\sahiwal\DS03__Sahiwal_72.jpg,sahiwal,DS03,False,True,channel_analysis,5.12
D:\Projects\Federated_Learning\Master-Dataset\master_dataset\sahiwal\DS03__Sahiwal_79.jpg,sahiwal,DS03,False,True,channel_analysis,6.08
D:\Projects\Federated_Learning\Master-Dataset\master_dataset\sahiwal\DS03__Sahiwal_82.jpg,sahiwal,DS03,False,True,channel_analysis,3.93
D:\Projects\Federated_Learning\Master-Dataset\master_dataset\sahiwal\DS03__Sahiwal_86.jpg,sahiwal,DS03,False,True,channel_analysis,7.33
D:\Projects\Federated_Learning\Master-Dataset\master_dataset\sahiwal\DS03__Sahiwal_89.jpg,sahiwal,DS03,False,True,channel_analysis,6.31
D:\Projects\Federated_Learning\Master-Dataset\master_dataset\sahiwal\DS04__sahiwal_0144.jpg,sahiwal,DS04,False,True,channel_analysis,5.74
D:\Projects\Federated_Learning\Master-Dataset\master_dataset\sahiwal\DS04__sahiwal_0151.jpg,sahiwal,DS04,False,True,channel_analysis,6.32
D:\Projects\Federated_Learning\Master-Dataset\master_dataset\sahiwal\DS04__sahiwal_0258__aug1_sahiwal_227.jpg,sahiwal,DS04,False,True,channel_analysis,7.36
D:\Projects\Federated_Learning\Master-Dataset\master_dataset\sahiwal\DS04__sahiwal_0437__aug1_sahiwal_395.jpg,sahiwal,DS04,False,True,channel_analysis,7.33
D:\Projects\Federated_Learning\Master-Dataset\master_dataset\sahiwal\DS05__1000_F_387332421_pKQkTcCJwRCFmmg4wppg0TkWYJOmVNCA_rot0_b0_8_jpg.rf.16ed2da3be3707ed79975d043e474f20.jpg,sahiwal,DS05,False,True,channel_analysis,7.04
D:\Projects\Federated_Learning\Master-Dataset\master_dataset\sahiwal\DS05__1000_F_387332421_pKQkTcCJwRCFmmg4wppg0TkWYJOmVNCA_rot15_b0_8_jpg.rf.aa1f6e09fa6946a44dfa72b049ff93f3.jpg,sahiwal,DS05,False,True,channel_analysis,4.38
D:\Projects\Federated_Learning\Master-Dataset\master_dataset\sahiwal\DS05__1000_F_387332421_pKQkTcCJwRCFmmg4wppg0TkWYJOmVNCA_rot15_b1_0_jpg.rf.c967aef071c2bb90cd773743b6f8a09e__aug1_sahiwal_794.jpg,sahiwal,DS05,False,True,channel_analysis,7.51
D:\Projects\Federated_Learning\Master-Dataset\master_dataset\sahiwal\DS05__1000_F_387332421_pKQkTcCJwRCFmmg4wppg0TkWYJOmVNCA_rot15_b1_2_jpg.rf.faa170f1392e0c9a21e2dde4c4d57cfc__aug2_sahiwal_794.jpg,sahiwal,DS05,False,True,channel_analysis,7.08
D:\Projects\Federated_Learning\Master-Dataset\master_dataset\sahiwal\DS05__1000_F_387332421_pKQkTcCJwRCFmmg4wppg0TkWYJOmVNCA_rot30_b0_8_jpg.rf.f820fc886a8aa3141ab4da59d68f0f1a.jpg,sahiwal,DS05,False,True,channel_analysis,3.41
D:\Projects\Federated_Learning\Master-Dataset\master_dataset\sahiwal\DS05__1000_F_387332421_pKQkTcCJwRCFmmg4wppg0TkWYJOmVNCA_rot30_b1_0_jpg.rf.7eb51434e7bd76dfa42564873f83e9fd__aug1_sahiwal_795.jpg,sahiwal,DS05,False,True,channel_analysis,6.27
D:\Projects\Federated_Learning\Master-Dataset\master_dataset\sahiwal\DS05__1000_F_387332421_pKQkTcCJwRCFmmg4wppg0TkWYJOmVNCA_rot30_b1_2_jpg.rf.944d18a7669eb3b2559d492db12ee345__aug2_sahiwal_795.jpg,sahiwal,DS05,False,True,channel_analysis,6.09
D:\Projects\Federated_Learning\Master-Dataset\master_dataset\sahiwal\DS05__360_F_1366236815_HpAkMrjFZvIZjewc4o1QBVoWTE4l04Jf_rot30_b0_8_jpg.rf.799b2a805a0e96c321ff92415a3954d4.jpg,sahiwal,DS05,False,True,channel_analysis,7.66
D:\Projects\Federated_Learning\Master-Dataset\master_dataset\sahiwal\DS05__360_F_387332421_pKQkTcCJwRCFmmg4wppg0TkWYJOmVNCA_rot15_b0_8_jpg.rf.852384f60505f463d99995dae2129a77__aug3_sahiwal_794.jpg,sahiwal,DS05,False,True,channel_analysis,4.97
D:\Projects\Federated_Learning\Master-Dataset\master_dataset\sahiwal\DS05__360_F_387332421_pKQkTcCJwRCFmmg4wppg0TkWYJOmVNCA_rot15_b1_0_jpg.rf.3640f8074eb7184c22c80e7eb5ba3002__aug4_sahiwal_794.jpg,sahiwal,DS05,False,True,channel_analysis,6.6
D:\Projects\Federated_Learning\Master-Dataset\master_dataset\sahiwal\DS05__360_F_387332421_pKQkTcCJwRCFmmg4wppg0TkWYJOmVNCA_rot30_b0_8_jpg.rf.0a24d2e3ab02253657c67f4a1161e9d0__aug3_sahiwal_795.jpg,sahiwal,DS05,False,True,channel_analysis,3.66
D:\Projects\Federated_Learning\Master-Dataset\master_dataset\sahiwal\DS05__360_F_387332421_pKQkTcCJwRCFmmg4wppg0TkWYJOmVNCA_rot30_b1_0_jpg.rf.a777b7903b4baf397dc3897f3a059db0__aug4_sahiwal_795.jpg,sahiwal,DS05,False,True,channel_analysis,4.63
D:\Projects\Federated_Learning\Master-Dataset\master_dataset\sahiwal\DS05__360_F_387332421_pKQkTcCJwRCFmmg4wppg0TkWYJOmVNCA_rot30_b1_2_jpg.rf.bef481a65b3b5f25311c3cdeecb9beaa__aug5_sahiwal_795.jpg,sahiwal,DS05,False,True,channel_analysis,7.11
D:\Projects\Federated_Learning\Master-Dataset\master_dataset\sahiwal\DS05__360_F_410373851_pXeheRCFYte0NFP1mwWhJYrYKRX04ajj_rot15_b0_8_jpg.rf.f060751b39410e7362f95874b29ed21c.jpg,sahiwal,DS05,False,True,channel_analysis,4.95
D:\Projects\Federated_Learning\Master-Dataset\master_dataset\sahiwal\DS05__360_F_410373851_pXeheRCFYte0NFP1mwWhJYrYKRX04ajj_rot15_b1_0_jpg.rf.4f5af77a15cd3f9994408fc6522f8dda__aug1_sahiwal_830.jpg,sahiwal,DS05,False,True,channel_analysis,7.7
D:\Projects\Federated_Learning\Master-Dataset\master_dataset\sahiwal\DS05__360_F_410373851_pXeheRCFYte0NFP1mwWhJYrYKRX04ajj_rot15_b1_2_jpg.rf.1d3cc982fd7a527af1ed8b38428219f1__aug2_sahiwal_830.jpg,sahiwal,DS05,False,True,channel_analysis,7.9
D:\Projects\Federated_Learning\Master-Dataset\master_dataset\sahiwal\DS05__360_F_410373851_pXeheRCFYte0NFP1mwWhJYrYKRX04ajj_rot30_b0_8_jpg.rf.89ce36c99b66311c84dee2aebd075acb.jpg,sahiwal,DS05,False,True,channel_analysis,3.89
D:\Projects\Federated_Learning\Master-Dataset\master_dataset\sahiwal\DS05__360_F_410373851_pXeheRCFYte0NFP1mwWhJYrYKRX04ajj_rot30_b1_0_jpg.rf.824f46311f72e8f8c123183f129edf21__aug1_sahiwal_831.jpg,sahiwal,DS05,False,True,channel_analysis,6.67
D:\Projects\Federated_Learning\Master-Dataset\master_dataset\sahiwal\DS05__360_F_410373851_pXeheRCFYte0NFP1mwWhJYrYKRX04ajj_rot30_b1_2_jpg.rf.e4dd95e8677de2c3ce5d73f78441b5b3__aug2_sahiwal_831.jpg,sahiwal,DS05,False,True,channel_analysis,6.7
D:\Projects\Federated_Learning\Master-Dataset\master_dataset\sahiwal\DS06__Sahiwal_225__aug1_sahiwal_774.jpg,sahiwal,DS06,False,True,channel_analysis,7.65
D:\Projects\Federated_Learning\Master-Dataset\master_dataset\sahiwal\DS06__Sahiwal_321__aug2_sahiwal_227.jpg,sahiwal,DS06,False,True,channel_analysis,7.33
D:\Projects\Federated_Learning\Master-Dataset\master_dataset\sahiwal\DS06__Sahiwal_36__aug2_sahiwal_266.jpg,sahiwal,DS06,False,True,channel_analysis,7.89
D:\Projects\Federated_Learning\Master-Dataset\master_dataset\sahiwal\DS08__Sahiwal_100_jpg.rf.6fd5a2c0336bd11b3bb00f281f554386.jpg,sahiwal,DS08,False,True,channel_analysis,0.0
D:\Projects\Federated_Learning\Master-Dataset\master_dataset\sahiwal\DS08__Sahiwal_101_jpg.rf.f0086b4a33961dac869cdcc14294bc05.jpg,sahiwal,DS08,False,True,channel_analysis,0.0
D:\Projects\Federated_Learning\Master-Dataset\master_dataset\sahiwal\DS08__Sahiwal_102_jpg.rf.73e30a2d7461f203cd12d6f274007a2a.jpg,sahiwal,DS08,False,True,channel_analysis,0.0
D:\Projects\Federated_Learning\Master-Dataset\master_dataset\sahiwal\DS08__Sahiwal_103_jpg.rf.da45b1167c16779799358aa67a442f25.jpg,sahiwal,DS08,False,True,channel_analysis,0.0
D:\Projects\Federated_Learning\Master-Dataset\master_dataset\sahiwal\DS08__Sahiwal_104_jpg.rf.2fd93cb9e89ea901c87f749d070e81f9.jpg,sahiwal,DS08,False,True,channel_analysis,0.0
D:\Projects\Federated_Learning\Master-Dataset\master_dataset\sahiwal\DS08__Sahiwal_105_jpg.rf.55d5168b937e8c1cea409467361a1ae3.jpg,sahiwal,DS08,False,True,channel_analysis,0.0
D:\Projects\Federated_Learning\Master-Dataset\master_dataset\sahiwal\DS08__Sahiwal_106_png.rf.f7ddbc4f41a3c1a9afec651b8497ce4d.jpg,sahiwal,DS08,False,True,channel_analysis,0.0
D:\Projects\Federated_Learning\Master-Dataset\master_dataset\sahiwal\DS08__Sahiwal_107_jpg.rf.816c2e87812ae02ac493332954033ebe.jpg,sahiwal,DS08,False,True,channel_analysis,0.0
D:\Projects\Federated_Learning\Master-Dataset\master_dataset\sahiwal\DS08__Sahiwal_108_jpg.rf.99cd5348f461ba990f56d4a7795e99d4.jpg,sahiwal,DS08,False,True,channel_analysis,0.0
D:\Projects\Federated_Learning\Master-Dataset\master_dataset\sahiwal\DS08__Sahiwal_109_jpg.rf.c361f7d28339aa4a532ef6d3df97417d.jpg,sahiwal,DS08,False,True,channel_analysis,0.0
D:\Projects\Federated_Learning\Master-Dataset\master_dataset\sahiwal\DS08__Sahiwal_10_JPG.rf.ffe4ea10c18187fdcb283f7031d3e7ae.jpg,sahiwal,DS08,False,True,channel_analysis,0.0
D:\Projects\Federated_Learning\Master-Dataset\master_dataset\sahiwal\DS08__Sahiwal_110_png.rf.033085a0d6e3517c1405a5447b100392.jpg,sahiwal,DS08,False,True,channel_analysis,0.0
D:\Projects\Federated_Learning\Master-Dataset\master_dataset\sahiwal\DS08__Sahiwal_111_jpg.rf.ede743aafc8ccc05cb1a14e783bb2817.jpg,sahiwal,DS08,False,True,channel_analysis,0.0
D:\Projects\Federated_Learning\Master-Dataset\master_dataset\sahiwal\DS08__Sahiwal_112_png.rf.8d78b66ccee9f77ac019756694075b10.jpg,sahiwal,DS08,False,True,channel_analysis,0.0
D:\Projects\Federated_Learning\Master-Dataset\master_dataset\sahiwal\DS08__Sahiwal_113_jpeg.rf.be051ffb7967de0b5633aa035dc59269.jpg,sahiwal,DS08,False,True,channel_analysis,0.0
D:\Projects\Federated_Learning\Master-Dataset\master_dataset\sahiwal\DS08__Sahiwal_114_jpg.rf.3bfb4a15890aeae2176399c2c15b1997.jpg,sahiwal,DS08,False,True,channel_analysis,0.0
D:\Projects\Federated_Learning\Master-Dataset\master_dataset\sahiwal\DS08__Sahiwal_115_jpg.rf.7ceec17e1bb2cc29e1240f556b409776.jpg,sahiwal,DS08,False,True,channel_analysis,0.0
D:\Projects\Federated_Learning\Master-Dataset\master_dataset\sahiwal\DS08__Sahiwal_117_jpg.rf.bbfbf370e1d343d8737fc7da033cb452.jpg,sahiwal,DS08,False,True,channel_analysis,0.0
D:\Projects\Federated_Learning\Master-Dataset\master_dataset\sahiwal\DS08__Sahiwal_118_jpeg.rf.dce9118125148326c084602e62f98b4f.jpg,sahiwal,DS08,False,True,channel_analysis,0.0
D:\Projects\Federated_Learning\Master-Dataset\master_dataset\sahiwal\DS08__Sahiwal_119_png.rf.e0ecfc9cd54aabc6d7732e617562983e.jpg,sahiwal,DS08,False,True,channel_analysis,0.0
D:\Projects\Federated_Learning\Master-Dataset\master_dataset\sahiwal\DS08__Sahiwal_11_jpg.rf.af4bc76bdf99ebe196fa9f8af213bd52.jpg,sahiwal,DS08,False,True,channel_analysis,0.0
D:\Projects\Federated_Learning\Master-Dataset\master_dataset\sahiwal\DS08__Sahiwal_120_jpg.rf.a37ca7f1e918ad4b88f4828fcd9640ab.jpg,sahiwal,DS08,False,True,channel_analysis,0.0
D:\Projects\Federated_Learning\Master-Dataset\master_dataset\sahiwal\DS08__Sahiwal_121_png.rf.77ad84073aaa3c6a03f4ffcc21094ca8.jpg,sahiwal,DS08,False,True,channel_analysis,0.0
D:\Projects\Federated_Learning\Master-Dataset\master_dataset\sahiwal\DS08__Sahiwal_122_jpg.rf.9e8755b003edf0dc5e3e70ac6f5d5e37.jpg,sahiwal,DS08,False,True,channel_analysis,0.0
D:\Projects\Federated_Learning\Master-Dataset\master_dataset\sahiwal\DS08__Sahiwal_123_jpg.rf.0ec7184273089e898402d79dbe6680ae.jpg,sahiwal,DS08,False,True,channel_analysis,0.0
D:\Projects\Federated_Learning\Master-Dataset\master_dataset\sahiwal\DS08__Sahiwal_124_jpg.rf.acf369b08eda85ee15dd7e7c4d164925.jpg,sahiwal,DS08,False,True,channel_analysis,0.0
D:\Projects\Federated_Learning\Master-Dataset\master_dataset\sahiwal\DS08__Sahiwal_125_jpg.rf.911d6b6b008b7f1d8434030ebcb8e946.jpg,sahiwal,DS08,False,True,channel_analysis,0.0
D:\Projects\Federated_Learning\Master-Dataset\master_dataset\sahiwal\DS08__Sahiwal_126_jpg.rf.85df950fbf2b3be5993da9566eb1bd54.jpg,sahiwal,DS08,False,True,channel_analysis,0.0
D:\Projects\Federated_Learning\Master-Dataset\master_dataset\sahiwal\DS08__Sahiwal_127_jpg.rf.be9b2a2462f988332de078412b4813cb.jpg,sahiwal,DS08,False,True,channel_analysis,0.0
D:\Projects\Federated_Learning\Master-Dataset\master_dataset\sahiwal\DS08__Sahiwal_128_jpg.rf.e27c22133b753f1bf7e3346fd8374062.jpg,sahiwal,DS08,False,True,channel_analysis,0.0
D:\Projects\Federated_Learning\Master-Dataset\master_dataset\sahiwal\DS08__Sahiwal_129_jpg.rf.343df6a3abef4dc08ad1984ed9455f34.jpg,sahiwal,DS08,False,True,channel_analysis,0.0
D:\Projects\Federated_Learning\Master-Dataset\master_dataset\sahiwal\DS08__Sahiwal_12_jpg.rf.143bdba477086bfd7ca4bcfd9912aed5.jpg,sahiwal,DS08,False,True,channel_analysis,0.0
D:\Projects\Federated_Learning\Master-Dataset\master_dataset\sahiwal\DS08__Sahiwal_130_jpg.rf.64e583e4100f2e106baf2c091a89aab2.jpg,sahiwal,DS08,False,True,channel_analysis,0.0
D:\Projects\Federated_Learning\Master-Dataset\master_dataset\sahiwal\DS08__Sahiwal_131_png.rf.0b131df3d99633d55bd4ed7e1f9c002b.jpg,sahiwal,DS08,False,True,channel_analysis,0.0
D:\Projects\Federated_Learning\Master-Dataset\master_dataset\sahiwal\DS08__Sahiwal_132_jpg.rf.c1a0db3a4b78f55bd25e0dda3a756dc9.jpg,sahiwal,DS08,False,True,channel_analysis,0.0
D:\Projects\Federated_Learning\Master-Dataset\master_dataset\sahiwal\DS08__Sahiwal_133_jpg.rf.cd23f612c9dd719268f55140174f8ce8.jpg,sahiwal,DS08,False,True,channel_analysis,0.0
D:\Projects\Federated_Learning\Master-Dataset\master_dataset\sahiwal\DS08__Sahiwal_134_jpeg.rf.c61e5ae358231217e70f54c04b0273c6.jpg,sahiwal,DS08,False,True,channel_analysis,0.0
D:\Projects\Federated_Learning\Master-Dataset\master_dataset\sahiwal\DS08__Sahiwal_135_jpg.rf.445bf79cc7ca9412ba9e608694c71210.jpg,sahiwal,DS08,False,True,channel_analysis,0.0
D:\Projects\Federated_Learning\Master-Dataset\master_dataset\sahiwal\DS08__Sahiwal_136_jpg.rf.9246f854b49f562374ca3d64ff278d49.jpg,sahiwal,DS08,False,True,channel_analysis,0.0
D:\Projects\Federated_Learning\Master-Dataset\master_dataset\sahiwal\DS08__Sahiwal_137_jpg.rf.1df7780ce44612b257dc13e9094fdcd6.jpg,sahiwal,DS08,False,True,channel_analysis,0.0
D:\Projects\Federated_Learning\Master-Dataset\master_dataset\sahiwal\DS08__Sahiwal_138_jpg.rf.b1428def7da1d9eb80b2d1c3ebbcfa3f.jpg,sahiwal,DS08,False,True,channel_analysis,0.0
D:\Projects\Federated_Learning\Master-Dataset\master_dataset\sahiwal\DS08__Sahiwal_139_jpg.rf.9036c8a65cf95333f8ad46bd18c7ac90.jpg,sahiwal,DS08,False,True,channel_analysis,0.0
D:\Projects\Federated_Learning\Master-Dataset\master_dataset\sahiwal\DS08__Sahiwal_13_jpg.rf.b4822909d90bf88716f696b7286f6cf5.jpg,sahiwal,DS08,False,True,channel_analysis,0.0
D:\Projects\Federated_Learning\Master-Dataset\master_dataset\sahiwal\DS08__Sahiwal_140_jpg.rf.f191878e92063c8f59b114bfc655b021.jpg,sahiwal,DS08,False,True,channel_analysis,0.0
D:\Projects\Federated_Learning\Master-Dataset\master_dataset\sahiwal\DS08__Sahiwal_141_jpeg.rf.e62f04c317addcc623e0732e95ed74e0__aug5_sahiwal_47.jpg,sahiwal,DS08,False,True,channel_analysis,0.0
D:\Projects\Federated_Learning\Master-Dataset\master_dataset\sahiwal\DS08__Sahiwal_142_jpg.rf.1455645c12602b8d97f82cd8bd6c5e64.jpg,sahiwal,DS08,False,True,channel_analysis,0.0
D:\Projects\Federated_Learning\Master-Dataset\master_dataset\sahiwal\DS08__Sahiwal_143_png.rf.c949e25309fc12dc1efa373c25c232c9.jpg,sahiwal,DS08,False,True,channel_analysis,0.0
D:\Projects\Federated_Learning\Master-Dataset\master_dataset\sahiwal\DS08__Sahiwal_144_png.rf.9a75ad994f0b417ab6d66dc722dc3f28.jpg,sahiwal,DS08,False,True,channel_analysis,0.0
D:\Projects\Federated_Learning\Master-Dataset\master_dataset\sahiwal\DS08__Sahiwal_145_jpg.rf.d01abdeda005030735a45b46a3612772.jpg,sahiwal,DS08,False,True,channel_analysis,0.0
D:\Projects\Federated_Learning\Master-Dataset\master_dataset\sahiwal\DS08__Sahiwal_146_jpg.rf.1d5888a981b8a6a024b5f076ba27d230.jpg,sahiwal,DS08,False,True,channel_analysis,0.0
D:\Projects\Federated_Learning\Master-Dataset\master_dataset\sahiwal\DS08__Sahiwal_148_jpg.rf.90fd256d12e98f7d194c9bda481ae08f.jpg,sahiwal,DS08,False,True,channel_analysis,0.0
D:\Projects\Federated_Learning\Master-Dataset\master_dataset\sahiwal\DS08__Sahiwal_149_jpg.rf.4aa45bd36ffc23193a4f63c0db3ea57b.jpg,sahiwal,DS08,False,True,channel_analysis,0.0
D:\Projects\Federated_Learning\Master-Dataset\master_dataset\sahiwal\DS08__Sahiwal_14_jpg.rf.fea3d622e64d02850b9cea55c98a8535.jpg,sahiwal,DS08,False,True,channel_analysis,0.0
D:\Projects\Federated_Learning\Master-Dataset\master_dataset\sahiwal\DS08__Sahiwal_150_jpg.rf.1dd290f808cdcb993ba787cb7e1a9e19.jpg,sahiwal,DS08,False,True,channel_analysis,0.0
D:\Projects\Federated_Learning\Master-Dataset\master_dataset\sahiwal\DS08__Sahiwal_151_jpg.rf.c627b5ef45c60418cd1fce321408c334.jpg,sahiwal,DS08,False,True,channel_analysis,0.0
D:\Projects\Federated_Learning\Master-Dataset\master_dataset\sahiwal\DS08__Sahiwal_154_jpg.rf.174113ffff8136a1518209b32efdafb2.jpg,sahiwal,DS08,False,True,channel_analysis,0.0
D:\Projects\Federated_Learning\Master-Dataset\master_dataset\sahiwal\DS08__Sahiwal_155_jpg.rf.05ca2e30ed7fe636073256c558bbbf45.jpg,sahiwal,DS08,False,True,channel_analysis,0.0
D:\Projects\Federated_Learning\Master-Dataset\master_dataset\sahiwal\DS08__Sahiwal_156_png.rf.d1acde469524340a9b39e168371e1a03.jpg,sahiwal,DS08,False,True,channel_analysis,0.0
D:\Projects\Federated_Learning\Master-Dataset\master_dataset\sahiwal\DS08__Sahiwal_157_jpg.rf.383be55c26e486a9ab899f4cf29608c2.jpg,sahiwal,DS08,False,True,channel_analysis,0.0
D:\Projects\Federated_Learning\Master-Dataset\master_dataset\sahiwal\DS08__Sahiwal_158_png.rf.7095c65db23bbc66eaf5b88c86b45bcb.jpg,sahiwal,DS08,False,True,channel_analysis,0.0
D:\Projects\Federated_Learning\Master-Dataset\master_dataset\sahiwal\DS08__Sahiwal_159_jpg.rf.0e4639b759c45daa92e9214c73091439.jpg,sahiwal,DS08,False,True,channel_analysis,0.0
D:\Projects\Federated_Learning\Master-Dataset\master_dataset\sahiwal\DS08__Sahiwal_15_png.rf.e8e8f7527df95033b17411b042995523.jpg,sahiwal,DS08,False,True,channel_analysis,0.0
D:\Projects\Federated_Learning\Master-Dataset\master_dataset\sahiwal\DS08__Sahiwal_160_jpg.rf.f3df1a7d4f70935b6c9c8c81e6c30701.jpg,sahiwal,DS08,False,True,channel_analysis,0.0
D:\Projects\Federated_Learning\Master-Dataset\master_dataset\sahiwal\DS08__Sahiwal_161_png.rf.5799395a400f5c255b44e74c04a64c38.jpg,sahiwal,DS08,False,True,channel_analysis,0.0
D:\Projects\Federated_Learning\Master-Dataset\master_dataset\sahiwal\DS08__Sahiwal_162_jpg.rf.c37607a5ff9a2b06a851d6a308167add.jpg,sahiwal,DS08,False,True,channel_analysis,0.0
D:\Projects\Federated_Learning\Master-Dataset\master_dataset\sahiwal\DS08__Sahiwal_163_jpg.rf.523c84aac6d40fb0acbd40a1faa479c5.jpg,sahiwal,DS08,False,True,channel_analysis,0.0
D:\Projects\Federated_Learning\Master-Dataset\master_dataset\sahiwal\DS08__Sahiwal_164_jpg.rf.7f843f9bbace72de6026d81a5191af9a.jpg,sahiwal,DS08,False,True,channel_analysis,0.0
D:\Projects\Federated_Learning\Master-Dataset\master_dataset\sahiwal\DS08__Sahiwal_165_jpg.rf.ce7047030f30db662e1358eb8ad61d17.jpg,sahiwal,DS08,False,True,channel_analysis,0.0
D:\Projects\Federated_Learning\Master-Dataset\master_dataset\sahiwal\DS08__Sahiwal_166_png.rf.8495a0ce8ea7a395f13de65248f6c31c.jpg,sahiwal,DS08,False,True,channel_analysis,0.0
D:\Projects\Federated_Learning\Master-Dataset\master_dataset\sahiwal\DS08__Sahiwal_167_jpg.rf.71a9eb353ca74547af142fd80f5361ec.jpg,sahiwal,DS08,False,True,channel_analysis,0.0
D:\Projects\Federated_Learning\Master-Dataset\master_dataset\sahiwal\DS08__Sahiwal_168_jpg.rf.4b4acc6469b5a2e2a8225f574aba4c01.jpg,sahiwal,DS08,False,True,channel_analysis,0.0
D:\Projects\Federated_Learning\Master-Dataset\master_dataset\sahiwal\DS08__Sahiwal_169_jpg.rf.564b5a6fa46e0df389feaffa9ff7e4da.jpg,sahiwal,DS08,False,True,channel_analysis,0.0
D:\Projects\Federated_Learning\Master-Dataset\master_dataset\sahiwal\DS08__Sahiwal_16_jpg.rf.b3ac53de5d7ff01b490d3a31d4b8d9c9.jpg,sahiwal,DS08,False,True,channel_analysis,0.0
D:\Projects\Federated_Learning\Master-Dataset\master_dataset\sahiwal\DS08__Sahiwal_170_png.rf.9691fe9bf567174e1702c43e7797b906.jpg,sahiwal,DS08,False,True,channel_analysis,0.0
D:\Projects\Federated_Learning\Master-Dataset\master_dataset\sahiwal\DS08__Sahiwal_171_jpg.rf.24155c10d02f0550c5977c65ffdc601e.jpg,sahiwal,DS08,False,True,channel_analysis,0.0
D:\Projects\Federated_Learning\Master-Dataset\master_dataset\sahiwal\DS08__Sahiwal_172_jpg.rf.75dd56689e8c857f6934da29f528f89a.jpg,sahiwal,DS08,False,True,channel_analysis,0.0
D:\Projects\Federated_Learning\Master-Dataset\master_dataset\sahiwal\DS08__Sahiwal_173_jpg.rf.d9e2c9d4c5d24954f877073e8e7c6274.jpg,sahiwal,DS08,False,True,channel_analysis,0.0
D:\Projects\Federated_Learning\Master-Dataset\master_dataset\sahiwal\DS08__Sahiwal_174_jpg.rf.f553497f1fc6f1d59d30ef3676a8b27a.jpg,sahiwal,DS08,False,True,channel_analysis,0.0
D:\Projects\Federated_Learning\Master-Dataset\master_dataset\sahiwal\DS08__Sahiwal_175_jpg.rf.d5cf4f048cd392004d27779b32c5ed19.jpg,sahiwal,DS08,False,True,channel_analysis,0.0
D:\Projects\Federated_Learning\Master-Dataset\master_dataset\sahiwal\DS08__Sahiwal_176_jpg.rf.18755cce03a8873d205b712422b57118.jpg,sahiwal,DS08,False,True,channel_analysis,0.0
D:\Projects\Federated_Learning\Master-Dataset\master_dataset\sahiwal\DS08__Sahiwal_178_png.rf.2357366ee8a55298efadefd6b8e91190.jpg,sahiwal,DS08,False,True,channel_analysis,0.0
D:\Projects\Federated_Learning\Master-Dataset\master_dataset\sahiwal\DS08__Sahiwal_17_jpg.rf.64ac85ec19de225f1383e9aefd7adc73.jpg,sahiwal,DS08,False,True,channel_analysis,0.0
D:\Projects\Federated_Learning\Master-Dataset\master_dataset\sahiwal\DS08__Sahiwal_180_png.rf.b3f7f43328f6de235ce9e355d096f4c3.jpg,sahiwal,DS08,False,True,channel_analysis,0.0
D:\Projects\Federated_Learning\Master-Dataset\master_dataset\sahiwal\DS08__Sahiwal_181_jpg.rf.b3bc68175c1a7d3c1298bd5f72b145b8.jpg,sahiwal,DS08,False,True,channel_analysis,0.0
D:\Projects\Federated_Learning\Master-Dataset\master_dataset\sahiwal\DS08__Sahiwal_182_jpg.rf.692c7cc32d56c87773d3d3bd6a0cbb78.jpg,sahiwal,DS08,False,True,channel_analysis,0.0
D:\Projects\Federated_Learning\Master-Dataset\master_dataset\sahiwal\DS08__Sahiwal_183_jpg.rf.368c5184b26dfec6d7b5df9ec1307daf.jpg,sahiwal,DS08,False,True,channel_analysis,0.0
D:\Projects\Federated_Learning\Master-Dataset\master_dataset\sahiwal\DS08__Sahiwal_184_jpeg.rf.08aa43589d755a1d4e836a8e37b1a3cd.jpg,sahiwal,DS08,False,True,channel_analysis,0.0
D:\Projects\Federated_Learning\Master-Dataset\master_dataset\sahiwal\DS08__Sahiwal_185_jpg.rf.6b95a1ca6a80b717f1900efbcd2a7150.jpg,sahiwal,DS08,False,True,channel_analysis,0.0
D:\Projects\Federated_Learning\Master-Dataset\master_dataset\sahiwal\DS08__Sahiwal_186_jpg.rf.74297c2309c57f26437b4d724feb21fe.jpg,sahiwal,DS08,False,True,channel_analysis,0.0
D:\Projects\Federated_Learning\Master-Dataset\master_dataset\sahiwal\DS08__Sahiwal_187_jpg.rf.e413a863f4c7a008c4fdd1e8290e1900.jpg,sahiwal,DS08,False,True,channel_analysis,0.0
D:\Projects\Federated_Learning\Master-Dataset\master_dataset\sahiwal\DS08__Sahiwal_188_jpg.rf.b145b8a748f16181b12f2d4d16398efb.jpg,sahiwal,DS08,False,True,channel_analysis,0.0
D:\Projects\Federated_Learning\Master-Dataset\master_dataset\sahiwal\DS08__Sahiwal_189_jpg.rf.631939692e2f76e988de1c0f212a69ee.jpg,sahiwal,DS08,False,True,channel_analysis,0.0
D:\Projects\Federated_Learning\Master-Dataset\master_dataset\sahiwal\DS08__Sahiwal_18_jpg.rf.c4c0a38360691eab297e9e87be3b9cda.jpg,sahiwal,DS08,False,True,channel_analysis,0.0
D:\Projects\Federated_Learning\Master-Dataset\master_dataset\sahiwal\DS08__Sahiwal_190_jpg.rf.66fc2d8802a19ba2b489f9bd698b4a43.jpg,sahiwal,DS08,False,True,channel_analysis,0.0
D:\Projects\Federated_Learning\Master-Dataset\master_dataset\sahiwal\DS08__Sahiwal_191_jpg.rf.b36f65d3bd9acf04b1f824a7a1cf69f0.jpg,sahiwal,DS08,False,True,channel_analysis,0.0
D:\Projects\Federated_Learning\Master-Dataset\master_dataset\sahiwal\DS08__Sahiwal_192_jpg.rf.5fef24debba3db3367363dd4b836b1d3.jpg,sahiwal,DS08,False,True,channel_analysis,0.0
D:\Projects\Federated_Learning\Master-Dataset\master_dataset\sahiwal\DS08__Sahiwal_193_jpg.rf.caf91f1a2acdc1339d347c3347aa3502.jpg,sahiwal,DS08,False,True,channel_analysis,0.0
D:\Projects\Federated_Learning\Master-Dataset\master_dataset\sahiwal\DS08__Sahiwal_194_jpg.rf.a6acf704702de6f85b1cad11c9ba8d79.jpg,sahiwal,DS08,False,True,channel_analysis,0.0
D:\Projects\Federated_Learning\Master-Dataset\master_dataset\sahiwal\DS08__Sahiwal_195_jpg.rf.c0164736b28f1f3c46d064a125969d9e.jpg,sahiwal,DS08,False,True,channel_analysis,0.0
D:\Projects\Federated_Learning\Master-Dataset\master_dataset\sahiwal\DS08__Sahiwal_196_jpg.rf.f36bd4ea404c516ac2f992d5b3c7266e.jpg,sahiwal,DS08,False,True,channel_analysis,0.0
D:\Projects\Federated_Learning\Master-Dataset\master_dataset\sahiwal\DS08__Sahiwal_197_jpg.rf.eb950768cdeb685404110dae169d9965.jpg,sahiwal,DS08,False,True,channel_analysis,0.0
D:\Projects\Federated_Learning\Master-Dataset\master_dataset\sahiwal\DS08__Sahiwal_198_png.rf.798258e462b392f157021744254546df.jpg,sahiwal,DS08,False,True,channel_analysis,0.0
D:\Projects\Federated_Learning\Master-Dataset\master_dataset\sahiwal\DS08__Sahiwal_199_jpg.rf.7d3cc4f7d1d99e6464d9cf19305e2283.jpg,sahiwal,DS08,False,True,channel_analysis,0.0
D:\Projects\Federated_Learning\Master-Dataset\master_dataset\sahiwal\DS08__Sahiwal_19_jpg.rf.948038d530d00f56d2c3eb2a6f3c9ab5__aug2_sahiwal_772.jpg,sahiwal,DS08,False,True,channel_analysis,0.0
D:\Projects\Federated_Learning\Master-Dataset\master_dataset\sahiwal\DS08__Sahiwal_1_JPG.rf.5fd154c456d3f4546161e3ebc054f036.jpg,sahiwal,DS08,False,True,channel_analysis,0.0
D:\Projects\Federated_Learning\Master-Dataset\master_dataset\sahiwal\DS08__Sahiwal_200_png.rf.637cc43c72c217b1f5e81b06f1836d07.jpg,sahiwal,DS08,False,True,channel_analysis,0.0
D:\Projects\Federated_Learning\Master-Dataset\master_dataset\sahiwal\DS08__Sahiwal_201_jpg.rf.337bbaba52a5b3ef9308f0199b625b9d.jpg,sahiwal,DS08,False,True,channel_analysis,0.0
D:\Projects\Federated_Learning\Master-Dataset\master_dataset\sahiwal\DS08__Sahiwal_202_jpg.rf.0d7e523e0956f5f6e66033093170d795.jpg,sahiwal,DS08,False,True,channel_analysis,0.0
D:\Projects\Federated_Learning\Master-Dataset\master_dataset\sahiwal\DS08__Sahiwal_203_jpg.rf.9ae117854dbf4992656f447ea6e871c7.jpg,sahiwal,DS08,False,True,channel_analysis,0.0
D:\Projects\Federated_Learning\Master-Dataset\master_dataset\sahiwal\DS08__Sahiwal_204_jpg.rf.90d0660f52ec1877f875703b1b49bd4d.jpg,sahiwal,DS08,False,True,channel_analysis,0.0
D:\Projects\Federated_Learning\Master-Dataset\master_dataset\sahiwal\DS08__Sahiwal_205_jpg.rf.4ff6e7117f08c46f77f2c3d08499f00e.jpg,sahiwal,DS08,False,True,channel_analysis,0.0
D:\Projects\Federated_Learning\Master-Dataset\master_dataset\sahiwal\DS08__Sahiwal_206_jpg.rf.f9695a3e07878bda3fd28b410fc2a479.jpg,sahiwal,DS08,False,True,channel_analysis,0.0
D:\Projects\Federated_Learning\Master-Dataset\master_dataset\sahiwal\DS08__Sahiwal_207_jpg.rf.5e40db44f43b621c0e4b0cd6d0701db0.jpg,sahiwal,DS08,False,True,channel_analysis,0.0
D:\Projects\Federated_Learning\Master-Dataset\master_dataset\sahiwal\DS08__Sahiwal_208_jpeg.rf.0fad33e695935b53a72df33cb8cae501.jpg,sahiwal,DS08,False,True,channel_analysis,0.0
D:\Projects\Federated_Learning\Master-Dataset\master_dataset\sahiwal\DS08__Sahiwal_209_jpg.rf.7d0cd3ca9ee9a839fbe86d4d6ac413ba.jpg,sahiwal,DS08,False,True,channel_analysis,0.0
D:\Projects\Federated_Learning\Master-Dataset\master_dataset\sahiwal\DS08__Sahiwal_20_jpg.rf.c06e79deaacf427164828d164ed5e880.jpg,sahiwal,DS08,False,True,channel_analysis,0.0
D:\Projects\Federated_Learning\Master-Dataset\master_dataset\sahiwal\DS08__Sahiwal_210_jpg.rf.051a5e8fb6a4586553f8e242299bf1ae.jpg,sahiwal,DS08,False,True,channel_analysis,0.0
D:\Projects\Federated_Learning\Master-Dataset\master_dataset\sahiwal\DS08__Sahiwal_211_jpg.rf.993ad045e2afc393837724571804f8d2.jpg,sahiwal,DS08,False,True,channel_analysis,0.0
D:\Projects\Federated_Learning\Master-Dataset\master_dataset\sahiwal\DS08__Sahiwal_212_jpg.rf.8fd577910e67de4f36661478656c6209.jpg,sahiwal,DS08,False,True,channel_analysis,0.0
D:\Projects\Federated_Learning\Master-Dataset\master_dataset\sahiwal\DS08__Sahiwal_213_png.rf.c78e9d7eee9173e4bfa9a47143d9e398.jpg,sahiwal,DS08,False,True,channel_analysis,0.0
D:\Projects\Federated_Learning\Master-Dataset\master_dataset\sahiwal\DS08__Sahiwal_214_jpg.rf.0cf4b9129b9c87c125de544f0be0ac05.jpg,sahiwal,DS08,False,True,channel_analysis,0.0
D:\Projects\Federated_Learning\Master-Dataset\master_dataset\sahiwal\DS08__Sahiwal_215_jpg.rf.39462c23545201385207b3d497934736.jpg,sahiwal,DS08,False,True,channel_analysis,0.0
D:\Projects\Federated_Learning\Master-Dataset\master_dataset\sahiwal\DS08__Sahiwal_216_jpg.rf.dd89eca3a0f297208807849ff3064686.jpg,sahiwal,DS08,False,True,channel_analysis,0.0
D:\Projects\Federated_Learning\Master-Dataset\master_dataset\sahiwal\DS08__Sahiwal_218_png.rf.46f39822f09ece3d68de072fde19f82b.jpg,sahiwal,DS08,False,True,channel_analysis,0.0
D:\Projects\Federated_Learning\Master-Dataset\master_dataset\sahiwal\DS08__Sahiwal_219_jpg.rf.2a1e568f33cee3a8493d59b344b887be.jpg,sahiwal,DS08,False,True,channel_analysis,0.0
D:\Projects\Federated_Learning\Master-Dataset\master_dataset\sahiwal\DS08__Sahiwal_21_jpg.rf.e10818afb74b63fd22f0ec390b90f0d0.jpg,sahiwal,DS08,False,True,channel_analysis,0.0
D:\Projects\Federated_Learning\Master-Dataset\master_dataset\sahiwal\DS08__Sahiwal_220_jpg.rf.4cddf5feab3787d4373a212bd9d033e3.jpg,sahiwal,DS08,False,True,channel_analysis,0.0
D:\Projects\Federated_Learning\Master-Dataset\master_dataset\sahiwal\DS08__Sahiwal_221_jpg.rf.14bc4bc9df0d3238bb21637294d0a464.jpg,sahiwal,DS08,False,True,channel_analysis,0.0
D:\Projects\Federated_Learning\Master-Dataset\master_dataset\sahiwal\DS08__Sahiwal_222_jpg.rf.946651323d47650ec9795e0bf736c337.jpg,sahiwal,DS08,False,True,channel_analysis,0.0
D:\Projects\Federated_Learning\Master-Dataset\master_dataset\sahiwal\DS08__Sahiwal_223_jpg.rf.09fd2758e066b7e23065ec333191edda.jpg,sahiwal,DS08,False,True,channel_analysis,0.0
D:\Projects\Federated_Learning\Master-Dataset\master_dataset\sahiwal\DS08__Sahiwal_224_jpg.rf.568178c91230843495a3cf391e957a65.jpg,sahiwal,DS08,False,True,channel_analysis,0.0
D:\Projects\Federated_Learning\Master-Dataset\master_dataset\sahiwal\DS08__Sahiwal_225_jpg.rf.3fe4ba829fdd278381ba0162a7a028e7__aug2_sahiwal_774.jpg,sahiwal,DS08,False,True,channel_analysis,0.0
D:\Projects\Federated_Learning\Master-Dataset\master_dataset\sahiwal\DS08__Sahiwal_226_jpg.rf.cd68ef7c9ac9a5cd1b58ac97ef0654ec.jpg,sahiwal,DS08,False,True,channel_analysis,0.0
D:\Projects\Federated_Learning\Master-Dataset\master_dataset\sahiwal\DS08__Sahiwal_227_jpg.rf.06426eac253c10b94281335d97ecf19f.jpg,sahiwal,DS08,False,True,channel_analysis,0.0
D:\Projects\Federated_Learning\Master-Dataset\master_dataset\sahiwal\DS08__Sahiwal_228_jpg.rf.0d82c94d41fcefde877b8e21bf4a11ba.jpg,sahiwal,DS08,False,True,channel_analysis,0.0
D:\Projects\Federated_Learning\Master-Dataset\master_dataset\sahiwal\DS08__Sahiwal_229_jpg.rf.727995375e4b98f76da31c089ccd865d.jpg,sahiwal,DS08,False,True,channel_analysis,0.0
D:\Projects\Federated_Learning\Master-Dataset\master_dataset\sahiwal\DS08__Sahiwal_22_jpg.rf.0a9cffd88ee53420ef3ea60b93ed2801.jpg,sahiwal,DS08,False,True,channel_analysis,0.0
D:\Projects\Federated_Learning\Master-Dataset\master_dataset\sahiwal\DS08__Sahiwal_230_jpeg.rf.dfd64295f571b0785722ec0c197b107b.jpg,sahiwal,DS08,False,True,channel_analysis,0.0
D:\Projects\Federated_Learning\Master-Dataset\master_dataset\sahiwal\DS08__Sahiwal_231_jpg.rf.e08fd2540d07f1b62cab8320edd666b0.jpg,sahiwal,DS08,False,True,channel_analysis,0.0
D:\Projects\Federated_Learning\Master-Dataset\master_dataset\sahiwal\DS08__Sahiwal_232_jpg.rf.4d65be136a84b135b4f4d76d0f58b9ff.jpg,sahiwal,DS08,False,True,channel_analysis,0.0
D:\Projects\Federated_Learning\Master-Dataset\master_dataset\sahiwal\DS08__Sahiwal_233_jpg.rf.66cd4d8f25a39e538260a1caa61dc711.jpg,sahiwal,DS08,False,True,channel_analysis,0.0
D:\Projects\Federated_Learning\Master-Dataset\master_dataset\sahiwal\DS08__Sahiwal_234_jpg.rf.ceaf068340ae26c96e650fff904799e6.jpg,sahiwal,DS08,False,True,channel_analysis,0.0
D:\Projects\Federated_Learning\Master-Dataset\master_dataset\sahiwal\DS08__Sahiwal_235_png.rf.6cd4bd17b23c39e0afb77361050b5035.jpg,sahiwal,DS08,False,True,channel_analysis,0.0
D:\Projects\Federated_Learning\Master-Dataset\master_dataset\sahiwal\DS08__Sahiwal_236_jpg.rf.b89a34e8771be0640d3108da37adef06.jpg,sahiwal,DS08,False,True,channel_analysis,0.0
D:\Projects\Federated_Learning\Master-Dataset\master_dataset\sahiwal\DS08__Sahiwal_237_jpg.rf.c37682907eb3cae66c033cdae56c831e.jpg,sahiwal,DS08,False,True,channel_analysis,0.0
D:\Projects\Federated_Learning\Master-Dataset\master_dataset\sahiwal\DS08__Sahiwal_238_jpg.rf.d5daff54769e8bbf61cd200868a2fa9f.jpg,sahiwal,DS08,False,True,channel_analysis,0.0
D:\Projects\Federated_Learning\Master-Dataset\master_dataset\sahiwal\DS08__Sahiwal_239_jpg.rf.33b238f521ec83a7ea278c7c78c807cf.jpg,sahiwal,DS08,False,True,channel_analysis,0.0
D:\Projects\Federated_Learning\Master-Dataset\master_dataset\sahiwal\DS08__Sahiwal_23_jpg.rf.deab6e290d24af097cc8cd48dbb616a5.jpg,sahiwal,DS08,False,True,channel_analysis,0.0
D:\Projects\Federated_Learning\Master-Dataset\master_dataset\sahiwal\DS08__Sahiwal_240_jpg.rf.e57d880bacfbe1775dd4d3d7465b2ba6.jpg,sahiwal,DS08,False,True,channel_analysis,0.0
D:\Projects\Federated_Learning\Master-Dataset\master_dataset\sahiwal\DS08__Sahiwal_241_jpg.rf.95e1032ff2121e52c360848b1f7bcf93.jpg,sahiwal,DS08,False,True,channel_analysis,0.0
D:\Projects\Federated_Learning\Master-Dataset\master_dataset\sahiwal\DS08__Sahiwal_242_jpg.rf.45874838bf003637bd5aa8806525a2b5.jpg,sahiwal,DS08,False,True,channel_analysis,0.0
D:\Projects\Federated_Learning\Master-Dataset\master_dataset\sahiwal\DS08__Sahiwal_243_jpg.rf.6ef08a05b8a1e55c523176f41388c6aa.jpg,sahiwal,DS08,False,True,channel_analysis,0.0
D:\Projects\Federated_Learning\Master-Dataset\master_dataset\sahiwal\DS08__Sahiwal_244_jpg.rf.8e513b2d4a4ae74eea4b77c32975bf44.jpg,sahiwal,DS08,False,True,channel_analysis,0.0
D:\Projects\Federated_Learning\Master-Dataset\master_dataset\sahiwal\DS08__Sahiwal_245_jpg.rf.f4053c2bbb2e35ef23d86f89bae4daae.jpg,sahiwal,DS08,False,True,channel_analysis,0.0
D:\Projects\Federated_Learning\Master-Dataset\master_dataset\sahiwal\DS08__Sahiwal_246_jpg.rf.7a67a5475cea1f7fbfc02f5195bd8e6e.jpg,sahiwal,DS08,False,True,channel_analysis,0.0
D:\Projects\Federated_Learning\Master-Dataset\master_dataset\sahiwal\DS08__Sahiwal_247_jpeg.rf.94f226898896404bf3de17bd557cfaca.jpg,sahiwal,DS08,False,True,channel_analysis,0.0
D:\Projects\Federated_Learning\Master-Dataset\master_dataset\sahiwal\DS08__Sahiwal_248_jpg.rf.d58f71211b060de6e7706d2e9310fe8b.jpg,sahiwal,DS08,False,True,channel_analysis,0.0
D:\Projects\Federated_Learning\Master-Dataset\master_dataset\sahiwal\DS08__Sahiwal_249_jpg.rf.239ce944653af7f0a3099aa236c0e162.jpg,sahiwal,DS08,False,True,channel_analysis,0.0
D:\Projects\Federated_Learning\Master-Dataset\master_dataset\sahiwal\DS08__Sahiwal_24_jpg.rf.d9c9d610cdc3f97a74cba006ffe1aab0.jpg,sahiwal,DS08,False,True,channel_analysis,0.0
D:\Projects\Federated_Learning\Master-Dataset\master_dataset\sahiwal\DS08__Sahiwal_250_jpg.rf.5f2f70337bf0175f12c909da1362b8a7.jpg,sahiwal,DS08,False,True,channel_analysis,0.0
D:\Projects\Federated_Learning\Master-Dataset\master_dataset\sahiwal\DS08__Sahiwal_251_jpg.rf.9ebc36bd6cf2f92ac445e3ed4e6cbb5f.jpg,sahiwal,DS08,False,True,channel_analysis,0.0
D:\Projects\Federated_Learning\Master-Dataset\master_dataset\sahiwal\DS08__Sahiwal_252_jpg.rf.dd5737c1a9d3485c07658bc125131f0b.jpg,sahiwal,DS08,False,True,channel_analysis,0.0
D:\Projects\Federated_Learning\Master-Dataset\master_dataset\sahiwal\DS08__Sahiwal_253_jpg.rf.17407d5a0fd3778623b0748b479acd63__aug1_sahiwal_776.jpg,sahiwal,DS08,False,True,channel_analysis,0.0
D:\Projects\Federated_Learning\Master-Dataset\master_dataset\sahiwal\DS08__Sahiwal_254_png.rf.f8c36f1bb05aa3ed3b9b08ee3d321afd.jpg,sahiwal,DS08,False,True,channel_analysis,0.0
D:\Projects\Federated_Learning\Master-Dataset\master_dataset\sahiwal\DS08__Sahiwal_255_jpg.rf.ab790ec5739161b287a34370b2aed47b.jpg,sahiwal,DS08,False,True,channel_analysis,0.0
D:\Projects\Federated_Learning\Master-Dataset\master_dataset\sahiwal\DS08__Sahiwal_256_jpg.rf.7d498b21e2e62b4cb6bc0f0ebcdad393.jpg,sahiwal,DS08,False,True,channel_analysis,0.0
D:\Projects\Federated_Learning\Master-Dataset\master_dataset\sahiwal\DS08__Sahiwal_257_jpg.rf.d8c590ad585ff926478dde8747ab6b93.jpg,sahiwal,DS08,False,True,channel_analysis,0.0
D:\Projects\Federated_Learning\Master-Dataset\master_dataset\sahiwal\DS08__Sahiwal_258_jpg.rf.c39a430fce8a07f8b56bd436e2667061.jpg,sahiwal,DS08,False,True,channel_analysis,0.0
D:\Projects\Federated_Learning\Master-Dataset\master_dataset\sahiwal\DS08__Sahiwal_259_jpg.rf.f8fade34d811e7211b99801f67348ede.jpg,sahiwal,DS08,False,True,channel_analysis,0.0
D:\Projects\Federated_Learning\Master-Dataset\master_dataset\sahiwal\DS08__Sahiwal_25_jpg.rf.4167bd0874f1e54d05a5729aac6f9182.jpg,sahiwal,DS08,False,True,channel_analysis,0.0
D:\Projects\Federated_Learning\Master-Dataset\master_dataset\sahiwal\DS08__Sahiwal_260_png.rf.678c6dec408d3d11563db9b515562c3a.jpg,sahiwal,DS08,False,True,channel_analysis,0.0
D:\Projects\Federated_Learning\Master-Dataset\master_dataset\sahiwal\DS08__Sahiwal_261_jpg.rf.24e26cdb52595f4b2898196a45e65295.jpg,sahiwal,DS08,False,True,channel_analysis,0.0
D:\Projects\Federated_Learning\Master-Dataset\master_dataset\sahiwal\DS08__Sahiwal_262_jpeg.rf.c3ee54a88dc1dc268471d3ef3a5947a9.jpg,sahiwal,DS08,False,True,channel_analysis,0.0
D:\Projects\Federated_Learning\Master-Dataset\master_dataset\sahiwal\DS08__Sahiwal_263_jpg.rf.126fefbdff6c6c350b69795889719cd2.jpg,sahiwal,DS08,False,True,channel_analysis,0.0
D:\Projects\Federated_Learning\Master-Dataset\master_dataset\sahiwal\DS08__Sahiwal_264_jpg.rf.128c03accfeb3d526271e52c9dfea152.jpg,sahiwal,DS08,False,True,channel_analysis,0.0
D:\Projects\Federated_Learning\Master-Dataset\master_dataset\sahiwal\DS08__Sahiwal_265_jpg.rf.0518df08b7e3e5cd207149213c630d1b.jpg,sahiwal,DS08,False,True,channel_analysis,0.0
D:\Projects\Federated_Learning\Master-Dataset\master_dataset\sahiwal\DS08__Sahiwal_266_jpg.rf.0c22e3d0a48ebada3c4f93a2c9ed1620.jpg,sahiwal,DS08,False,True,channel_analysis,0.0
D:\Projects\Federated_Learning\Master-Dataset\master_dataset\sahiwal\DS08__Sahiwal_267_jpg.rf.7712ceca85481393335c13c0c47d193c.jpg,sahiwal,DS08,False,True,channel_analysis,0.0
D:\Projects\Federated_Learning\Master-Dataset\master_dataset\sahiwal\DS08__Sahiwal_268_png.rf.789e5f1f6392f4cae9def1b7c10ab719.jpg,sahiwal,DS08,False,True,channel_analysis,0.0
D:\Projects\Federated_Learning\Master-Dataset\master_dataset\sahiwal\DS08__Sahiwal_269_jpg.rf.bf2b8f0463bd08f1b518052259653635.jpg,sahiwal,DS08,False,True,channel_analysis,0.0
D:\Projects\Federated_Learning\Master-Dataset\master_dataset\sahiwal\DS08__Sahiwal_26_jpg.rf.b10de81b1a3aa26c793662c533a197c7.jpg,sahiwal,DS08,False,True,channel_analysis,0.0
D:\Projects\Federated_Learning\Master-Dataset\master_dataset\sahiwal\DS08__Sahiwal_270_jpg.rf.60936ef3ebf7daa4c15556f1cc4f7bae.jpg,sahiwal,DS08,False,True,channel_analysis,0.0
D:\Projects\Federated_Learning\Master-Dataset\master_dataset\sahiwal\DS08__Sahiwal_271_jpg.rf.9e08873de2f6e2e19cd4fd0fa2c5bb28.jpg,sahiwal,DS08,False,True,channel_analysis,0.0
D:\Projects\Federated_Learning\Master-Dataset\master_dataset\sahiwal\DS08__Sahiwal_272_jpg.rf.020d5229932c50c1f2554e079a5ca0ab.jpg,sahiwal,DS08,False,True,channel_analysis,0.0
D:\Projects\Federated_Learning\Master-Dataset\master_dataset\sahiwal\DS08__Sahiwal_273_jpg.rf.8d7e8987691feb6e8b287ad751078c32.jpg,sahiwal,DS08,False,True,channel_analysis,0.0
D:\Projects\Federated_Learning\Master-Dataset\master_dataset\sahiwal\DS08__Sahiwal_274_jpg.rf.51ea67ce2a6e51a6174d5debdf51b8f8.jpg,sahiwal,DS08,False,True,channel_analysis,0.0
D:\Projects\Federated_Learning\Master-Dataset\master_dataset\sahiwal\DS08__Sahiwal_275_jpg.rf.d3d86d29beaa7a664b280e7351b07a8a.jpg,sahiwal,DS08,False,True,channel_analysis,0.0
D:\Projects\Federated_Learning\Master-Dataset\master_dataset\sahiwal\DS08__Sahiwal_276_jpg.rf.f6000b83080939c18df5e37acd547bb8.jpg,sahiwal,DS08,False,True,channel_analysis,0.0
D:\Projects\Federated_Learning\Master-Dataset\master_dataset\sahiwal\DS08__Sahiwal_277_jpg.rf.daa691d9dbc23c5bb5e6b96e9a92df24.jpg,sahiwal,DS08,False,True,channel_analysis,0.0
D:\Projects\Federated_Learning\Master-Dataset\master_dataset\sahiwal\DS08__Sahiwal_278_jpg.rf.90c121c56b635e1018d3b6c72ef85c97.jpg,sahiwal,DS08,False,True,channel_analysis,0.0
D:\Projects\Federated_Learning\Master-Dataset\master_dataset\sahiwal\DS08__Sahiwal_279_jpeg.rf.b6091de4a1c7909da24c3f69c307d3b0.jpg,sahiwal,DS08,False,True,channel_analysis,0.0
D:\Projects\Federated_Learning\Master-Dataset\master_dataset\sahiwal\DS08__Sahiwal_27_jpg.rf.99ef25cc0166250a20d20684415a5405.jpg,sahiwal,DS08,False,True,channel_analysis,0.0
D:\Projects\Federated_Learning\Master-Dataset\master_dataset\sahiwal\DS08__Sahiwal_280_jpg.rf.a363f4a5e47f96519b94300db7831778.jpg,sahiwal,DS08,False,True,channel_analysis,0.0
D:\Projects\Federated_Learning\Master-Dataset\master_dataset\sahiwal\DS08__Sahiwal_281_jpg.rf.7a8cb0e02f740d3b0e3320df1c92ff0a.jpg,sahiwal,DS08,False,True,channel_analysis,0.0
D:\Projects\Federated_Learning\Master-Dataset\master_dataset\sahiwal\DS08__Sahiwal_282_png.rf.df3e1cfcf907fa4c5082018f1195fc64.jpg,sahiwal,DS08,False,True,channel_analysis,0.0
D:\Projects\Federated_Learning\Master-Dataset\master_dataset\sahiwal\DS08__Sahiwal_283_jpg.rf.b759076de01c2d645108aa4c5e534d43.jpg,sahiwal,DS08,False,True,channel_analysis,0.0
D:\Projects\Federated_Learning\Master-Dataset\master_dataset\sahiwal\DS08__Sahiwal_284_jpg.rf.5ea998b397de73587bc4cd76a10c2f85.jpg,sahiwal,DS08,False,True,channel_analysis,0.0
D:\Projects\Federated_Learning\Master-Dataset\master_dataset\sahiwal\DS08__Sahiwal_285_jpg.rf.0fe1c2c1e6a80deb65d9b8fa6c6199f0.jpg,sahiwal,DS08,False,True,channel_analysis,0.0
D:\Projects\Federated_Learning\Master-Dataset\master_dataset\sahiwal\DS08__Sahiwal_286_jpg.rf.79b880984022e4663c8da7c65b8b3780__aug3_sahiwal_196.jpg,sahiwal,DS08,False,True,channel_analysis,0.0
D:\Projects\Federated_Learning\Master-Dataset\master_dataset\sahiwal\DS08__Sahiwal_287_jpg.rf.39833776c688b4ddfd645df960c9b1d3.jpg,sahiwal,DS08,False,True,channel_analysis,0.0
D:\Projects\Federated_Learning\Master-Dataset\master_dataset\sahiwal\DS08__Sahiwal_288_jpg.rf.190a14bd01fbee212debf285e781c59d.jpg,sahiwal,DS08,False,True,channel_analysis,0.0
D:\Projects\Federated_Learning\Master-Dataset\master_dataset\sahiwal\DS08__Sahiwal_289_jpg.rf.648c92f7dd5af236d6b79aa55c7a29a0.jpg,sahiwal,DS08,False,True,channel_analysis,0.0
D:\Projects\Federated_Learning\Master-Dataset\master_dataset\sahiwal\DS08__Sahiwal_28_jpg.rf.88d2b42f315a1fcfa4536a25d1be996e.jpg,sahiwal,DS08,False,True,channel_analysis,0.0
D:\Projects\Federated_Learning\Master-Dataset\master_dataset\sahiwal\DS08__Sahiwal_290_jpg.rf.d3b246521b305c247dc91774f8412a5e__aug2_sahiwal_779.jpg,sahiwal,DS08,False,True,channel_analysis,0.0
D:\Projects\Federated_Learning\Master-Dataset\master_dataset\sahiwal\DS08__Sahiwal_291_jpg.rf.8e0acaba13a20c13261c423249253799.jpg,sahiwal,DS08,False,True,channel_analysis,0.0
D:\Projects\Federated_Learning\Master-Dataset\master_dataset\sahiwal\DS08__Sahiwal_292_jpg.rf.2586cc98d7f1f10752b620cb52b11197.jpg,sahiwal,DS08,False,True,channel_analysis,0.0
D:\Projects\Federated_Learning\Master-Dataset\master_dataset\sahiwal\DS08__Sahiwal_293_jpg.rf.f9ecfa8ab064e6fa2354a1d7023e6d9e__aug1_sahiwal_780.jpg,sahiwal,DS08,False,True,channel_analysis,0.0
D:\Projects\Federated_Learning\Master-Dataset\master_dataset\sahiwal\DS08__Sahiwal_294_jpg.rf.c762e7c251c71051e4c2952f166742c8.jpg,sahiwal,DS08,False,True,channel_analysis,0.0
D:\Projects\Federated_Learning\Master-Dataset\master_dataset\sahiwal\DS08__Sahiwal_295_jpg.rf.98bccd1be74efd0c18f0b5a8d20b94e8__aug4_sahiwal_196.jpg,sahiwal,DS08,False,True,channel_analysis,0.0
D:\Projects\Federated_Learning\Master-Dataset\master_dataset\sahiwal\DS08__Sahiwal_296_jpg.rf.6547d0d6993c408037b07302cd3d1849.jpg,sahiwal,DS08,False,True,channel_analysis,0.0
D:\Projects\Federated_Learning\Master-Dataset\master_dataset\sahiwal\DS08__Sahiwal_297_jpg.rf.b94310a958c2dc2aac258332ba96c078.jpg,sahiwal,DS08,False,True,channel_analysis,0.0
D:\Projects\Federated_Learning\Master-Dataset\master_dataset\sahiwal\DS08__Sahiwal_298_jpg.rf.1d3f5e31a9e748a2f83f8a21de666d67.jpg,sahiwal,DS08,False,True,channel_analysis,0.0
D:\Projects\Federated_Learning\Master-Dataset\master_dataset\sahiwal\DS08__Sahiwal_299_jpg.rf.089055b23ce2e8e8f03e4292c40d5c26__aug1_sahiwal_960.jpg,sahiwal,DS08,False,True,channel_analysis,0.0
D:\Projects\Federated_Learning\Master-Dataset\master_dataset\sahiwal\DS08__Sahiwal_29_jpg.rf.39db408c63660605587e79ed328ad66b.jpg,sahiwal,DS08,False,True,channel_analysis,0.0
D:\Projects\Federated_Learning\Master-Dataset\master_dataset\sahiwal\DS08__Sahiwal_2_JPG.rf.e869479fc564b48ddec7f767f813e092.jpg,sahiwal,DS08,False,True,channel_analysis,0.0
D:\Projects\Federated_Learning\Master-Dataset\master_dataset\sahiwal\DS08__Sahiwal_300_jpg.rf.c5822e344e1c2ad01cae60da0d63c47d.jpg,sahiwal,DS08,False,True,channel_analysis,0.0
D:\Projects\Federated_Learning\Master-Dataset\master_dataset\sahiwal\DS08__Sahiwal_301_jpg.rf.9558445d342ae1956ff67df0fc1645b1.jpg,sahiwal,DS08,False,True,channel_analysis,0.0
D:\Projects\Federated_Learning\Master-Dataset\master_dataset\sahiwal\DS08__Sahiwal_302_jpg.rf.2824932449caf2637d9b420b412d1743.jpg,sahiwal,DS08,False,True,channel_analysis,0.0
D:\Projects\Federated_Learning\Master-Dataset\master_dataset\sahiwal\DS08__Sahiwal_303_jpg.rf.3cffb051eb617d9a331e9c72bbebb4c1.jpg,sahiwal,DS08,False,True,channel_analysis,0.0
D:\Projects\Federated_Learning\Master-Dataset\master_dataset\sahiwal\DS08__Sahiwal_304_jpg.rf.0efd81456b19f52938c8d62c9d2afaf4.jpg,sahiwal,DS08,False,True,channel_analysis,0.0
D:\Projects\Federated_Learning\Master-Dataset\master_dataset\sahiwal\DS08__Sahiwal_305_jpg.rf.042e6c060109bdebc3fe4f4c7a14dd9f.jpg,sahiwal,DS08,False,True,channel_analysis,0.0
D:\Projects\Federated_Learning\Master-Dataset\master_dataset\sahiwal\DS08__Sahiwal_306_jpg.rf.705d350af23836385b894ba7a80ad5a9.jpg,sahiwal,DS08,False,True,channel_analysis,0.0
D:\Projects\Federated_Learning\Master-Dataset\master_dataset\sahiwal\DS08__Sahiwal_307_jpg.rf.f74b1058c3bcc6806d5d9ae241e2d005.jpg,sahiwal,DS08,False,True,channel_analysis,0.0
D:\Projects\Federated_Learning\Master-Dataset\master_dataset\sahiwal\DS08__Sahiwal_308_jpg.rf.6fd12cc2f55036d2d2be42610651abdc__aug1_sahiwal_888.jpg,sahiwal,DS08,False,True,channel_analysis,0.0
D:\Projects\Federated_Learning\Master-Dataset\master_dataset\sahiwal\DS08__Sahiwal_309_jpg.rf.b3e141c70540bfe40b8fb2d9cadeed15.jpg,sahiwal,DS08,False,True,channel_analysis,0.0
D:\Projects\Federated_Learning\Master-Dataset\master_dataset\sahiwal\DS08__Sahiwal_30_jpg.rf.2e7341e3e8c1290475aa0f51c8486c4d.jpg,sahiwal,DS08,False,True,channel_analysis,0.0
D:\Projects\Federated_Learning\Master-Dataset\master_dataset\sahiwal\DS08__Sahiwal_310_jpg.rf.7bd7088bc22a40e05fe7dd0e78de7b2a.jpg,sahiwal,DS08,False,True,channel_analysis,0.0
D:\Projects\Federated_Learning\Master-Dataset\master_dataset\sahiwal\DS08__Sahiwal_311_jpg.rf.c0fb2823c423a3d4731dc1c09637bd4f.jpg,sahiwal,DS08,False,True,channel_analysis,0.0
D:\Projects\Federated_Learning\Master-Dataset\master_dataset\sahiwal\DS08__Sahiwal_312_png.rf.66341470a02cf9e4e96c5abc143c68d8.jpg,sahiwal,DS08,False,True,channel_analysis,0.0
D:\Projects\Federated_Learning\Master-Dataset\master_dataset\sahiwal\DS08__Sahiwal_313_jpg.rf.bbc81bfdfb4ddeef38617ac2bad13531.jpg,sahiwal,DS08,False,True,channel_analysis,0.0
D:\Projects\Federated_Learning\Master-Dataset\master_dataset\sahiwal\DS08__Sahiwal_314_jpg.rf.53268b34ad5ab06399329bb8fe25b1df.jpg,sahiwal,DS08,False,True,channel_analysis,0.0
D:\Projects\Federated_Learning\Master-Dataset\master_dataset\sahiwal\DS08__Sahiwal_315_png.rf.becfea11dcd5ae1181d2601274dd3ee3.jpg,sahiwal,DS08,False,True,channel_analysis,0.0
D:\Projects\Federated_Learning\Master-Dataset\master_dataset\sahiwal\DS08__Sahiwal_316_jpg.rf.18bc1eb632a72d6ca32d6d42204110b5__aug1_sahiwal_994.jpg,sahiwal,DS08,False,True,channel_analysis,0.0
D:\Projects\Federated_Learning\Master-Dataset\master_dataset\sahiwal\DS08__Sahiwal_317_jpg.rf.7a1484cac65bf3dff337044a13adab80.jpg,sahiwal,DS08,False,True,channel_analysis,0.0
D:\Projects\Federated_Learning\Master-Dataset\master_dataset\sahiwal\DS08__Sahiwal_318_jpg.rf.3a085e5fe8a111a19c9ced5b53c1d098.jpg,sahiwal,DS08,False,True,channel_analysis,0.0
D:\Projects\Federated_Learning\Master-Dataset\master_dataset\sahiwal\DS08__Sahiwal_319_jpg.rf.b3594294670e56aaf5728a9951e11b58.jpg,sahiwal,DS08,False,True,channel_analysis,0.0
D:\Projects\Federated_Learning\Master-Dataset\master_dataset\sahiwal\DS08__Sahiwal_31_jpg.rf.ce203fdddf68ee12cfc5f9ea4e444dac.jpg,sahiwal,DS08,False,True,channel_analysis,0.0
D:\Projects\Federated_Learning\Master-Dataset\master_dataset\sahiwal\DS08__Sahiwal_320_jpg.rf.dc6210167a86f122fa948606c910f898__aug1_sahiwal_938.jpg,sahiwal,DS08,False,True,channel_analysis,0.0
D:\Projects\Federated_Learning\Master-Dataset\master_dataset\sahiwal\DS08__Sahiwal_321_jpg.rf.32ae2fce350323017fbfd8fa6d8ed406__aug3_sahiwal_227.jpg,sahiwal,DS08,False,True,channel_analysis,0.0
D:\Projects\Federated_Learning\Master-Dataset\master_dataset\sahiwal\DS08__Sahiwal_322_jpg.rf.710ff05852c6bd5eff3cd6e425b1eabe.jpg,sahiwal,DS08,False,True,channel_analysis,0.0
D:\Projects\Federated_Learning\Master-Dataset\master_dataset\sahiwal\DS08__Sahiwal_323_jpg.rf.f32390598d292cd612c8234f5b092a09.jpg,sahiwal,DS08,False,True,channel_analysis,0.0
D:\Projects\Federated_Learning\Master-Dataset\master_dataset\sahiwal\DS08__Sahiwal_324_jpg.rf.6e73adbb5f67e9d8a970bc43554bdc60.jpg,sahiwal,DS08,False,True,channel_analysis,0.0
D:\Projects\Federated_Learning\Master-Dataset\master_dataset\sahiwal\DS08__Sahiwal_325_jpg.rf.e01a23b01076204ea0aa172f49851f11.jpg,sahiwal,DS08,False,True,channel_analysis,0.0
D:\Projects\Federated_Learning\Master-Dataset\master_dataset\sahiwal\DS08__Sahiwal_326_png.rf.1e861d16c3706931df27df6ed297539f.jpg,sahiwal,DS08,False,True,channel_analysis,0.0
D:\Projects\Federated_Learning\Master-Dataset\master_dataset\sahiwal\DS08__Sahiwal_327_jpg.rf.b0e3922cb168b7366dc9e705362b0c95.jpg,sahiwal,DS08,False,True,channel_analysis,0.0
D:\Projects\Federated_Learning\Master-Dataset\master_dataset\sahiwal\DS08__Sahiwal_328_jpg.rf.d69d54eab0a62817cbaca81e105cd2a2.jpg,sahiwal,DS08,False,True,channel_analysis,0.0
D:\Projects\Federated_Learning\Master-Dataset\master_dataset\sahiwal\DS08__Sahiwal_329_png.rf.7dd35fee92533c71d462334b7a147f84.jpg,sahiwal,DS08,False,True,channel_analysis,0.0
D:\Projects\Federated_Learning\Master-Dataset\master_dataset\sahiwal\DS08__Sahiwal_32_jpg.rf.f099de45bb8059a5c961aa615cab3331.jpg,sahiwal,DS08,False,True,channel_analysis,0.0
D:\Projects\Federated_Learning\Master-Dataset\master_dataset\sahiwal\DS08__Sahiwal_330_png.rf.b8192fb82d01899dd0de1735f2fe4046.jpg,sahiwal,DS08,False,True,channel_analysis,0.0
D:\Projects\Federated_Learning\Master-Dataset\master_dataset\sahiwal\DS08__Sahiwal_331_jpg.rf.b783226acd16866564b477550ce338e3.jpg,sahiwal,DS08,False,True,channel_analysis,0.0
D:\Projects\Federated_Learning\Master-Dataset\master_dataset\sahiwal\DS08__Sahiwal_332_png.rf.f18d56a2eb01da20676c77c71e07b8a9.jpg,sahiwal,DS08,False,True,channel_analysis,0.0
D:\Projects\Federated_Learning\Master-Dataset\master_dataset\sahiwal\DS08__Sahiwal_333_jpg.rf.8bef36f9ac6f5c63c9c3bfe9e16cd584.jpg,sahiwal,DS08,False,True,channel_analysis,0.0
D:\Projects\Federated_Learning\Master-Dataset\master_dataset\sahiwal\DS08__Sahiwal_334_jpg.rf.ff053e5b7b23751a97d9eb6ca3931a7b.jpg,sahiwal,DS08,False,True,channel_analysis,0.0
D:\Projects\Federated_Learning\Master-Dataset\master_dataset\sahiwal\DS08__Sahiwal_335_png.rf.37a24206e52efafe38ffc51a1d7c7f55.jpg,sahiwal,DS08,False,True,channel_analysis,0.0
D:\Projects\Federated_Learning\Master-Dataset\master_dataset\sahiwal\DS08__Sahiwal_336_png.rf.240790f4b0bbb71cc03e1a11036b23ba.jpg,sahiwal,DS08,False,True,channel_analysis,0.0
D:\Projects\Federated_Learning\Master-Dataset\master_dataset\sahiwal\DS08__Sahiwal_337_png.rf.0cc207aab0fbc12aef4ed7557e31df38.jpg,sahiwal,DS08,False,True,channel_analysis,0.0
D:\Projects\Federated_Learning\Master-Dataset\master_dataset\sahiwal\DS08__Sahiwal_338_png.rf.f2d8f4ea264bc57182c961f17a429903.jpg,sahiwal,DS08,False,True,channel_analysis,0.0
D:\Projects\Federated_Learning\Master-Dataset\master_dataset\sahiwal\DS08__Sahiwal_339_png.rf.a471aabe725756d0e0b241c51382cbb8.jpg,sahiwal,DS08,False,True,channel_analysis,0.0
D:\Projects\Federated_Learning\Master-Dataset\master_dataset\sahiwal\DS08__Sahiwal_33_jpg.rf.44105744ca28bf77d00f6a03d3a3f664.jpg,sahiwal,DS08,False,True,channel_analysis,0.0
D:\Projects\Federated_Learning\Master-Dataset\master_dataset\sahiwal\DS08__Sahiwal_341_png.rf.be37244895b9daebec70f7d2649a4113.jpg,sahiwal,DS08,False,True,channel_analysis,0.0
D:\Projects\Federated_Learning\Master-Dataset\master_dataset\sahiwal\DS08__Sahiwal_342_jpg.rf.daa9e55860313063536aec835f9e7cb4.jpg,sahiwal,DS08,False,True,channel_analysis,0.0
D:\Projects\Federated_Learning\Master-Dataset\master_dataset\sahiwal\DS08__Sahiwal_343_png.rf.139281f3a4dd75ee9f548b9b2065b9ff.jpg,sahiwal,DS08,False,True,channel_analysis,0.0
D:\Projects\Federated_Learning\Master-Dataset\master_dataset\sahiwal\DS08__Sahiwal_344_png.rf.41bc3ff6d0567bd2e4569eb022626add.jpg,sahiwal,DS08,False,True,channel_analysis,0.0
D:\Projects\Federated_Learning\Master-Dataset\master_dataset\sahiwal\DS08__Sahiwal_345_png.rf.1d43fbd2dbe980b4b413281901a533cf.jpg,sahiwal,DS08,False,True,channel_analysis,0.0
D:\Projects\Federated_Learning\Master-Dataset\master_dataset\sahiwal\DS08__Sahiwal_346_png.rf.361aa7d94f6ba2c0aabc0a36e64c6fb2.jpg,sahiwal,DS08,False,True,channel_analysis,0.0
D:\Projects\Federated_Learning\Master-Dataset\master_dataset\sahiwal\DS08__Sahiwal_347_png.rf.9282cea4ad3affce14c50dfa3e886e94.jpg,sahiwal,DS08,False,True,channel_analysis,0.0
D:\Projects\Federated_Learning\Master-Dataset\master_dataset\sahiwal\DS08__Sahiwal_348_jpg.rf.bdad27f638f30d7836a604444e7dd740.jpg,sahiwal,DS08,False,True,channel_analysis,0.0
D:\Projects\Federated_Learning\Master-Dataset\master_dataset\sahiwal\DS08__Sahiwal_349_jpg.rf.07a4373290ef5469c1767ded3faef6bb__aug1_sahiwal_1064.jpg,sahiwal,DS08,False,True,channel_analysis,0.0
D:\Projects\Federated_Learning\Master-Dataset\master_dataset\sahiwal\DS08__Sahiwal_34_jpg.rf.f4fe21f827d6895ecb153de6a296d8c3.jpg,sahiwal,DS08,False,True,channel_analysis,0.0
D:\Projects\Federated_Learning\Master-Dataset\master_dataset\sahiwal\DS08__Sahiwal_350_jpg.rf.821f8890f1e9bef6f8c9cc44c57193d0.jpg,sahiwal,DS08,False,True,channel_analysis,0.0
D:\Projects\Federated_Learning\Master-Dataset\master_dataset\sahiwal\DS08__Sahiwal_351_png.rf.4d40872f31c982699f67674c9095421c.jpg,sahiwal,DS08,False,True,channel_analysis,0.0
D:\Projects\Federated_Learning\Master-Dataset\master_dataset\sahiwal\DS08__Sahiwal_352_png.rf.f12f1e790bcfd30fb598cadcdfa45cd8.jpg,sahiwal,DS08,False,True,channel_analysis,0.0
D:\Projects\Federated_Learning\Master-Dataset\master_dataset\sahiwal\DS08__Sahiwal_353_jpg.rf.a1282da4d995fe75f1b6774466475fc0.jpg,sahiwal,DS08,False,True,channel_analysis,0.0
D:\Projects\Federated_Learning\Master-Dataset\master_dataset\sahiwal\DS08__Sahiwal_354_png.rf.a630af91f2f2213dee2dd032a51bcd52.jpg,sahiwal,DS08,False,True,channel_analysis,0.0
D:\Projects\Federated_Learning\Master-Dataset\master_dataset\sahiwal\DS08__Sahiwal_355_jpg.rf.98a1e3a031b678c319a6cf2633d3944a__aug6_sahiwal_234.jpg,sahiwal,DS08,False,True,channel_analysis,0.0
D:\Projects\Federated_Learning\Master-Dataset\master_dataset\sahiwal\DS08__Sahiwal_356_png.rf.bd66ca75e0b00ff1937dd9cf03bc1a0a.jpg,sahiwal,DS08,False,True,channel_analysis,0.0
D:\Projects\Federated_Learning\Master-Dataset\master_dataset\sahiwal\DS08__Sahiwal_357_png.rf.cc34801f90bc2f288888e20412b8e709.jpg,sahiwal,DS08,False,True,channel_analysis,0.0
D:\Projects\Federated_Learning\Master-Dataset\master_dataset\sahiwal\DS08__Sahiwal_358_png.rf.62ff90ca7c431e4a157c64b294c17d15.jpg,sahiwal,DS08,False,True,channel_analysis,0.0
D:\Projects\Federated_Learning\Master-Dataset\master_dataset\sahiwal\DS08__Sahiwal_359_png.rf.1f2c208371d1fc0f07356848ccbe15b7.jpg,sahiwal,DS08,False,True,channel_analysis,0.0
D:\Projects\Federated_Learning\Master-Dataset\master_dataset\sahiwal\DS08__Sahiwal_35_jpeg.rf.9f664c9fe4355b8665c8514c0de45be0.jpg,sahiwal,DS08,False,True,channel_analysis,0.0
D:\Projects\Federated_Learning\Master-Dataset\master_dataset\sahiwal\DS08__Sahiwal_360_png.rf.b61a0657e3600df39bf9b973b785ec32.jpg,sahiwal,DS08,False,True,channel_analysis,0.0
D:\Projects\Federated_Learning\Master-Dataset\master_dataset\sahiwal\DS08__Sahiwal_361_png.rf.c0e69591c356fff802cbaba3b7faf74c.jpg,sahiwal,DS08,False,True,channel_analysis,0.0
D:\Projects\Federated_Learning\Master-Dataset\master_dataset\sahiwal\DS08__Sahiwal_362_png.rf.2791387e00e016ca0caa3fb8d8ad99d0.jpg,sahiwal,DS08,False,True,channel_analysis,0.0
D:\Projects\Federated_Learning\Master-Dataset\master_dataset\sahiwal\DS08__Sahiwal_363_png.rf.126447eb3a88b738ab3d1ce707f0df78.jpg,sahiwal,DS08,False,True,channel_analysis,0.0
D:\Projects\Federated_Learning\Master-Dataset\master_dataset\sahiwal\DS08__Sahiwal_364_jpg.rf.519eb76c32833bfde1ec5cb7c219032a.jpg,sahiwal,DS08,False,True,channel_analysis,0.0
D:\Projects\Federated_Learning\Master-Dataset\master_dataset\sahiwal\DS08__Sahiwal_365_jpg.rf.c226796f772e92cd1f87c1831503f539.jpg,sahiwal,DS08,False,True,channel_analysis,0.0
D:\Projects\Federated_Learning\Master-Dataset\master_dataset\sahiwal\DS08__Sahiwal_366_jpg.rf.6e7637ba7aa01129dda2edd3a89ab039.jpg,sahiwal,DS08,False,True,channel_analysis,0.0
D:\Projects\Federated_Learning\Master-Dataset\master_dataset\sahiwal\DS08__Sahiwal_367_png.rf.ba94193c724224c6cb36390426f32460.jpg,sahiwal,DS08,False,True,channel_analysis,0.0
D:\Projects\Federated_Learning\Master-Dataset\master_dataset\sahiwal\DS08__Sahiwal_368_png.rf.dd5e499cdbddb0cb5e055662d70f02db.jpg,sahiwal,DS08,False,True,channel_analysis,0.0
D:\Projects\Federated_Learning\Master-Dataset\master_dataset\sahiwal\DS08__Sahiwal_369_jpg.rf.d2fc68f6c1200ad90141f32c19e14412.jpg,sahiwal,DS08,False,True,channel_analysis,0.0
D:\Projects\Federated_Learning\Master-Dataset\master_dataset\sahiwal\DS08__Sahiwal_36_jpg.rf.96b870e8a3a820afaefcdad93210293e.jpg,sahiwal,DS08,False,True,channel_analysis,0.0
D:\Projects\Federated_Learning\Master-Dataset\master_dataset\sahiwal\DS08__Sahiwal_370_png.rf.24744201e23285ce87d16da72d869349.jpg,sahiwal,DS08,False,True,channel_analysis,0.0
D:\Projects\Federated_Learning\Master-Dataset\master_dataset\sahiwal\DS08__Sahiwal_371_png.rf.8e077c9e40bceeae5e6b98a5a1ae531c.jpg,sahiwal,DS08,False,True,channel_analysis,0.0
D:\Projects\Federated_Learning\Master-Dataset\master_dataset\sahiwal\DS08__Sahiwal_372_png.rf.7d90f1a356852ad6eebf6c30c55cffba.jpg,sahiwal,DS08,False,True,channel_analysis,0.0
D:\Projects\Federated_Learning\Master-Dataset\master_dataset\sahiwal\DS08__Sahiwal_373_png.rf.95a4fbc93b6c6427b2810aacd0c89e5f.jpg,sahiwal,DS08,False,True,channel_analysis,0.0
D:\Projects\Federated_Learning\Master-Dataset\master_dataset\sahiwal\DS08__Sahiwal_374_jpg.rf.938a00a0bde1660fa335abb82f1608af.jpg,sahiwal,DS08,False,True,channel_analysis,0.0
D:\Projects\Federated_Learning\Master-Dataset\master_dataset\sahiwal\DS08__Sahiwal_375_jpg.rf.fecf8c794807ecedd541a47fcb38cdb9.jpg,sahiwal,DS08,False,True,channel_analysis,0.0
D:\Projects\Federated_Learning\Master-Dataset\master_dataset\sahiwal\DS08__Sahiwal_376_png.rf.69404d8b175b02849d5a1ebe60ad0e1c.jpg,sahiwal,DS08,False,True,channel_analysis,0.0
D:\Projects\Federated_Learning\Master-Dataset\master_dataset\sahiwal\DS08__Sahiwal_377_png.rf.c11b0a68e337a65d84a56daac772860e.jpg,sahiwal,DS08,False,True,channel_analysis,0.0
D:\Projects\Federated_Learning\Master-Dataset\master_dataset\sahiwal\DS08__Sahiwal_378_jpg.rf.6f26449ce6b05895d9b55f2b1d0713e6.jpg,sahiwal,DS08,False,True,channel_analysis,0.0
D:\Projects\Federated_Learning\Master-Dataset\master_dataset\sahiwal\DS08__Sahiwal_379_png.rf.fabf42f0ba70755931c1b0f798f51dd6.jpg,sahiwal,DS08,False,True,channel_analysis,0.0
D:\Projects\Federated_Learning\Master-Dataset\master_dataset\sahiwal\DS08__Sahiwal_37_jpg.rf.103aa964690b4750eec250278c934469.jpg,sahiwal,DS08,False,True,channel_analysis,0.0
D:\Projects\Federated_Learning\Master-Dataset\master_dataset\sahiwal\DS08__Sahiwal_380_jpg.rf.0f2389ed1e3a2af34c5149eead2d93bc.jpg,sahiwal,DS08,False,True,channel_analysis,0.0
D:\Projects\Federated_Learning\Master-Dataset\master_dataset\sahiwal\DS08__Sahiwal_381_png.rf.886afafd03d0129c66a27d4fd77ccb13.jpg,sahiwal,DS08,False,True,channel_analysis,0.0
D:\Projects\Federated_Learning\Master-Dataset\master_dataset\sahiwal\DS08__Sahiwal_382_png.rf.a9acaff24d4908a139d0913221ff93ca.jpg,sahiwal,DS08,False,True,channel_analysis,0.0
D:\Projects\Federated_Learning\Master-Dataset\master_dataset\sahiwal\DS08__Sahiwal_383_png.rf.4a8045c2c0a86a3744e6aba94e5ff48c.jpg,sahiwal,DS08,False,True,channel_analysis,0.0
D:\Projects\Federated_Learning\Master-Dataset\master_dataset\sahiwal\DS08__Sahiwal_384_png.rf.3241daea58e0dc11b3a6d96d45f70609.jpg,sahiwal,DS08,False,True,channel_analysis,0.0
D:\Projects\Federated_Learning\Master-Dataset\master_dataset\sahiwal\DS08__Sahiwal_385_png.rf.0c855eae5509c9a113c2b91684eaf33e.jpg,sahiwal,DS08,False,True,channel_analysis,0.0
D:\Projects\Federated_Learning\Master-Dataset\master_dataset\sahiwal\DS08__Sahiwal_386_png.rf.65168e776cca8afd9c47425078b5a8e9.jpg,sahiwal,DS08,False,True,channel_analysis,0.0
D:\Projects\Federated_Learning\Master-Dataset\master_dataset\sahiwal\DS08__Sahiwal_387_jpg.rf.4d88e2efa4419031e2407cd4f840bb6f.jpg,sahiwal,DS08,False,True,channel_analysis,0.0
D:\Projects\Federated_Learning\Master-Dataset\master_dataset\sahiwal\DS08__Sahiwal_388_jpg.rf.f8dfa60dbd7eb548e97d9e90a3bb88dd.jpg,sahiwal,DS08,False,True,channel_analysis,0.0
D:\Projects\Federated_Learning\Master-Dataset\master_dataset\sahiwal\DS08__Sahiwal_389_png.rf.2605fff164ed7a9f93120f74d9e67fd8.jpg,sahiwal,DS08,False,True,channel_analysis,0.0
D:\Projects\Federated_Learning\Master-Dataset\master_dataset\sahiwal\DS08__Sahiwal_38_png.rf.d3661c23d75a62f26c17a197924b3e72.jpg,sahiwal,DS08,False,True,channel_analysis,0.0
D:\Projects\Federated_Learning\Master-Dataset\master_dataset\sahiwal\DS08__Sahiwal_390_jpg.rf.23109c1bcdb0ebf79d381281fe7345ad.jpg,sahiwal,DS08,False,True,channel_analysis,0.0
D:\Projects\Federated_Learning\Master-Dataset\master_dataset\sahiwal\DS08__Sahiwal_391_jpg.rf.de7cb6e80b7eff8e31e35db1556c6b87.jpg,sahiwal,DS08,False,True,channel_analysis,0.0
D:\Projects\Federated_Learning\Master-Dataset\master_dataset\sahiwal\DS08__Sahiwal_392_jpg.rf.60d97072f4847bb4fd4af76dbf986fdb.jpg,sahiwal,DS08,False,True,channel_analysis,0.0
D:\Projects\Federated_Learning\Master-Dataset\master_dataset\sahiwal\DS08__Sahiwal_393_jpeg.rf.d3c05577347d2d601338a84c41af014b.jpg,sahiwal,DS08,False,True,channel_analysis,0.0
D:\Projects\Federated_Learning\Master-Dataset\master_dataset\sahiwal\DS08__Sahiwal_394_jpg.rf.2d67ec2e79525f8ed5a484540907dd41.jpg,sahiwal,DS08,False,True,channel_analysis,0.0
D:\Projects\Federated_Learning\Master-Dataset\master_dataset\sahiwal\DS08__Sahiwal_395_jpg.rf.fec54334543200d0c020a830ca43a390.jpg,sahiwal,DS08,False,True,channel_analysis,0.0
D:\Projects\Federated_Learning\Master-Dataset\master_dataset\sahiwal\DS08__Sahiwal_396_jpg.rf.f2aea03a9f2e5c0d358d2f77336a5fce.jpg,sahiwal,DS08,False,True,channel_analysis,0.0
D:\Projects\Federated_Learning\Master-Dataset\master_dataset\sahiwal\DS08__Sahiwal_397_jpg.rf.c99bfb99079c3edf041cea31a2f708b2.jpg,sahiwal,DS08,False,True,channel_analysis,0.0
D:\Projects\Federated_Learning\Master-Dataset\master_dataset\sahiwal\DS08__Sahiwal_398_jpg.rf.a8fc188d4d85c31a2b47f62bc8ab4adc.jpg,sahiwal,DS08,False,True,channel_analysis,0.0
D:\Projects\Federated_Learning\Master-Dataset\master_dataset\sahiwal\DS08__Sahiwal_399_jpg.rf.b9eaf576bd2e333e87fd45312717b195.jpg,sahiwal,DS08,False,True,channel_analysis,0.0
D:\Projects\Federated_Learning\Master-Dataset\master_dataset\sahiwal\DS08__Sahiwal_39_jpg.rf.c44574680f1811c319bcb7482b851592.jpg,sahiwal,DS08,False,True,channel_analysis,0.0
D:\Projects\Federated_Learning\Master-Dataset\master_dataset\sahiwal\DS08__Sahiwal_3_JPG.rf.cdf4baa9f5b43e0a86481deabad0b1fe.jpg,sahiwal,DS08,False,True,channel_analysis,0.0
D:\Projects\Federated_Learning\Master-Dataset\master_dataset\sahiwal\DS08__Sahiwal_400_png.rf.cb81e352654d19abe779706889cb6acc.jpg,sahiwal,DS08,False,True,channel_analysis,0.0
D:\Projects\Federated_Learning\Master-Dataset\master_dataset\sahiwal\DS08__Sahiwal_401_jpg.rf.17403223f2f25f8d6a80bececf77d160.jpg,sahiwal,DS08,False,True,channel_analysis,0.0
D:\Projects\Federated_Learning\Master-Dataset\master_dataset\sahiwal\DS08__Sahiwal_402_jpg.rf.d2ee3b1081579f0b1e546b69db5bc292.jpg,sahiwal,DS08,False,True,channel_analysis,0.0
D:\Projects\Federated_Learning\Master-Dataset\master_dataset\sahiwal\DS08__Sahiwal_403_jpg.rf.c2e88165651e0880146fafb28556abd4.jpg,sahiwal,DS08,False,True,channel_analysis,0.0
D:\Projects\Federated_Learning\Master-Dataset\master_dataset\sahiwal\DS08__Sahiwal_404_jpg.rf.776362d2071ab2a72c06533cdeae5004.jpg,sahiwal,DS08,False,True,channel_analysis,0.0
D:\Projects\Federated_Learning\Master-Dataset\master_dataset\sahiwal\DS08__Sahiwal_405_jpg.rf.c4144d4d59278152cdc9eb51cf6ce521.jpg,sahiwal,DS08,False,True,channel_analysis,0.0
D:\Projects\Federated_Learning\Master-Dataset\master_dataset\sahiwal\DS08__Sahiwal_406_jpg.rf.a84ca777ea03e16893267f6f21aa89b7.jpg,sahiwal,DS08,False,True,channel_analysis,0.0
D:\Projects\Federated_Learning\Master-Dataset\master_dataset\sahiwal\DS08__Sahiwal_407_jpg.rf.2c68695812b364f69d606b711c52cd6d.jpg,sahiwal,DS08,False,True,channel_analysis,0.0
D:\Projects\Federated_Learning\Master-Dataset\master_dataset\sahiwal\DS08__Sahiwal_408_jpg.rf.6a59d065f6180e2ae3927f7aecf3c630.jpg,sahiwal,DS08,False,True,channel_analysis,0.0
D:\Projects\Federated_Learning\Master-Dataset\master_dataset\sahiwal\DS08__Sahiwal_409_jpg.rf.f6e5fbcd1a72390fce3faab544e77cfb.jpg,sahiwal,DS08,False,True,channel_analysis,0.0
D:\Projects\Federated_Learning\Master-Dataset\master_dataset\sahiwal\DS08__Sahiwal_40_jpg.rf.cbf478e07e422eeb3be99e777692d34a.jpg,sahiwal,DS08,False,True,channel_analysis,0.0
D:\Projects\Federated_Learning\Master-Dataset\master_dataset\sahiwal\DS08__Sahiwal_410_jpeg.rf.952b0e1e90b0d0c653d9073f06a3a559.jpg,sahiwal,DS08,False,True,channel_analysis,0.0
D:\Projects\Federated_Learning\Master-Dataset\master_dataset\sahiwal\DS08__Sahiwal_411_png.rf.056cc813386209de5273b819a3f15ae3.jpg,sahiwal,DS08,False,True,channel_analysis,0.0
D:\Projects\Federated_Learning\Master-Dataset\master_dataset\sahiwal\DS08__Sahiwal_412_jpg.rf.4529d8af57132ac9ce06cfc71a737acd.jpg,sahiwal,DS08,False,True,channel_analysis,0.0
D:\Projects\Federated_Learning\Master-Dataset\master_dataset\sahiwal\DS08__Sahiwal_413_jpg.rf.17f9fcc92d8a811a752babff214a00b2.jpg,sahiwal,DS08,False,True,channel_analysis,0.0
D:\Projects\Federated_Learning\Master-Dataset\master_dataset\sahiwal\DS08__Sahiwal_414_jpg.rf.10ea7c74f034d4c385cf73c0edfe9dce.jpg,sahiwal,DS08,False,True,channel_analysis,0.0
D:\Projects\Federated_Learning\Master-Dataset\master_dataset\sahiwal\DS08__Sahiwal_415_jpg.rf.c8c65ff99c17bd1e60e8acdb8c1e2adf.jpg,sahiwal,DS08,False,True,channel_analysis,0.0
D:\Projects\Federated_Learning\Master-Dataset\master_dataset\sahiwal\DS08__Sahiwal_416_jpg.rf.9ef739a71ed67a91e42d0e4f20791061.jpg,sahiwal,DS08,False,True,channel_analysis,0.0
D:\Projects\Federated_Learning\Master-Dataset\master_dataset\sahiwal\DS08__Sahiwal_417_jpg.rf.ca781160ac9214c2381abc8715eeb933.jpg,sahiwal,DS08,False,True,channel_analysis,0.0
D:\Projects\Federated_Learning\Master-Dataset\master_dataset\sahiwal\DS08__Sahiwal_418_jpg.rf.1f93ed01fb3979935fe45ec9a41891c0.jpg,sahiwal,DS08,False,True,channel_analysis,0.0
D:\Projects\Federated_Learning\Master-Dataset\master_dataset\sahiwal\DS08__Sahiwal_419_jpg.rf.fab2642aab37bfa7e0a4db8742487742.jpg,sahiwal,DS08,False,True,channel_analysis,0.0
D:\Projects\Federated_Learning\Master-Dataset\master_dataset\sahiwal\DS08__Sahiwal_41_jpg.rf.ba176909a4e6460c638d1fdf4bc44cfb.jpg,sahiwal,DS08,False,True,channel_analysis,0.0
D:\Projects\Federated_Learning\Master-Dataset\master_dataset\sahiwal\DS08__Sahiwal_420_jpg.rf.970458ddd6e04647609472be133faa63.jpg,sahiwal,DS08,False,True,channel_analysis,0.0
D:\Projects\Federated_Learning\Master-Dataset\master_dataset\sahiwal\DS08__Sahiwal_421_jpg.rf.4875ec182e36c70812fb413ec56ba7e8.jpg,sahiwal,DS08,False,True,channel_analysis,0.0
D:\Projects\Federated_Learning\Master-Dataset\master_dataset\sahiwal\DS08__Sahiwal_422_jpg.rf.070cbbeeb64eaee0dc36cc9bc119f896.jpg,sahiwal,DS08,False,True,channel_analysis,0.0
D:\Projects\Federated_Learning\Master-Dataset\master_dataset\sahiwal\DS08__Sahiwal_423_jpg.rf.c18878ba0ea99c5a67c2e1bd8b818b01.jpg,sahiwal,DS08,False,True,channel_analysis,0.0
D:\Projects\Federated_Learning\Master-Dataset\master_dataset\sahiwal\DS08__Sahiwal_424_jpg.rf.c4f5df3f92996553e2f0f93648a7c841.jpg,sahiwal,DS08,False,True,channel_analysis,0.0
D:\Projects\Federated_Learning\Master-Dataset\master_dataset\sahiwal\DS08__Sahiwal_426_jpg.rf.e15336649030ffb8ac3e17577934e818.jpg,sahiwal,DS08,False,True,channel_analysis,0.0
D:\Projects\Federated_Learning\Master-Dataset\master_dataset\sahiwal\DS08__Sahiwal_427_jpg.rf.08b5eab37f5d7a65461e738abd56210d.jpg,sahiwal,DS08,False,True,channel_analysis,0.0
D:\Projects\Federated_Learning\Master-Dataset\master_dataset\sahiwal\DS08__Sahiwal_428_jpg.rf.972fec63362e103168a12f6660cf37c8.jpg,sahiwal,DS08,False,True,channel_analysis,0.0
D:\Projects\Federated_Learning\Master-Dataset\master_dataset\sahiwal\DS08__Sahiwal_429_jpeg.rf.d72334495a745690a9bcfa8c0d7156fb.jpg,sahiwal,DS08,False,True,channel_analysis,0.0
D:\Projects\Federated_Learning\Master-Dataset\master_dataset\sahiwal\DS08__Sahiwal_42_jpeg.rf.44a9010acb1d136996ed88de28320758.jpg,sahiwal,DS08,False,True,channel_analysis,0.0
D:\Projects\Federated_Learning\Master-Dataset\master_dataset\sahiwal\DS08__Sahiwal_430_jpg.rf.ac9ef776c050da77acc651d6f99b9dd2.jpg,sahiwal,DS08,False,True,channel_analysis,0.0
D:\Projects\Federated_Learning\Master-Dataset\master_dataset\sahiwal\DS08__Sahiwal_431_jpg.rf.b1268c33fa0d3ff816049677c8f8bad7.jpg,sahiwal,DS08,False,True,channel_analysis,0.0
D:\Projects\Federated_Learning\Master-Dataset\master_dataset\sahiwal\DS08__Sahiwal_432_jpg.rf.78507d9aabe3fc37bcfc90b8d26c3a50.jpg,sahiwal,DS08,False,True,channel_analysis,0.0
D:\Projects\Federated_Learning\Master-Dataset\master_dataset\sahiwal\DS08__Sahiwal_433_jpeg.rf.2961dae337632583a774f9a918d44257.jpg,sahiwal,DS08,False,True,channel_analysis,0.0
D:\Projects\Federated_Learning\Master-Dataset\master_dataset\sahiwal\DS08__Sahiwal_434_jpg.rf.d2a6efe9b1a8aeec345db4ea244b34bf.jpg,sahiwal,DS08,False,True,channel_analysis,0.0
D:\Projects\Federated_Learning\Master-Dataset\master_dataset\sahiwal\DS08__Sahiwal_435_jpg.rf.83dfc4c332461f26d9ba4e912ee7b668.jpg,sahiwal,DS08,False,True,channel_analysis,0.0
D:\Projects\Federated_Learning\Master-Dataset\master_dataset\sahiwal\DS08__Sahiwal_436_png.rf.19eee608050ad15844cefbf812a78a20.jpg,sahiwal,DS08,False,True,channel_analysis,0.0
D:\Projects\Federated_Learning\Master-Dataset\master_dataset\sahiwal\DS08__Sahiwal_437_jpg.rf.c8c287ec3e969f0013d633108b933cc8.jpg,sahiwal,DS08,False,True,channel_analysis,0.0
D:\Projects\Federated_Learning\Master-Dataset\master_dataset\sahiwal\DS08__Sahiwal_438_jpg.rf.314a0f14a68343f4cd2dd2e2889fca00.jpg,sahiwal,DS08,False,True,channel_analysis,0.0
D:\Projects\Federated_Learning\Master-Dataset\master_dataset\sahiwal\DS08__Sahiwal_439_jpg.rf.71e1b23a03423e4e3f8127c637d9ac1c.jpg,sahiwal,DS08,False,True,channel_analysis,0.0
D:\Projects\Federated_Learning\Master-Dataset\master_dataset\sahiwal\DS08__Sahiwal_43_jpg.rf.f539dfb7ae42dff5437aa80a2b181777.jpg,sahiwal,DS08,False,True,channel_analysis,0.0
D:\Projects\Federated_Learning\Master-Dataset\master_dataset\sahiwal\DS08__Sahiwal_440_jpg.rf.a1d8a9a064c3d1a57b4c62b788e6d496.jpg,sahiwal,DS08,False,True,channel_analysis,0.0
D:\Projects\Federated_Learning\Master-Dataset\master_dataset\sahiwal\DS08__Sahiwal_441_jpg.rf.3edddc4eaaa9d41106beeb7236f7b23c.jpg,sahiwal,DS08,False,True,channel_analysis,0.0
D:\Projects\Federated_Learning\Master-Dataset\master_dataset\sahiwal\DS08__Sahiwal_442_jpg.rf.2ec991741ecf1ead4a9c6e2505d7b5e8.jpg,sahiwal,DS08,False,True,channel_analysis,0.0
D:\Projects\Federated_Learning\Master-Dataset\master_dataset\sahiwal\DS08__Sahiwal_443_jpg.rf.49c7f623d1eaa056bd5e7384eac9b685.jpg,sahiwal,DS08,False,True,channel_analysis,0.0
D:\Projects\Federated_Learning\Master-Dataset\master_dataset\sahiwal\DS08__Sahiwal_444_jpg.rf.667ef60c457c2338adbaf8b4253d67e4.jpg,sahiwal,DS08,False,True,channel_analysis,0.0
D:\Projects\Federated_Learning\Master-Dataset\master_dataset\sahiwal\DS08__Sahiwal_445_jpg.rf.efb9d75e8da26ee4f6fca5751774e189.jpg,sahiwal,DS08,False,True,channel_analysis,0.0
D:\Projects\Federated_Learning\Master-Dataset\master_dataset\sahiwal\DS08__Sahiwal_446_jpg.rf.37df2c7dca9df838b86dac7ab7a3caf7__aug1_sahiwal_1066.jpg,sahiwal,DS08,False,True,channel_analysis,0.0
D:\Projects\Federated_Learning\Master-Dataset\master_dataset\sahiwal\DS08__Sahiwal_44_jpg.rf.b2b7acb2c746245dcf88652434d02a84.jpg,sahiwal,DS08,False,True,channel_analysis,0.0
D:\Projects\Federated_Learning\Master-Dataset\master_dataset\sahiwal\DS08__Sahiwal_45_jpg.rf.63d0803a100383f07380f1482e71b6b1.jpg,sahiwal,DS08,False,True,channel_analysis,0.0
D:\Projects\Federated_Learning\Master-Dataset\master_dataset\sahiwal\DS08__Sahiwal_46_jpg.rf.d92741698b1b0a4408aa97432f402be1.jpg,sahiwal,DS08,False,True,channel_analysis,0.0
D:\Projects\Federated_Learning\Master-Dataset\master_dataset\sahiwal\DS08__Sahiwal_47_jpg.rf.743f2c8e0d1977d7601870ae1f533057.jpg,sahiwal,DS08,False,True,channel_analysis,0.0
D:\Projects\Federated_Learning\Master-Dataset\master_dataset\sahiwal\DS08__Sahiwal_48_jpg.rf.e063842c092a9e7bfc32566bcd265066.jpg,sahiwal,DS08,False,True,channel_analysis,0.0
D:\Projects\Federated_Learning\Master-Dataset\master_dataset\sahiwal\DS08__Sahiwal_49_jpg.rf.42cad4e87492c8cd7325b65e56cc3384.jpg,sahiwal,DS08,False,True,channel_analysis,0.0
D:\Projects\Federated_Learning\Master-Dataset\master_dataset\sahiwal\DS08__Sahiwal_4_JPG.rf.bed7fd31c6616ba1fca7baba859a4543.jpg,sahiwal,DS08,False,True,channel_analysis,0.0
D:\Projects\Federated_Learning\Master-Dataset\master_dataset\sahiwal\DS08__Sahiwal_50_png.rf.6b04e0dd18f952f76fd42cc243a8e8fc.jpg,sahiwal,DS08,False,True,channel_analysis,0.0
D:\Projects\Federated_Learning\Master-Dataset\master_dataset\sahiwal\DS08__Sahiwal_51_jpg.rf.90821b6e991ddf5684b69b42ad89cf76.jpg,sahiwal,DS08,False,True,channel_analysis,0.0
D:\Projects\Federated_Learning\Master-Dataset\master_dataset\sahiwal\DS08__Sahiwal_52_jpg.rf.94bf7dbda2cbdebd884f2f42b9804c14.jpg,sahiwal,DS08,False,True,channel_analysis,0.0
D:\Projects\Federated_Learning\Master-Dataset\master_dataset\sahiwal\DS08__Sahiwal_53_jpg.rf.ff285389b20ddab6fdf34469b0c19619.jpg,sahiwal,DS08,False,True,channel_analysis,0.0
D:\Projects\Federated_Learning\Master-Dataset\master_dataset\sahiwal\DS08__Sahiwal_54_jpg.rf.b6b818950ca9ef5dc4a65266ca16817a.jpg,sahiwal,DS08,False,True,channel_analysis,0.0
D:\Projects\Federated_Learning\Master-Dataset\master_dataset\sahiwal\DS08__Sahiwal_55_jpg.rf.b8d1dd75d3fde74d11ae6793d97ff51d.jpg,sahiwal,DS08,False,True,channel_analysis,0.0
D:\Projects\Federated_Learning\Master-Dataset\master_dataset\sahiwal\DS08__Sahiwal_56_jpg.rf.9e6ba9afb26b78df77708d66c197e941.jpg,sahiwal,DS08,False,True,channel_analysis,0.0
D:\Projects\Federated_Learning\Master-Dataset\master_dataset\sahiwal\DS08__Sahiwal_57_jpg.rf.d1a121b5d159bdeb8b494922ac125877.jpg,sahiwal,DS08,False,True,channel_analysis,0.0
D:\Projects\Federated_Learning\Master-Dataset\master_dataset\sahiwal\DS08__Sahiwal_58_jpg.rf.8037ae867c92448a9905b6b1467bb153.jpg,sahiwal,DS08,False,True,channel_analysis,0.0
D:\Projects\Federated_Learning\Master-Dataset\master_dataset\sahiwal\DS08__Sahiwal_59_jpg.rf.ea6cd7a13febfa5cd06e03964475a087.jpg,sahiwal,DS08,False,True,channel_analysis,0.0
D:\Projects\Federated_Learning\Master-Dataset\master_dataset\sahiwal\DS08__Sahiwal_5_JPG.rf.cae933ed70767e3a9d227b24fb9020f8.jpg,sahiwal,DS08,False,True,channel_analysis,0.0
D:\Projects\Federated_Learning\Master-Dataset\master_dataset\sahiwal\DS08__Sahiwal_60_jpg.rf.db75368f68eefa06a1c53893c36918af.jpg,sahiwal,DS08,False,True,channel_analysis,0.0
D:\Projects\Federated_Learning\Master-Dataset\master_dataset\sahiwal\DS08__Sahiwal_61_jpg.rf.ee6580691cdb80fd4558bc35609d5d54.jpg,sahiwal,DS08,False,True,channel_analysis,0.0
D:\Projects\Federated_Learning\Master-Dataset\master_dataset\sahiwal\DS08__Sahiwal_62_jpg.rf.1794a7dbe09e529b2f755bd73b870065.jpg,sahiwal,DS08,False,True,channel_analysis,0.0
D:\Projects\Federated_Learning\Master-Dataset\master_dataset\sahiwal\DS08__Sahiwal_63_jpg.rf.438884e844f93440b98ade8e554f5a9c.jpg,sahiwal,DS08,False,True,channel_analysis,0.0
D:\Projects\Federated_Learning\Master-Dataset\master_dataset\sahiwal\DS08__Sahiwal_64_jpg.rf.60f7dbf5f9f9b410eb89fe955bc8b7d3.jpg,sahiwal,DS08,False,True,channel_analysis,0.0
D:\Projects\Federated_Learning\Master-Dataset\master_dataset\sahiwal\DS08__Sahiwal_65_jpg.rf.1a6e87c8183394019682cd6baf9b2e28.jpg,sahiwal,DS08,False,True,channel_analysis,0.0
D:\Projects\Federated_Learning\Master-Dataset\master_dataset\sahiwal\DS08__Sahiwal_66_jpg.rf.fcdb15e4ef5e7f021709e700ed9d8c96.jpg,sahiwal,DS08,False,True,channel_analysis,0.0
D:\Projects\Federated_Learning\Master-Dataset\master_dataset\sahiwal\DS08__Sahiwal_67_jpg.rf.3709924c4692ab9f24940d6fa18c5d97.jpg,sahiwal,DS08,False,True,channel_analysis,0.0
D:\Projects\Federated_Learning\Master-Dataset\master_dataset\sahiwal\DS08__Sahiwal_68_jpg.rf.06589639ca24439f802bdb41807ab381.jpg,sahiwal,DS08,False,True,channel_analysis,0.0
D:\Projects\Federated_Learning\Master-Dataset\master_dataset\sahiwal\DS08__Sahiwal_69_jpg.rf.84e3a9903a9000cd813616ab4f5e0e46__aug1_sahiwal_789.jpg,sahiwal,DS08,False,True,channel_analysis,0.0
D:\Projects\Federated_Learning\Master-Dataset\master_dataset\sahiwal\DS08__Sahiwal_6_JPG.rf.aef37cea260c6b86e519c2de69b0d363.jpg,sahiwal,DS08,False,True,channel_analysis,0.0
D:\Projects\Federated_Learning\Master-Dataset\master_dataset\sahiwal\DS08__Sahiwal_70_jpg.rf.dce94c8bf5c189a2f737958e2e7c55d6.jpg,sahiwal,DS08,False,True,channel_analysis,0.0
D:\Projects\Federated_Learning\Master-Dataset\master_dataset\sahiwal\DS08__Sahiwal_71_jpg.rf.8afdc93a27197469939ad6bf49769975.jpg,sahiwal,DS08,False,True,channel_analysis,0.0
D:\Projects\Federated_Learning\Master-Dataset\master_dataset\sahiwal\DS08__Sahiwal_72_jpg.rf.3e115d977321f5ddf8f8d0d695a06e77.jpg,sahiwal,DS08,False,True,channel_analysis,0.0
D:\Projects\Federated_Learning\Master-Dataset\master_dataset\sahiwal\DS08__Sahiwal_73_png.rf.057c3f08f6f192aae0bf809ca6da0516.jpg,sahiwal,DS08,False,True,channel_analysis,0.0
D:\Projects\Federated_Learning\Master-Dataset\master_dataset\sahiwal\DS08__Sahiwal_74_jpg.rf.c479286d52a15f375d1bfbe21a335551.jpg,sahiwal,DS08,False,True,channel_analysis,0.0
D:\Projects\Federated_Learning\Master-Dataset\master_dataset\sahiwal\DS08__Sahiwal_75_jpg.rf.30bf8c3ad7bd109d3a9fe48ba0f68bdc.jpg,sahiwal,DS08,False,True,channel_analysis,0.0
D:\Projects\Federated_Learning\Master-Dataset\master_dataset\sahiwal\DS08__Sahiwal_76_jpg.rf.2eaf2b855798a0ea09b7f21989500faa.jpg,sahiwal,DS08,False,True,channel_analysis,0.0
D:\Projects\Federated_Learning\Master-Dataset\master_dataset\sahiwal\DS08__Sahiwal_77_jpg.rf.eea16e842863829f340b1bd44b8dbd2f.jpg,sahiwal,DS08,False,True,channel_analysis,0.0
D:\Projects\Federated_Learning\Master-Dataset\master_dataset\sahiwal\DS08__Sahiwal_78_jpg.rf.dd74679ea5ad56a30b5f4224619d86bc.jpg,sahiwal,DS08,False,True,channel_analysis,0.0
D:\Projects\Federated_Learning\Master-Dataset\master_dataset\sahiwal\DS08__Sahiwal_79_jpg.rf.b796aff3e274f03aaa13935e900ec424.jpg,sahiwal,DS08,False,True,channel_analysis,0.0
D:\Projects\Federated_Learning\Master-Dataset\master_dataset\sahiwal\DS08__Sahiwal_7_JPG.rf.68da1bc0fc77e6b048b128d398831313.jpg,sahiwal,DS08,False,True,channel_analysis,0.0
D:\Projects\Federated_Learning\Master-Dataset\master_dataset\sahiwal\DS08__Sahiwal_80_jpg.rf.089649194489e0d296783a96574afb23.jpg,sahiwal,DS08,False,True,channel_analysis,0.0
D:\Projects\Federated_Learning\Master-Dataset\master_dataset\sahiwal\DS08__Sahiwal_81_jpg.rf.6c72a69f2c8127af6a80b92e76ade408.jpg,sahiwal,DS08,False,True,channel_analysis,0.0
D:\Projects\Federated_Learning\Master-Dataset\master_dataset\sahiwal\DS08__Sahiwal_82_jpg.rf.212c4c28d0cd4cf59f7719407f73dacb.jpg,sahiwal,DS08,False,True,channel_analysis,0.0
D:\Projects\Federated_Learning\Master-Dataset\master_dataset\sahiwal\DS08__Sahiwal_83_jpg.rf.32a3b2a23e74056fe03e20a0206317e7.jpg,sahiwal,DS08,False,True,channel_analysis,0.0
D:\Projects\Federated_Learning\Master-Dataset\master_dataset\sahiwal\DS08__Sahiwal_84_jpg.rf.8f907d14a339cb49e3ce48b4fa2b71f4.jpg,sahiwal,DS08,False,True,channel_analysis,0.0
D:\Projects\Federated_Learning\Master-Dataset\master_dataset\sahiwal\DS08__Sahiwal_85_png.rf.159e11c204b6f4acf3171f4c418a89d8.jpg,sahiwal,DS08,False,True,channel_analysis,0.0
D:\Projects\Federated_Learning\Master-Dataset\master_dataset\sahiwal\DS08__Sahiwal_86_jpg.rf.7d66d4da6dccace60c09a915b12657b4.jpg,sahiwal,DS08,False,True,channel_analysis,0.0
D:\Projects\Federated_Learning\Master-Dataset\master_dataset\sahiwal\DS08__Sahiwal_87_png.rf.0de0c0db31801f73c1d8cd8e497d46de.jpg,sahiwal,DS08,False,True,channel_analysis,0.0
D:\Projects\Federated_Learning\Master-Dataset\master_dataset\sahiwal\DS08__Sahiwal_88_jpg.rf.c09ffa33a203033b97f3f0ba7ea67d2d.jpg,sahiwal,DS08,False,True,channel_analysis,0.0
D:\Projects\Federated_Learning\Master-Dataset\master_dataset\sahiwal\DS08__Sahiwal_89_jpg.rf.66c612345838a2cf8f0068a5150fa0bd.jpg,sahiwal,DS08,False,True,channel_analysis,0.0
D:\Projects\Federated_Learning\Master-Dataset\master_dataset\sahiwal\DS08__Sahiwal_8_JPG.rf.3028a529bcd5d2b12c047dfe384600a6.jpg,sahiwal,DS08,False,True,channel_analysis,0.0
D:\Projects\Federated_Learning\Master-Dataset\master_dataset\sahiwal\DS08__Sahiwal_90_jpg.rf.0254bd4c816c1b8f64199eeb36a8c4ca.jpg,sahiwal,DS08,False,True,channel_analysis,0.0
D:\Projects\Federated_Learning\Master-Dataset\master_dataset\sahiwal\DS08__Sahiwal_91_jpg.rf.93237a92ef9f1db7efb261630acf9cbc.jpg,sahiwal,DS08,False,True,channel_analysis,0.0
D:\Projects\Federated_Learning\Master-Dataset\master_dataset\sahiwal\DS08__Sahiwal_92_jpg.rf.10ee5667874e867eda792462010a041e.jpg,sahiwal,DS08,False,True,channel_analysis,0.0
D:\Projects\Federated_Learning\Master-Dataset\master_dataset\sahiwal\DS08__Sahiwal_93_jpg.rf.9e782b8475572c262fb686e0909baff5.jpg,sahiwal,DS08,False,True,channel_analysis,0.0
D:\Projects\Federated_Learning\Master-Dataset\master_dataset\sahiwal\DS08__Sahiwal_94_png.rf.b47b27230902630990462d2aeaf00990.jpg,sahiwal,DS08,False,True,channel_analysis,0.0
D:\Projects\Federated_Learning\Master-Dataset\master_dataset\sahiwal\DS08__Sahiwal_95_jpg.rf.32cf01377292efed1ee67ea53f7cdeca.jpg,sahiwal,DS08,False,True,channel_analysis,0.0
D:\Projects\Federated_Learning\Master-Dataset\master_dataset\sahiwal\DS08__Sahiwal_97_jpg.rf.4555c94af67c6bdc399273753471f6c8.jpg,sahiwal,DS08,False,True,channel_analysis,0.0
D:\Projects\Federated_Learning\Master-Dataset\master_dataset\sahiwal\DS08__Sahiwal_98_png.rf.f6810e6c9979239087b2eae6b3bad64b.jpg,sahiwal,DS08,False,True,channel_analysis,0.0
D:\Projects\Federated_Learning\Master-Dataset\master_dataset\sahiwal\DS08__Sahiwal_99_jpg.rf.e17ccfad5d71316c483f59d93ed41ea5.jpg,sahiwal,DS08,False,True,channel_analysis,0.0
D:\Projects\Federated_Learning\Master-Dataset\master_dataset\sahiwal\DS08__Sahiwal_9_JPG.rf.62d6d9c9247f7865ae99f727a7363169.jpg,sahiwal,DS08,False,True,channel_analysis,0.0
D:\Projects\Federated_Learning\Master-Dataset\master_dataset\sahiwal\DS09__sahiwal_1.jpg,sahiwal,DS09,False,True,channel_analysis,6.91
D:\Projects\Federated_Learning\Master-Dataset\master_dataset\sahiwal\DS10__Sahiwal_219__aug1_sahiwal_773.jpg,sahiwal,DS10,False,True,channel_analysis,5.39
D:\Projects\Federated_Learning\Master-Dataset\master_dataset\sahiwal\DS10__Sahiwal_225__aug3_sahiwal_774.jpg,sahiwal,DS10,False,True,channel_analysis,7.8
D:\Projects\Federated_Learning\Master-Dataset\master_dataset\sahiwal\DS10__Sahiwal_321__aug4_sahiwal_227.jpg,sahiwal,DS10,False,True,channel_analysis,7.71
D:\Projects\Federated_Learning\Master-Dataset\master_dataset\sahiwal\DS10__Sahiwal_357__aug4_sahiwal_263.png,sahiwal,DS10,False,True,channel_analysis,7.73
D:\Projects\Federated_Learning\Master-Dataset\master_dataset\sahiwal\DS10__Sahiwal_36__aug3_sahiwal_266.jpg,sahiwal,DS10,False,True,channel_analysis,8.0
D:\Projects\Federated_Learning\Master-Dataset\master_dataset\sahiwal\DS10__Sahiwal_82__aug2_sahiwal_395.jpg,sahiwal,DS10,False,True,channel_analysis,7.31
D:\Projects\Federated_Learning\Master-Dataset\master_dataset\sahiwal\DS11__Sahiwal_049__aug1_sahiwal_451.jpg,sahiwal,DS11,False,True,channel_analysis,7.62
D:\Projects\Federated_Learning\Master-Dataset\master_dataset\sahiwal\DS11__Sahiwal_121.jpg,sahiwal,DS11,False,True,channel_analysis,7.27
D:\Projects\Federated_Learning\Master-Dataset\master_dataset\sahiwal\DS11__Sahiwal_128__aug1_sahiwal_506.jpg,sahiwal,DS11,False,True,channel_analysis,4.46
D:\Projects\Federated_Learning\Master-Dataset\master_dataset\sahiwal\DS11__Sahiwal_135__aug1_sahiwal_513.jpg,sahiwal,DS11,False,True,channel_analysis,6.56
D:\Projects\Federated_Learning\Master-Dataset\master_dataset\sahiwal\DS11__Sahiwal_150.jpg,sahiwal,DS11,False,True,channel_analysis,7.97
D:\Projects\Federated_Learning\Master-Dataset\master_dataset\sahiwal\DS11__Sahiwal_173__aug1_sahiwal_540.jpg,sahiwal,DS11,False,True,channel_analysis,7.73
D:\Projects\Federated_Learning\Master-Dataset\master_dataset\sahiwal\DS11__Sahiwal_242__aug1_sahiwal_587.jpg,sahiwal,DS11,False,True,channel_analysis,4.61
D:\Projects\Federated_Learning\Master-Dataset\master_dataset\sahiwal\DS11__Sahiwal_273.jpg,sahiwal,DS11,False,True,channel_analysis,7.71
D:\Projects\Federated_Learning\Master-Dataset\master_dataset\sahiwal\DS11__Sahiwal_280__aug1_sahiwal_619.jpg,sahiwal,DS11,False,True,channel_analysis,5.58
D:\Projects\Federated_Learning\Master-Dataset\master_dataset\sahiwal\DS11__Sahiwal_283.jpg,sahiwal,DS11,False,True,channel_analysis,3.97
D:\Projects\Federated_Learning\Master-Dataset\master_dataset\sahiwal\DS11__Sahiwal_348.jpg,sahiwal,DS11,False,True,channel_analysis,5.9
D:\Projects\Federated_Learning\Master-Dataset\master_dataset\sahiwal\DS11__Sahiwal_366__aug1_sahiwal_698.jpg,sahiwal,DS11,False,True,channel_analysis,8.0
D:\Projects\Federated_Learning\Master-Dataset\master_dataset\sahiwal\DS11__Sahiwal_369.jpg,sahiwal,DS11,False,True,channel_analysis,7.44
D:\Projects\Federated_Learning\Master-Dataset\master_dataset\sahiwal\DS11__Sahiwal_403.jpg,sahiwal,DS11,False,True,channel_analysis,7.39
D:\Projects\Federated_Learning\Master-Dataset\master_dataset\sahiwal\DS11__Sahiwal_410__aug1_sahiwal_739.jpg,sahiwal,DS11,False,True,channel_analysis,6.41
D:\Projects\Federated_Learning\Master-Dataset\master_dataset\sahiwal\DS11__Sahiwal_417__aug1_sahiwal_745.jpg,sahiwal,DS11,False,True,channel_analysis,6.17
D:\Projects\Federated_Learning\Master-Dataset\master_dataset\sahiwal\DS11__Sahiwal_421__aug1_sahiwal_748.jpg,sahiwal,DS11,False,True,channel_analysis,4.34
D:\Projects\Federated_Learning\Master-Dataset\master_dataset\sahiwal\DS11__Sahiwal_428__aug1_sahiwal_755.jpg,sahiwal,DS11,False,True,channel_analysis,7.2
D:\Projects\Federated_Learning\Master-Dataset\master_dataset\jersey\DS03__Jersey_103.jpg,jersey,DS03,False,True,channel_analysis,7.66
D:\Projects\Federated_Learning\Master-Dataset\master_dataset\jersey\DS03__Jersey_13.jpg,jersey,DS03,False,True,channel_analysis,2.24
D:\Projects\Federated_Learning\Master-Dataset\master_dataset\jersey\DS03__Jersey_161.jpg,jersey,DS03,False,True,channel_analysis,5.69
D:\Projects\Federated_Learning\Master-Dataset\master_dataset\jersey\DS03__Jersey_203.jpg,jersey,DS03,False,True,channel_analysis,7.69
D:\Projects\Federated_Learning\Master-Dataset\master_dataset\jersey\DS03__Jersey_21.jpg,jersey,DS03,False,True,channel_analysis,7.64
D:\Projects\Federated_Learning\Master-Dataset\master_dataset\jersey\DS03__Jersey_81.jpg,jersey,DS03,False,True,channel_analysis,3.02
D:\Projects\Federated_Learning\Master-Dataset\master_dataset\jersey\DS04__jersey_0035.jpg,jersey,DS04,False,True,channel_analysis,3.72
D:\Projects\Federated_Learning\Master-Dataset\master_dataset\jersey\DS05__download-2-_jpeg.rf.ac2a8160be445c2aec3b8d4ea6e74c65.jpg,jersey,DS05,False,True,channel_analysis,4.9
D:\Projects\Federated_Learning\Master-Dataset\master_dataset\jersey\DS05__download-2-_rot15_b0_8_jpeg.rf.42e1873171a1a97ab2b3e4de55233110.jpg,jersey,DS05,False,True,channel_analysis,2.38
D:\Projects\Federated_Learning\Master-Dataset\master_dataset\jersey\DS05__hf-cow-268_rot15_b0_8_jpg.rf.52d20017020f4825973c1e304ae8d2a1.jpg,jersey,DS05,False,True,channel_analysis,4.57
D:\Projects\Federated_Learning\Master-Dataset\master_dataset\jersey\DS05__hf-cow-690_jpg.rf.abe8473e9358f2e1c5eeb0e59ca55e3a.jpg,jersey,DS05,False,True,channel_analysis,5.71
D:\Projects\Federated_Learning\Master-Dataset\master_dataset\jersey\DS05__hf-cow-690_rot15_b1_0_jpg.rf.eb39c29346e38f3c23207ef811d514ee.jpg,jersey,DS05,False,True,channel_analysis,3.75
D:\Projects\Federated_Learning\Master-Dataset\master_dataset\jersey\DS05__hf-milking-cow-178_rot15_b0_8_jpg.rf.51b84c16943c992b75befaf076c8d971.jpg,jersey,DS05,False,True,channel_analysis,4.6
D:\Projects\Federated_Learning\Master-Dataset\master_dataset\jersey\DS05__Holstein-Friesian-Cow_rot15_b0_8_jpeg.rf.4d23d47fdbc82b04a56b00f72168aea1.jpg,jersey,DS05,False,True,channel_analysis,6.67
D:\Projects\Federated_Learning\Master-Dataset\master_dataset\jersey\DS05__images-3-_rot15_b0_8_jpeg.rf.6df65366b49a3c0c82682e562b4daba9.jpg,jersey,DS05,False,True,channel_analysis,6.68
D:\Projects\Federated_Learning\Master-Dataset\master_dataset\jersey\DS05__images-7-_rot15_b0_8_jpeg.rf.2a01fdd1fdf6d1a2819123dab270b7be.jpg,jersey,DS05,False,True,channel_analysis,5.11
D:\Projects\Federated_Learning\Master-Dataset\master_dataset\jersey\DS05__jersey-cow-679_rot15_b1_0_jpg.rf.7a3236ec9b25035bf45da0ad3de62da8.jpg,jersey,DS05,False,True,channel_analysis,5.67
D:\Projects\Federated_Learning\Master-Dataset\master_dataset\jersey\DS05__Pure-HF-Cow_rot15_b0_8_jpg.rf.fdf85dbf96344f2da61f96d3c4e022ab.jpg,jersey,DS05,False,True,channel_analysis,5.58
D:\Projects\Federated_Learning\Master-Dataset\master_dataset\jersey\DS07__Jerseycattle106.jpg,jersey,DS07,False,True,channel_analysis,6.4
D:\Projects\Federated_Learning\Master-Dataset\master_dataset\jersey\DS08__Jersey_100_jpg.rf.6a50ebc8a6b036a161878c0ae1fd7656.jpg,jersey,DS08,False,True,channel_analysis,0.0
D:\Projects\Federated_Learning\Master-Dataset\master_dataset\jersey\DS08__Jersey_101_jpg.rf.8499df77b9170e4ed17e44a09172d11b.jpg,jersey,DS08,False,True,channel_analysis,0.0
D:\Projects\Federated_Learning\Master-Dataset\master_dataset\jersey\DS08__Jersey_102_jpg.rf.594e02bc51b4bfaae67f48a8e457fad0.jpg,jersey,DS08,False,True,channel_analysis,0.0
D:\Projects\Federated_Learning\Master-Dataset\master_dataset\jersey\DS08__Jersey_103_jpg.rf.e8db5e0682fb4a61250e23d633e90f4b.jpg,jersey,DS08,False,True,channel_analysis,0.0
D:\Projects\Federated_Learning\Master-Dataset\master_dataset\jersey\DS08__Jersey_104_jpg.rf.54a9764d4a9a685c48ae7c3f53c92404.jpg,jersey,DS08,False,True,channel_analysis,0.0
D:\Projects\Federated_Learning\Master-Dataset\master_dataset\jersey\DS08__Jersey_105_jpg.rf.f8befcf0d9551c674983b1152d854eaf.jpg,jersey,DS08,False,True,channel_analysis,0.0
D:\Projects\Federated_Learning\Master-Dataset\master_dataset\jersey\DS08__Jersey_106_jpg.rf.fee161e27449554bc632bee238a37c4d.jpg,jersey,DS08,False,True,channel_analysis,0.0
D:\Projects\Federated_Learning\Master-Dataset\master_dataset\jersey\DS08__Jersey_107_jpg.rf.e2375c9de320e8adf9be3c818314c82a.jpg,jersey,DS08,False,True,channel_analysis,0.0
D:\Projects\Federated_Learning\Master-Dataset\master_dataset\jersey\DS08__Jersey_108_jpg.rf.f49264d10193c9fdc5ca4152b1a28a17.jpg,jersey,DS08,False,True,channel_analysis,0.0
D:\Projects\Federated_Learning\Master-Dataset\master_dataset\jersey\DS08__Jersey_109_jpg.rf.363597616925cf51b875175e1838a2a6.jpg,jersey,DS08,False,True,channel_analysis,0.0
D:\Projects\Federated_Learning\Master-Dataset\master_dataset\jersey\DS08__Jersey_10_jpg.rf.eee30f1bd26fa0a96373aeb814612489.jpg,jersey,DS08,False,True,channel_analysis,0.0
D:\Projects\Federated_Learning\Master-Dataset\master_dataset\jersey\DS08__Jersey_110_jpg.rf.55559d55629302fbef289867cdeff5a1.jpg,jersey,DS08,False,True,channel_analysis,0.0
D:\Projects\Federated_Learning\Master-Dataset\master_dataset\jersey\DS08__Jersey_111_jpg.rf.c76f30f50e857bfa6bd3521881573868.jpg,jersey,DS08,False,True,channel_analysis,0.0
D:\Projects\Federated_Learning\Master-Dataset\master_dataset\jersey\DS08__Jersey_112_jpg.rf.8bfed574681a5fd93c13a9b5e475890b.jpg,jersey,DS08,False,True,channel_analysis,0.0
D:\Projects\Federated_Learning\Master-Dataset\master_dataset\jersey\DS08__Jersey_113_jpg.rf.9402bad24435427c6e73a508969d74eb.jpg,jersey,DS08,False,True,channel_analysis,0.0
D:\Projects\Federated_Learning\Master-Dataset\master_dataset\jersey\DS08__Jersey_114_jpg.rf.c59dc2f73c9248a20d381749ba7e7b43.jpg,jersey,DS08,False,True,channel_analysis,0.0
D:\Projects\Federated_Learning\Master-Dataset\master_dataset\jersey\DS08__Jersey_115_jpg.rf.0ae2dee00617499ca23c5bfbd20ff9cd.jpg,jersey,DS08,False,True,channel_analysis,0.0
D:\Projects\Federated_Learning\Master-Dataset\master_dataset\jersey\DS08__Jersey_116_jpg.rf.abdd803b6deb7ee54b79ddb47835995d.jpg,jersey,DS08,False,True,channel_analysis,0.0
D:\Projects\Federated_Learning\Master-Dataset\master_dataset\jersey\DS08__Jersey_117_jpg.rf.fed44c2372db07c57e6327914a8890db.jpg,jersey,DS08,False,True,channel_analysis,0.0
D:\Projects\Federated_Learning\Master-Dataset\master_dataset\jersey\DS08__Jersey_118_jpg.rf.57e3eca7a10698becef053e4dfd7f970.jpg,jersey,DS08,False,True,channel_analysis,0.0
D:\Projects\Federated_Learning\Master-Dataset\master_dataset\jersey\DS08__Jersey_119_jpg.rf.abcb3c473c9f050ba1d4de499684154b.jpg,jersey,DS08,False,True,channel_analysis,0.0
D:\Projects\Federated_Learning\Master-Dataset\master_dataset\jersey\DS08__Jersey_11_jpg.rf.5cb92fdc97e469e57583d6cd35d3da54.jpg,jersey,DS08,False,True,channel_analysis,0.0
D:\Projects\Federated_Learning\Master-Dataset\master_dataset\jersey\DS08__Jersey_120_jpg.rf.e871b43030c01742baca9c6d2683c6f2.jpg,jersey,DS08,False,True,channel_analysis,0.0
D:\Projects\Federated_Learning\Master-Dataset\master_dataset\jersey\DS08__Jersey_121_jpg.rf.0d3193b744844ef7302ada1704d2b130.jpg,jersey,DS08,False,True,channel_analysis,0.0
D:\Projects\Federated_Learning\Master-Dataset\master_dataset\jersey\DS08__Jersey_122_jpg.rf.79265c94e5b84711b4b3dec51e954e8b.jpg,jersey,DS08,False,True,channel_analysis,0.0
D:\Projects\Federated_Learning\Master-Dataset\master_dataset\jersey\DS08__Jersey_123_jpg.rf.7e9b97efd29c7ce784d4378af0a82ac6.jpg,jersey,DS08,False,True,channel_analysis,0.0
D:\Projects\Federated_Learning\Master-Dataset\master_dataset\jersey\DS08__Jersey_124_jpg.rf.d172b986f95b972bcc0cdc044e76b150.jpg,jersey,DS08,False,True,channel_analysis,0.0
D:\Projects\Federated_Learning\Master-Dataset\master_dataset\jersey\DS08__Jersey_125_jpg.rf.75311d988c27df0a9619f270a6e952a8.jpg,jersey,DS08,False,True,channel_analysis,0.0
D:\Projects\Federated_Learning\Master-Dataset\master_dataset\jersey\DS08__Jersey_126_jpg.rf.6f335850b57c5df3c44f8a47ea8da1d5.jpg,jersey,DS08,False,True,channel_analysis,0.0
D:\Projects\Federated_Learning\Master-Dataset\master_dataset\jersey\DS08__Jersey_127_jpg.rf.17f8f3d25f7ef990a70dc6b4b4a07066.jpg,jersey,DS08,False,True,channel_analysis,0.0
D:\Projects\Federated_Learning\Master-Dataset\master_dataset\jersey\DS08__Jersey_128_jpg.rf.683446af780a50393d6100f794ee9fcb.jpg,jersey,DS08,False,True,channel_analysis,0.0
D:\Projects\Federated_Learning\Master-Dataset\master_dataset\jersey\DS08__Jersey_129_jpg.rf.aab5c37e1836df02cba68304742cba5d.jpg,jersey,DS08,False,True,channel_analysis,0.0
D:\Projects\Federated_Learning\Master-Dataset\master_dataset\jersey\DS08__Jersey_12_jpg.rf.d5ebdeefb89a6d2b7352092614433ac0.jpg,jersey,DS08,False,True,channel_analysis,0.0
D:\Projects\Federated_Learning\Master-Dataset\master_dataset\jersey\DS08__Jersey_130_jpg.rf.ba1f2a3aafa6aec1931ccae2d68bfea9.jpg,jersey,DS08,False,True,channel_analysis,0.0
D:\Projects\Federated_Learning\Master-Dataset\master_dataset\jersey\DS08__Jersey_131_jpg.rf.9ee2944b6520028f82bd572bf8c9ed39.jpg,jersey,DS08,False,True,channel_analysis,0.0
D:\Projects\Federated_Learning\Master-Dataset\master_dataset\jersey\DS08__Jersey_132_jpg.rf.74e69ffadf02eee457bf6ce4e4ecdbe3.jpg,jersey,DS08,False,True,channel_analysis,0.0
D:\Projects\Federated_Learning\Master-Dataset\master_dataset\jersey\DS08__Jersey_133_jpg.rf.66c1782165f78bd82ae9a638930238f5.jpg,jersey,DS08,False,True,channel_analysis,0.0
D:\Projects\Federated_Learning\Master-Dataset\master_dataset\jersey\DS08__Jersey_134_jpg.rf.60c4fd2de6335a01b46daee81d9700b9.jpg,jersey,DS08,False,True,channel_analysis,0.0
D:\Projects\Federated_Learning\Master-Dataset\master_dataset\jersey\DS08__Jersey_135_jpg.rf.e59306712d4f153fc59948b33414f7a8.jpg,jersey,DS08,False,True,channel_analysis,0.0
D:\Projects\Federated_Learning\Master-Dataset\master_dataset\jersey\DS08__Jersey_136_jpg.rf.189cc77c292d7ac7f3706b95e28fe053.jpg,jersey,DS08,False,True,channel_analysis,0.0
D:\Projects\Federated_Learning\Master-Dataset\master_dataset\jersey\DS08__Jersey_137_jpg.rf.53aa05dda19fa40fe5af6242f0df06d4.jpg,jersey,DS08,False,True,channel_analysis,0.0
D:\Projects\Federated_Learning\Master-Dataset\master_dataset\jersey\DS08__Jersey_138_jpg.rf.b55f469a650af4e717749436d4d9b39a.jpg,jersey,DS08,False,True,channel_analysis,0.0
D:\Projects\Federated_Learning\Master-Dataset\master_dataset\jersey\DS08__Jersey_139_jpg.rf.bc4924a828be3aea97fa7bc4ab81a4f2.jpg,jersey,DS08,False,True,channel_analysis,0.0
D:\Projects\Federated_Learning\Master-Dataset\master_dataset\jersey\DS08__Jersey_13_jpg.rf.6c7f933d80229aedd45f36cf01771035.jpg,jersey,DS08,False,True,channel_analysis,0.0
D:\Projects\Federated_Learning\Master-Dataset\master_dataset\jersey\DS08__Jersey_140_jpg.rf.f68445820965222db940ad0514caffcd.jpg,jersey,DS08,False,True,channel_analysis,0.0
D:\Projects\Federated_Learning\Master-Dataset\master_dataset\jersey\DS08__Jersey_141_jpg.rf.f8a750c6b1bc2c5d14546322b8b75a3f.jpg,jersey,DS08,False,True,channel_analysis,0.0
D:\Projects\Federated_Learning\Master-Dataset\master_dataset\jersey\DS08__Jersey_142_jpg.rf.af8bdcaf3549d1fee4c22ad29aa145a4.jpg,jersey,DS08,False,True,channel_analysis,0.0
D:\Projects\Federated_Learning\Master-Dataset\master_dataset\jersey\DS08__Jersey_143_jpg.rf.e8f5c3f236e56c49ec670ed2edf59f1a.jpg,jersey,DS08,False,True,channel_analysis,0.0
D:\Projects\Federated_Learning\Master-Dataset\master_dataset\jersey\DS08__Jersey_144_jpg.rf.aa63034d5934d8574bee5ae1e7bd4d66.jpg,jersey,DS08,False,True,channel_analysis,0.0
D:\Projects\Federated_Learning\Master-Dataset\master_dataset\jersey\DS08__Jersey_145_jpg.rf.a9366a89db7970c3014a29c4202ea92d.jpg,jersey,DS08,False,True,channel_analysis,0.0
D:\Projects\Federated_Learning\Master-Dataset\master_dataset\jersey\DS08__Jersey_146_jpg.rf.3365757aaf5a345eb573bb7432cdc5d6.jpg,jersey,DS08,False,True,channel_analysis,0.0
D:\Projects\Federated_Learning\Master-Dataset\master_dataset\jersey\DS08__Jersey_147_jpg.rf.1cb2a1df66a77faa49cab08a3b2fe838.jpg,jersey,DS08,False,True,channel_analysis,0.0
D:\Projects\Federated_Learning\Master-Dataset\master_dataset\jersey\DS08__Jersey_148_jpg.rf.4428dbd85de80be530ed0638f6524c11.jpg,jersey,DS08,False,True,channel_analysis,0.0
D:\Projects\Federated_Learning\Master-Dataset\master_dataset\jersey\DS08__Jersey_149_jpg.rf.433ccd30ba74120ae2b396fe84e95dd1.jpg,jersey,DS08,False,True,channel_analysis,0.0
D:\Projects\Federated_Learning\Master-Dataset\master_dataset\jersey\DS08__Jersey_14_jpg.rf.8bd17ad87c1efc68d6755414ef2b36cf.jpg,jersey,DS08,False,True,channel_analysis,0.0
D:\Projects\Federated_Learning\Master-Dataset\master_dataset\jersey\DS08__Jersey_150_jpg.rf.1acc599f759f4707bc7590fa6749b2ea.jpg,jersey,DS08,False,True,channel_analysis,0.0
D:\Projects\Federated_Learning\Master-Dataset\master_dataset\jersey\DS08__Jersey_151_jpg.rf.aea81823804fa09ba00594c3a5e15e60.jpg,jersey,DS08,False,True,channel_analysis,0.0
D:\Projects\Federated_Learning\Master-Dataset\master_dataset\jersey\DS08__Jersey_152_jpg.rf.cb3970242067f108b386350f9129de39.jpg,jersey,DS08,False,True,channel_analysis,0.0
D:\Projects\Federated_Learning\Master-Dataset\master_dataset\jersey\DS08__Jersey_153_jpg.rf.579b3c52751337ab7db7d57a5f0b884c.jpg,jersey,DS08,False,True,channel_analysis,0.0
D:\Projects\Federated_Learning\Master-Dataset\master_dataset\jersey\DS08__Jersey_154_jpg.rf.0bbaacd8893c12d0da2c45229a27be6c.jpg,jersey,DS08,False,True,channel_analysis,0.0
D:\Projects\Federated_Learning\Master-Dataset\master_dataset\jersey\DS08__Jersey_155_jpg.rf.be7c0da386c757ef4f771b6466b2af4b.jpg,jersey,DS08,False,True,channel_analysis,0.0
D:\Projects\Federated_Learning\Master-Dataset\master_dataset\jersey\DS08__Jersey_156_jpg.rf.9a43f1969960efa7b973fd006f3f469c.jpg,jersey,DS08,False,True,channel_analysis,0.0
D:\Projects\Federated_Learning\Master-Dataset\master_dataset\jersey\DS08__Jersey_157_jpg.rf.ebfe11d299726740f33f224ed8159fce.jpg,jersey,DS08,False,True,channel_analysis,0.0
D:\Projects\Federated_Learning\Master-Dataset\master_dataset\jersey\DS08__Jersey_158_jpg.rf.64129fff2e45b9d04dede63d94142ce0.jpg,jersey,DS08,False,True,channel_analysis,0.0
D:\Projects\Federated_Learning\Master-Dataset\master_dataset\jersey\DS08__Jersey_159_jpg.rf.bbca6a3e5e851f9c52dd9ef4bb12a814.jpg,jersey,DS08,False,True,channel_analysis,0.0
D:\Projects\Federated_Learning\Master-Dataset\master_dataset\jersey\DS08__Jersey_15_jpg.rf.a227cbe1416877447a82999917eca32a.jpg,jersey,DS08,False,True,channel_analysis,0.0
D:\Projects\Federated_Learning\Master-Dataset\master_dataset\jersey\DS08__Jersey_160_jpg.rf.8d5707bab2266ce73f49309c1d2efa56.jpg,jersey,DS08,False,True,channel_analysis,0.0
D:\Projects\Federated_Learning\Master-Dataset\master_dataset\jersey\DS08__Jersey_161_jpg.rf.5bf807922256706a172449579967960f.jpg,jersey,DS08,False,True,channel_analysis,0.0
D:\Projects\Federated_Learning\Master-Dataset\master_dataset\jersey\DS08__Jersey_162_jpg.rf.0924626782fd237f468206767cfa4fd0.jpg,jersey,DS08,False,True,channel_analysis,0.0
D:\Projects\Federated_Learning\Master-Dataset\master_dataset\jersey\DS08__Jersey_163_jpg.rf.f46c82418c3aca9bb91607f22de4c41a.jpg,jersey,DS08,False,True,channel_analysis,0.0
D:\Projects\Federated_Learning\Master-Dataset\master_dataset\jersey\DS08__Jersey_164_jpg.rf.bd80741153c2fa61a15f2f6c80bad85e.jpg,jersey,DS08,False,True,channel_analysis,0.0
D:\Projects\Federated_Learning\Master-Dataset\master_dataset\jersey\DS08__Jersey_165_jpg.rf.7e4b02a5546f5da8bfc32842f40237b3.jpg,jersey,DS08,False,True,channel_analysis,0.0
D:\Projects\Federated_Learning\Master-Dataset\master_dataset\jersey\DS08__Jersey_166_jpg.rf.edcc2e628ebdccdd19eb9ff91894aa56.jpg,jersey,DS08,False,True,channel_analysis,0.0
D:\Projects\Federated_Learning\Master-Dataset\master_dataset\jersey\DS08__Jersey_167_jpg.rf.7eac5f5fda6bd6b5e89e5b4b48579f87.jpg,jersey,DS08,False,True,channel_analysis,0.0
D:\Projects\Federated_Learning\Master-Dataset\master_dataset\jersey\DS08__Jersey_168_jpg.rf.5cdec5a4963a61b9512b032cd256e7ba.jpg,jersey,DS08,False,True,channel_analysis,0.0
D:\Projects\Federated_Learning\Master-Dataset\master_dataset\jersey\DS08__Jersey_169_jpg.rf.48224b6c1f3316257ccf7a550570a339.jpg,jersey,DS08,False,True,channel_analysis,0.0
D:\Projects\Federated_Learning\Master-Dataset\master_dataset\jersey\DS08__Jersey_16_jpg.rf.d6f8c482a46cf22c218bb815c671cbd0.jpg,jersey,DS08,False,True,channel_analysis,0.0
D:\Projects\Federated_Learning\Master-Dataset\master_dataset\jersey\DS08__Jersey_170_jpg.rf.5b11931e64f3fd3adecac8635b3d41cc.jpg,jersey,DS08,False,True,channel_analysis,0.0
D:\Projects\Federated_Learning\Master-Dataset\master_dataset\jersey\DS08__Jersey_171_jpg.rf.2b1e82ed7b6423283fb99d1119e6311d.jpg,jersey,DS08,False,True,channel_analysis,0.0
D:\Projects\Federated_Learning\Master-Dataset\master_dataset\jersey\DS08__Jersey_172_jpg.rf.9108fa1e1a5c9f7e43d890d46408f575.jpg,jersey,DS08,False,True,channel_analysis,0.0
D:\Projects\Federated_Learning\Master-Dataset\master_dataset\jersey\DS08__Jersey_173_jpg.rf.9ada2b4001b12ccd5e3ee2cae5cf6f4b.jpg,jersey,DS08,False,True,channel_analysis,0.0
D:\Projects\Federated_Learning\Master-Dataset\master_dataset\jersey\DS08__Jersey_174_jpg.rf.344ae893f9e3a5f5ac5a7c4176e790b9.jpg,jersey,DS08,False,True,channel_analysis,0.0
D:\Projects\Federated_Learning\Master-Dataset\master_dataset\jersey\DS08__Jersey_175_jpg.rf.2493d39e5926909374bfd3e5bc9af21f.jpg,jersey,DS08,False,True,channel_analysis,0.0
D:\Projects\Federated_Learning\Master-Dataset\master_dataset\jersey\DS08__Jersey_176_jpg.rf.c648277e74fa936ebb9cb4f3391d76e8.jpg,jersey,DS08,False,True,channel_analysis,0.0
D:\Projects\Federated_Learning\Master-Dataset\master_dataset\jersey\DS08__Jersey_177_jpg.rf.e8336c15b38a6bfc5c7682f5a3832d6c.jpg,jersey,DS08,False,True,channel_analysis,0.0
D:\Projects\Federated_Learning\Master-Dataset\master_dataset\jersey\DS08__Jersey_179_jpg.rf.b5981aa2fd6eca911a9d12df1e251459.jpg,jersey,DS08,False,True,channel_analysis,0.0
D:\Projects\Federated_Learning\Master-Dataset\master_dataset\jersey\DS08__Jersey_17_jpg.rf.6350dbbce8d7f1cfcf440dd9fb7853b2.jpg,jersey,DS08,False,True,channel_analysis,0.0
D:\Projects\Federated_Learning\Master-Dataset\master_dataset\jersey\DS08__Jersey_180_jpg.rf.2f01f97f0b720db0de0961e11aced4c7.jpg,jersey,DS08,False,True,channel_analysis,0.0
D:\Projects\Federated_Learning\Master-Dataset\master_dataset\jersey\DS08__Jersey_181_jpg.rf.765156d6ed210e60ab7ff2a5e5f1b050.jpg,jersey,DS08,False,True,channel_analysis,0.0
D:\Projects\Federated_Learning\Master-Dataset\master_dataset\jersey\DS08__Jersey_182_jpg.rf.b33a318808c260fdd6d7990dacf31d6b.jpg,jersey,DS08,False,True,channel_analysis,0.0
D:\Projects\Federated_Learning\Master-Dataset\master_dataset\jersey\DS08__Jersey_183_jpg.rf.0655c7c14b57f7df64292c7cfdeef835.jpg,jersey,DS08,False,True,channel_analysis,0.0
D:\Projects\Federated_Learning\Master-Dataset\master_dataset\jersey\DS08__Jersey_184_jpg.rf.71844d0d8ba552a7d18030f8a061aabe.jpg,jersey,DS08,False,True,channel_analysis,0.0
D:\Projects\Federated_Learning\Master-Dataset\master_dataset\jersey\DS08__Jersey_185_jpg.rf.f2bc8ace2ed5b9e592f5cd29766c756b.jpg,jersey,DS08,False,True,channel_analysis,0.0
D:\Projects\Federated_Learning\Master-Dataset\master_dataset\jersey\DS08__Jersey_186_jpg.rf.2cbd4c0543253910128d87302d7b3a18.jpg,jersey,DS08,False,True,channel_analysis,0.0
D:\Projects\Federated_Learning\Master-Dataset\master_dataset\jersey\DS08__Jersey_187_jpg.rf.9cd84e9ecedc377fe8341d884a7291f7.jpg,jersey,DS08,False,True,channel_analysis,0.0
D:\Projects\Federated_Learning\Master-Dataset\master_dataset\jersey\DS08__Jersey_188_jpg.rf.d0f73ebf4f7fcf413db7651f3c6524cd.jpg,jersey,DS08,False,True,channel_analysis,0.0
D:\Projects\Federated_Learning\Master-Dataset\master_dataset\jersey\DS08__Jersey_18_jpg.rf.87b9af01c6108359fd2a896d92fb1b0a.jpg,jersey,DS08,False,True,channel_analysis,0.0
D:\Projects\Federated_Learning\Master-Dataset\master_dataset\jersey\DS08__Jersey_190_jpg.rf.57ad28e1715fb8b5126199f129724a3d.jpg,jersey,DS08,False,True,channel_analysis,0.0
D:\Projects\Federated_Learning\Master-Dataset\master_dataset\jersey\DS08__Jersey_191_jpg.rf.12bda6cd03b17912445f23138035e755.jpg,jersey,DS08,False,True,channel_analysis,0.0
D:\Projects\Federated_Learning\Master-Dataset\master_dataset\jersey\DS08__Jersey_192_jpg.rf.3139a21c0bba8e7aff7330be97e5d37c.jpg,jersey,DS08,False,True,channel_analysis,0.0
D:\Projects\Federated_Learning\Master-Dataset\master_dataset\jersey\DS08__Jersey_193_jpg.rf.e94278e6d55d0bea06e9da39cd2c1f02.jpg,jersey,DS08,False,True,channel_analysis,0.0
D:\Projects\Federated_Learning\Master-Dataset\master_dataset\jersey\DS08__Jersey_194_jpg.rf.c32d07da341b202306ae696328d5ff30.jpg,jersey,DS08,False,True,channel_analysis,0.0
D:\Projects\Federated_Learning\Master-Dataset\master_dataset\jersey\DS08__Jersey_195_jpg.rf.134a58cae8aac05a1dc27753c07ecc7d.jpg,jersey,DS08,False,True,channel_analysis,0.0
D:\Projects\Federated_Learning\Master-Dataset\master_dataset\jersey\DS08__Jersey_196_jpg.rf.8597080cae444665d5cc5a5d1568109f.jpg,jersey,DS08,False,True,channel_analysis,0.0
D:\Projects\Federated_Learning\Master-Dataset\master_dataset\jersey\DS08__Jersey_197_jpg.rf.ee9b406ba326801d92a1ea18c32ecadd.jpg,jersey,DS08,False,True,channel_analysis,0.0
D:\Projects\Federated_Learning\Master-Dataset\master_dataset\jersey\DS08__Jersey_198_jpg.rf.8835ce2336acdeb89c39be61673be2a5.jpg,jersey,DS08,False,True,channel_analysis,0.0
D:\Projects\Federated_Learning\Master-Dataset\master_dataset\jersey\DS08__Jersey_199_jpg.rf.0a978543dc0110c74a926ed6f8709f3d.jpg,jersey,DS08,False,True,channel_analysis,0.0
D:\Projects\Federated_Learning\Master-Dataset\master_dataset\jersey\DS08__Jersey_19_jpg.rf.77a89a25f9cc14cf77ea5a0983bd77a3.jpg,jersey,DS08,False,True,channel_analysis,0.0
D:\Projects\Federated_Learning\Master-Dataset\master_dataset\jersey\DS08__Jersey_1_jpg.rf.0ca1fa6b76a46551a39529a91a0b50be.jpg,jersey,DS08,False,True,channel_analysis,0.0
D:\Projects\Federated_Learning\Master-Dataset\master_dataset\jersey\DS08__Jersey_200_jpg.rf.1b2b805e6c23e7e1a6dddb9e992bc482.jpg,jersey,DS08,False,True,channel_analysis,0.0
D:\Projects\Federated_Learning\Master-Dataset\master_dataset\jersey\DS08__Jersey_201_jpg.rf.452f0fe23f1dd4efe0f0ae7ea61e2a27.jpg,jersey,DS08,False,True,channel_analysis,0.0
D:\Projects\Federated_Learning\Master-Dataset\master_dataset\jersey\DS08__Jersey_202_jpg.rf.d3532d3fbb76e2a6094c561f0702ac9e.jpg,jersey,DS08,False,True,channel_analysis,0.0
D:\Projects\Federated_Learning\Master-Dataset\master_dataset\jersey\DS08__Jersey_203_jpg.rf.3e2a717475f0dfc7b2cbf73c33416f49.jpg,jersey,DS08,False,True,channel_analysis,0.0
D:\Projects\Federated_Learning\Master-Dataset\master_dataset\jersey\DS08__Jersey_20_jpg.rf.df6a8c4bad37a3adb1f2e36a6f3cb708.jpg,jersey,DS08,False,True,channel_analysis,0.0
D:\Projects\Federated_Learning\Master-Dataset\master_dataset\jersey\DS08__Jersey_21_jpg.rf.24b2c36e244dd4a5251794feea20cda1.jpg,jersey,DS08,False,True,channel_analysis,0.0
D:\Projects\Federated_Learning\Master-Dataset\master_dataset\jersey\DS08__Jersey_23_jpg.rf.dc9215c45c46b7bbf8fe8f0515dc3e6d.jpg,jersey,DS08,False,True,channel_analysis,0.0
D:\Projects\Federated_Learning\Master-Dataset\master_dataset\jersey\DS08__Jersey_24_jpg.rf.a8a8838f506f5755eb554483f100ce9d.jpg,jersey,DS08,False,True,channel_analysis,0.0
D:\Projects\Federated_Learning\Master-Dataset\master_dataset\jersey\DS08__Jersey_25_jpg.rf.a73df12d40da52351f3b5941a159cf2f.jpg,jersey,DS08,False,True,channel_analysis,0.0
D:\Projects\Federated_Learning\Master-Dataset\master_dataset\jersey\DS08__Jersey_26_jpg.rf.0debb2528c1986cfb30ea6a6deecb99e.jpg,jersey,DS08,False,True,channel_analysis,0.0
D:\Projects\Federated_Learning\Master-Dataset\master_dataset\jersey\DS08__Jersey_27_jpg.rf.113979cc93c335ab1e38590e525343fc.jpg,jersey,DS08,False,True,channel_analysis,0.0
D:\Projects\Federated_Learning\Master-Dataset\master_dataset\jersey\DS08__Jersey_28_jpg.rf.361d10d25d4413a913fddf244590697a.jpg,jersey,DS08,False,True,channel_analysis,0.0
D:\Projects\Federated_Learning\Master-Dataset\master_dataset\jersey\DS08__Jersey_29_jpg.rf.a545238eb5de3510515f4b64146ff429.jpg,jersey,DS08,False,True,channel_analysis,0.0
D:\Projects\Federated_Learning\Master-Dataset\master_dataset\jersey\DS08__Jersey_2_jpg.rf.abdc6b998d15b05d44cf2e1693ee7088.jpg,jersey,DS08,False,True,channel_analysis,0.0
D:\Projects\Federated_Learning\Master-Dataset\master_dataset\jersey\DS08__Jersey_30_jpg.rf.5142e2f3fbbfeebaf1fc9de78052de37.jpg,jersey,DS08,False,True,channel_analysis,0.0
D:\Projects\Federated_Learning\Master-Dataset\master_dataset\jersey\DS08__Jersey_31_jpg.rf.68134587d858df425f438b3daeb7507a.jpg,jersey,DS08,False,True,channel_analysis,0.0
D:\Projects\Federated_Learning\Master-Dataset\master_dataset\jersey\DS08__Jersey_32_jpg.rf.105242094a94e5e395f24607655dcbd9.jpg,jersey,DS08,False,True,channel_analysis,0.0
D:\Projects\Federated_Learning\Master-Dataset\master_dataset\jersey\DS08__Jersey_33_jpg.rf.fb05c96f91ef92002a5ea3c8599fcdbc.jpg,jersey,DS08,False,True,channel_analysis,0.0
D:\Projects\Federated_Learning\Master-Dataset\master_dataset\jersey\DS08__Jersey_34_jpg.rf.f314d5f7556da1eb511f1662161263c9.jpg,jersey,DS08,False,True,channel_analysis,0.0
D:\Projects\Federated_Learning\Master-Dataset\master_dataset\jersey\DS08__Jersey_35_jpg.rf.e433f121e1bfe5538c92f666e95afeb4.jpg,jersey,DS08,False,True,channel_analysis,0.0
D:\Projects\Federated_Learning\Master-Dataset\master_dataset\jersey\DS08__Jersey_36_jpg.rf.76c1e61bccb5de1565a60180b289ed66.jpg,jersey,DS08,False,True,channel_analysis,0.0
D:\Projects\Federated_Learning\Master-Dataset\master_dataset\jersey\DS08__Jersey_37_jpg.rf.b213666fcb6265123b693805fd2f797a.jpg,jersey,DS08,False,True,channel_analysis,0.0
D:\Projects\Federated_Learning\Master-Dataset\master_dataset\jersey\DS08__Jersey_38_jpg.rf.7f9641efa2a8418c123ce7b55aaed34a.jpg,jersey,DS08,False,True,channel_analysis,0.0
D:\Projects\Federated_Learning\Master-Dataset\master_dataset\jersey\DS08__Jersey_39_jpg.rf.be093e866576e828c35d1e484054678f.jpg,jersey,DS08,False,True,channel_analysis,0.0
D:\Projects\Federated_Learning\Master-Dataset\master_dataset\jersey\DS08__Jersey_3_jpg.rf.2d15bc136a36b51c36e01935b203669c.jpg,jersey,DS08,False,True,channel_analysis,0.0
D:\Projects\Federated_Learning\Master-Dataset\master_dataset\jersey\DS08__Jersey_40_jpg.rf.da71cfbd33e75b8cf5528ed0511718ae.jpg,jersey,DS08,False,True,channel_analysis,0.0
D:\Projects\Federated_Learning\Master-Dataset\master_dataset\jersey\DS08__Jersey_41_jpg.rf.a3ee9580ef1deebaa6cb3b22ff6cdf9d.jpg,jersey,DS08,False,True,channel_analysis,0.0
D:\Projects\Federated_Learning\Master-Dataset\master_dataset\jersey\DS08__Jersey_42_jpg.rf.d3d4bb85f883e569fdb86fe27ec2f7cc.jpg,jersey,DS08,False,True,channel_analysis,0.0
D:\Projects\Federated_Learning\Master-Dataset\master_dataset\jersey\DS08__Jersey_43_jpg.rf.4c28c630fc21824fe64292132882c31c.jpg,jersey,DS08,False,True,channel_analysis,0.0
D:\Projects\Federated_Learning\Master-Dataset\master_dataset\jersey\DS08__Jersey_44_jpg.rf.4e3f1e7ecdeb3a3696f892875e7f93c9.jpg,jersey,DS08,False,True,channel_analysis,0.0
D:\Projects\Federated_Learning\Master-Dataset\master_dataset\jersey\DS08__Jersey_45_jpg.rf.6dc41b103b2e63f9a22fad484ab5e9ff.jpg,jersey,DS08,False,True,channel_analysis,0.0
D:\Projects\Federated_Learning\Master-Dataset\master_dataset\jersey\DS08__Jersey_46_jpg.rf.69ff0617e11cffea9d27ad56a582065e.jpg,jersey,DS08,False,True,channel_analysis,0.0
D:\Projects\Federated_Learning\Master-Dataset\master_dataset\jersey\DS08__Jersey_47_jpg.rf.3818f08c097a256ccd95e152190647a2.jpg,jersey,DS08,False,True,channel_analysis,0.0
D:\Projects\Federated_Learning\Master-Dataset\master_dataset\jersey\DS08__Jersey_48_jpg.rf.416a697066026fc28c50615c72c5295f.jpg,jersey,DS08,False,True,channel_analysis,0.0
D:\Projects\Federated_Learning\Master-Dataset\master_dataset\jersey\DS08__Jersey_49_jpg.rf.02c2bcebe4fba223939aeb25153cccd2.jpg,jersey,DS08,False,True,channel_analysis,0.0
D:\Projects\Federated_Learning\Master-Dataset\master_dataset\jersey\DS08__Jersey_4_jpg.rf.50a798de3b21481c16e1f0f97924dd1a.jpg,jersey,DS08,False,True,channel_analysis,0.0
D:\Projects\Federated_Learning\Master-Dataset\master_dataset\jersey\DS08__Jersey_50_jpg.rf.0b0b424f386006b2b150c811c2551fd0.jpg,jersey,DS08,False,True,channel_analysis,0.0
D:\Projects\Federated_Learning\Master-Dataset\master_dataset\jersey\DS08__Jersey_52_jpg.rf.cdd5869f0ca8bef73d688db7923b41e3.jpg,jersey,DS08,False,True,channel_analysis,0.0
D:\Projects\Federated_Learning\Master-Dataset\master_dataset\jersey\DS08__Jersey_53_jpg.rf.b8890439dd3bb06008653ef6577a008e.jpg,jersey,DS08,False,True,channel_analysis,0.0
D:\Projects\Federated_Learning\Master-Dataset\master_dataset\jersey\DS08__Jersey_54_jpg.rf.7fb801804b9738866f30e684d8f220d1.jpg,jersey,DS08,False,True,channel_analysis,0.0
D:\Projects\Federated_Learning\Master-Dataset\master_dataset\jersey\DS08__Jersey_55_jpg.rf.e05a1438c5e19c2914dae3725674fce5.jpg,jersey,DS08,False,True,channel_analysis,0.0
D:\Projects\Federated_Learning\Master-Dataset\master_dataset\jersey\DS08__Jersey_57_jpg.rf.a3b5edc24a0c3ad4604bf326f020667f.jpg,jersey,DS08,False,True,channel_analysis,0.0
D:\Projects\Federated_Learning\Master-Dataset\master_dataset\jersey\DS08__Jersey_58_jpg.rf.7dbadf02e4cfad5a00c698ab8d2f2871.jpg,jersey,DS08,False,True,channel_analysis,0.0
D:\Projects\Federated_Learning\Master-Dataset\master_dataset\jersey\DS08__Jersey_59_jpg.rf.44c01204332a22ee9a69715fade09163.jpg,jersey,DS08,False,True,channel_analysis,0.0
D:\Projects\Federated_Learning\Master-Dataset\master_dataset\jersey\DS08__Jersey_5_jpg.rf.184013cc20bf868dccdc907c1d8d6412.jpg,jersey,DS08,False,True,channel_analysis,0.0
D:\Projects\Federated_Learning\Master-Dataset\master_dataset\jersey\DS08__Jersey_60_jpg.rf.96a640c246b2013cc9951c3650bf3c11.jpg,jersey,DS08,False,True,channel_analysis,0.0
D:\Projects\Federated_Learning\Master-Dataset\master_dataset\jersey\DS08__Jersey_61_jpg.rf.af1cd92585fce9276c4c5c8f27278a3f.jpg,jersey,DS08,False,True,channel_analysis,0.0
D:\Projects\Federated_Learning\Master-Dataset\master_dataset\jersey\DS08__Jersey_62_jpg.rf.ffd25f16553a42d12d49e5bca6fe0f75.jpg,jersey,DS08,False,True,channel_analysis,0.0
D:\Projects\Federated_Learning\Master-Dataset\master_dataset\jersey\DS08__Jersey_63_jpg.rf.b19e8023c2517126962f23514f503c4c.jpg,jersey,DS08,False,True,channel_analysis,0.0
D:\Projects\Federated_Learning\Master-Dataset\master_dataset\jersey\DS08__Jersey_64_jpg.rf.1396750ac3fdc6e369e610936062bc85.jpg,jersey,DS08,False,True,channel_analysis,0.0
D:\Projects\Federated_Learning\Master-Dataset\master_dataset\jersey\DS08__Jersey_65_jpg.rf.45a85b284ee7da5a725ebaef7d9427ae.jpg,jersey,DS08,False,True,channel_analysis,0.0
D:\Projects\Federated_Learning\Master-Dataset\master_dataset\jersey\DS08__Jersey_66_jpg.rf.004bc187ff21dfd8256dd2b5b1b2ac92.jpg,jersey,DS08,False,True,channel_analysis,0.0
D:\Projects\Federated_Learning\Master-Dataset\master_dataset\jersey\DS08__Jersey_67_jpg.rf.848adf00d72f5c3c1b403724bfce6acd.jpg,jersey,DS08,False,True,channel_analysis,0.0
D:\Projects\Federated_Learning\Master-Dataset\master_dataset\jersey\DS08__Jersey_68_jpg.rf.5e2221b47dd3934341b2199f6ee97f79.jpg,jersey,DS08,False,True,channel_analysis,0.0
D:\Projects\Federated_Learning\Master-Dataset\master_dataset\jersey\DS08__Jersey_69_jpg.rf.a38266c25e58d8803d704f8cc6953a41.jpg,jersey,DS08,False,True,channel_analysis,0.0
D:\Projects\Federated_Learning\Master-Dataset\master_dataset\jersey\DS08__Jersey_6_jpg.rf.d979036cadf75a2e06a831871603dc63.jpg,jersey,DS08,False,True,channel_analysis,0.0
D:\Projects\Federated_Learning\Master-Dataset\master_dataset\jersey\DS08__Jersey_70_jpg.rf.82f9c5222123d223c7b026abb256ce19.jpg,jersey,DS08,False,True,channel_analysis,0.0
D:\Projects\Federated_Learning\Master-Dataset\master_dataset\jersey\DS08__Jersey_71_jpg.rf.ca281d15336e03b4e80b93893bbbc09e.jpg,jersey,DS08,False,True,channel_analysis,0.0
D:\Projects\Federated_Learning\Master-Dataset\master_dataset\jersey\DS08__Jersey_72_jpg.rf.a218959df51f25655dd12ee2d18ed367.jpg,jersey,DS08,False,True,channel_analysis,0.0
D:\Projects\Federated_Learning\Master-Dataset\master_dataset\jersey\DS08__Jersey_73_jpg.rf.81de4bff312af04920e39ec3de0b383e.jpg,jersey,DS08,False,True,channel_analysis,0.0
D:\Projects\Federated_Learning\Master-Dataset\master_dataset\jersey\DS08__Jersey_74_jpg.rf.5ab077f39b82624e9d6d88bea652c685.jpg,jersey,DS08,False,True,channel_analysis,0.0
D:\Projects\Federated_Learning\Master-Dataset\master_dataset\jersey\DS08__Jersey_75_jpg.rf.7f8cede0e191d811577f025a666bb2d7.jpg,jersey,DS08,False,True,channel_analysis,0.0
D:\Projects\Federated_Learning\Master-Dataset\master_dataset\jersey\DS08__Jersey_76_jpg.rf.98061074edf1931643d19e8cdeac2124.jpg,jersey,DS08,False,True,channel_analysis,0.0
D:\Projects\Federated_Learning\Master-Dataset\master_dataset\jersey\DS08__Jersey_77_jpg.rf.1141fb082e7ac387c7b2779e7ed99f1f.jpg,jersey,DS08,False,True,channel_analysis,0.0
D:\Projects\Federated_Learning\Master-Dataset\master_dataset\jersey\DS08__Jersey_78_jpg.rf.712ad9dd6575220371196588e8e61605.jpg,jersey,DS08,False,True,channel_analysis,0.0
D:\Projects\Federated_Learning\Master-Dataset\master_dataset\jersey\DS08__Jersey_79_jpg.rf.f540e4d079d21aed7182bd5324f9779b.jpg,jersey,DS08,False,True,channel_analysis,0.0
D:\Projects\Federated_Learning\Master-Dataset\master_dataset\jersey\DS08__Jersey_7_jpg.rf.1529fff7c8a692c2eafa1aa60a1036b0.jpg,jersey,DS08,False,True,channel_analysis,0.0
D:\Projects\Federated_Learning\Master-Dataset\master_dataset\jersey\DS08__Jersey_80_jpg.rf.05541ce96655eb45f9696d1e4eb71a62.jpg,jersey,DS08,False,True,channel_analysis,0.0
D:\Projects\Federated_Learning\Master-Dataset\master_dataset\jersey\DS08__Jersey_81_jpg.rf.e136479d9ddccd3200cd9f87b64b6a1a.jpg,jersey,DS08,False,True,channel_analysis,0.0
D:\Projects\Federated_Learning\Master-Dataset\master_dataset\jersey\DS08__Jersey_82_jpg.rf.bf4d080261018ef0b1ada46a52fea41a.jpg,jersey,DS08,False,True,channel_analysis,0.0
D:\Projects\Federated_Learning\Master-Dataset\master_dataset\jersey\DS08__Jersey_83_jpg.rf.b8d819d033092b737bc2ae732aabb694.jpg,jersey,DS08,False,True,channel_analysis,0.0
D:\Projects\Federated_Learning\Master-Dataset\master_dataset\jersey\DS08__Jersey_84_jpg.rf.282c74063f426c71571630df6d59712c.jpg,jersey,DS08,False,True,channel_analysis,0.0
D:\Projects\Federated_Learning\Master-Dataset\master_dataset\jersey\DS08__Jersey_85_jpg.rf.c8419e9361cf7209367e35aafd8a2bc7.jpg,jersey,DS08,False,True,channel_analysis,0.0
D:\Projects\Federated_Learning\Master-Dataset\master_dataset\jersey\DS08__Jersey_86_jpg.rf.b0c9eecf2f203ba428ef8ad7b991af22.jpg,jersey,DS08,False,True,channel_analysis,0.0
D:\Projects\Federated_Learning\Master-Dataset\master_dataset\jersey\DS08__Jersey_87_jpg.rf.4b1277725f1f7c6fac03912109539d47.jpg,jersey,DS08,False,True,channel_analysis,0.0
D:\Projects\Federated_Learning\Master-Dataset\master_dataset\jersey\DS08__Jersey_88_jpg.rf.7b729499162f7bae8ec8129e31c59dd6.jpg,jersey,DS08,False,True,channel_analysis,0.0
D:\Projects\Federated_Learning\Master-Dataset\master_dataset\jersey\DS08__Jersey_89_jpg.rf.448497a1896562c457800a8d16a20cc2.jpg,jersey,DS08,False,True,channel_analysis,0.0
D:\Projects\Federated_Learning\Master-Dataset\master_dataset\jersey\DS08__Jersey_8_jpg.rf.87f956abc8abbf735d6de87d9059c158.jpg,jersey,DS08,False,True,channel_analysis,0.0
D:\Projects\Federated_Learning\Master-Dataset\master_dataset\jersey\DS08__Jersey_90_jpg.rf.ba51790d65aa7a6f3204dd8b59d8cddd.jpg,jersey,DS08,False,True,channel_analysis,0.0
D:\Projects\Federated_Learning\Master-Dataset\master_dataset\jersey\DS08__Jersey_91_jpg.rf.244fa9a3d034829bcddd13b112f0c00f.jpg,jersey,DS08,False,True,channel_analysis,0.0
D:\Projects\Federated_Learning\Master-Dataset\master_dataset\jersey\DS08__Jersey_92_jpg.rf.90e28bbdcd98758e9902413e1eb22e0b.jpg,jersey,DS08,False,True,channel_analysis,0.0
D:\Projects\Federated_Learning\Master-Dataset\master_dataset\jersey\DS08__Jersey_93_jpg.rf.683a8247df95a696291d33b851a3cf1b.jpg,jersey,DS08,False,True,channel_analysis,0.0
D:\Projects\Federated_Learning\Master-Dataset\master_dataset\jersey\DS08__Jersey_94_jpg.rf.9b9aaeb0187eaf9661bcb58e733faefe.jpg,jersey,DS08,False,True,channel_analysis,0.0
D:\Projects\Federated_Learning\Master-Dataset\master_dataset\jersey\DS08__Jersey_95_jpg.rf.6ef7bf23a2cb66e24c044722ae5db664.jpg,jersey,DS08,False,True,channel_analysis,0.0
D:\Projects\Federated_Learning\Master-Dataset\master_dataset\jersey\DS08__Jersey_96_jpg.rf.e28c4ba196ccc782eba2866780eaf006.jpg,jersey,DS08,False,True,channel_analysis,0.0
D:\Projects\Federated_Learning\Master-Dataset\master_dataset\jersey\DS08__Jersey_97_jpg.rf.833cab7923c4d5499e253a17d207685a.jpg,jersey,DS08,False,True,channel_analysis,0.0
D:\Projects\Federated_Learning\Master-Dataset\master_dataset\jersey\DS08__Jersey_98_jpg.rf.da16f8bb11dda09705a24b7bb65339f9.jpg,jersey,DS08,False,True,channel_analysis,0.0
D:\Projects\Federated_Learning\Master-Dataset\master_dataset\jersey\DS08__Jersey_99_jpg.rf.fc04e785d633e2fa8c83f6947f5a405f.jpg,jersey,DS08,False,True,channel_analysis,0.0
D:\Projects\Federated_Learning\Master-Dataset\master_dataset\jersey\DS08__Jersey_9_jpg.rf.31536bac33ad8babbcf48f8f4b762843.jpg,jersey,DS08,False,True,channel_analysis,0.0
D:\Projects\Federated_Learning\Master-Dataset\master_dataset\jersey\DS11__Jersey_117.jpg,jersey,DS11,False,True,channel_analysis,7.96
D:\Projects\Federated_Learning\Master-Dataset\master_dataset\jersey\DS11__Jersey_118.jpg,jersey,DS11,False,True,channel_analysis,7.78
D:\Projects\Federated_Learning\Master-Dataset\master_dataset\ayrshire\DS02__Ayrshire_103.jpg,ayrshire,DS02,False,True,channel_analysis,0.0
D:\Projects\Federated_Learning\Master-Dataset\master_dataset\ayrshire\DS02__Ayrshire_113.jpg,ayrshire,DS02,False,True,channel_analysis,7.8
D:\Projects\Federated_Learning\Master-Dataset\master_dataset\ayrshire\DS02__Ayrshire_197.jpg,ayrshire,DS02,False,True,channel_analysis,3.85
D:\Projects\Federated_Learning\Master-Dataset\master_dataset\ayrshire\DS02__Ayrshire_227.jpg,ayrshire,DS02,False,True,channel_analysis,0.0
D:\Projects\Federated_Learning\Master-Dataset\master_dataset\ayrshire\DS02__Ayrshire_23.jpg,ayrshire,DS02,False,True,channel_analysis,5.71
D:\Projects\Federated_Learning\Master-Dataset\master_dataset\ayrshire\DS02__Ayrshire_3.jpg,ayrshire,DS02,False,True,channel_analysis,2.47
D:\Projects\Federated_Learning\Master-Dataset\master_dataset\ayrshire\DS02__Ayrshire_31.jpg,ayrshire,DS02,False,True,channel_analysis,0.0
D:\Projects\Federated_Learning\Master-Dataset\master_dataset\ayrshire\DS02__Ayrshire_35.jpg,ayrshire,DS02,False,True,channel_analysis,7.47
D:\Projects\Federated_Learning\Master-Dataset\master_dataset\ayrshire\DS02__Ayrshire_54.jpg,ayrshire,DS02,False,True,channel_analysis,0.0
D:\Projects\Federated_Learning\Master-Dataset\master_dataset\ayrshire\DS02__Ayrshire_56.jpg,ayrshire,DS02,False,True,channel_analysis,2.5
D:\Projects\Federated_Learning\Master-Dataset\master_dataset\ayrshire\DS02__Ayrshire_58.jpg,ayrshire,DS02,False,True,channel_analysis,7.52
D:\Projects\Federated_Learning\Master-Dataset\master_dataset\ayrshire\DS02__Ayrshire_70.jpg,ayrshire,DS02,False,True,channel_analysis,0.0
D:\Projects\Federated_Learning\Master-Dataset\master_dataset\ayrshire\DS02__Ayrshire_83.jpg,ayrshire,DS02,False,True,channel_analysis,5.78
D:\Projects\Federated_Learning\Master-Dataset\master_dataset\ayrshire\DS02__Ayrshire_87.jpg,ayrshire,DS02,False,True,channel_analysis,0.0
D:\Projects\Federated_Learning\Master-Dataset\master_dataset\ayrshire\DS02__Ayrshire_89.jpg,ayrshire,DS02,False,True,channel_analysis,0.0
D:\Projects\Federated_Learning\Master-Dataset\master_dataset\ayrshire\DS02__Ayrshire_91.jpg,ayrshire,DS02,False,True,channel_analysis,2.2
D:\Projects\Federated_Learning\Master-Dataset\master_dataset\ayrshire\DS03__Ayrshire_103.jpg,ayrshire,DS03,False,True,channel_analysis,0.0
D:\Projects\Federated_Learning\Master-Dataset\master_dataset\ayrshire\DS03__Ayrshire_104.jpg,ayrshire,DS03,False,True,channel_analysis,5.26
D:\Projects\Federated_Learning\Master-Dataset\master_dataset\ayrshire\DS03__Ayrshire_113.jpg,ayrshire,DS03,False,True,channel_analysis,5.52
D:\Projects\Federated_Learning\Master-Dataset\master_dataset\ayrshire\DS03__Ayrshire_147.jpg,ayrshire,DS03,False,True,channel_analysis,5.62
D:\Projects\Federated_Learning\Master-Dataset\master_dataset\ayrshire\DS03__Ayrshire_154.jpg,ayrshire,DS03,False,True,channel_analysis,6.18
D:\Projects\Federated_Learning\Master-Dataset\master_dataset\ayrshire\DS03__Ayrshire_193.jpg,ayrshire,DS03,False,True,channel_analysis,6.18
D:\Projects\Federated_Learning\Master-Dataset\master_dataset\ayrshire\DS03__Ayrshire_20.jpg,ayrshire,DS03,False,True,channel_analysis,6.15
D:\Projects\Federated_Learning\Master-Dataset\master_dataset\ayrshire\DS03__Ayrshire_227.jpg,ayrshire,DS03,False,True,channel_analysis,0.0
D:\Projects\Federated_Learning\Master-Dataset\master_dataset\ayrshire\DS03__Ayrshire_23.jpg,ayrshire,DS03,False,True,channel_analysis,3.84
D:\Projects\Federated_Learning\Master-Dataset\master_dataset\ayrshire\DS03__Ayrshire_3.jpg,ayrshire,DS03,False,True,channel_analysis,1.72
D:\Projects\Federated_Learning\Master-Dataset\master_dataset\ayrshire\DS03__Ayrshire_31.jpg,ayrshire,DS03,False,True,channel_analysis,0.0
D:\Projects\Federated_Learning\Master-Dataset\master_dataset\ayrshire\DS03__Ayrshire_35.jpg,ayrshire,DS03,False,True,channel_analysis,5.85
D:\Projects\Federated_Learning\Master-Dataset\master_dataset\ayrshire\DS03__Ayrshire_44.jpg,ayrshire,DS03,False,True,channel_analysis,7.78
D:\Projects\Federated_Learning\Master-Dataset\master_dataset\ayrshire\DS03__Ayrshire_54.jpg,ayrshire,DS03,False,True,channel_analysis,0.0
D:\Projects\Federated_Learning\Master-Dataset\master_dataset\ayrshire\DS03__Ayrshire_56.jpg,ayrshire,DS03,False,True,channel_analysis,1.85
D:\Projects\Federated_Learning\Master-Dataset\master_dataset\ayrshire\DS03__Ayrshire_58.jpg,ayrshire,DS03,False,True,channel_analysis,5.5
D:\Projects\Federated_Learning\Master-Dataset\master_dataset\ayrshire\DS03__Ayrshire_63.jpg,ayrshire,DS03,False,True,channel_analysis,7.7
D:\Projects\Federated_Learning\Master-Dataset\master_dataset\ayrshire\DS03__Ayrshire_83.jpg,ayrshire,DS03,False,True,channel_analysis,5.03
D:\Projects\Federated_Learning\Master-Dataset\master_dataset\ayrshire\DS03__Ayrshire_89.jpg,ayrshire,DS03,False,True,channel_analysis,0.0
D:\Projects\Federated_Learning\Master-Dataset\master_dataset\ayrshire\DS03__Ayrshire_91.jpg,ayrshire,DS03,False,True,channel_analysis,1.18
D:\Projects\Federated_Learning\Master-Dataset\master_dataset\ayrshire\DS04__ayrshire_0067.jpg,ayrshire,DS04,False,True,channel_analysis,4.72
D:\Projects\Federated_Learning\Master-Dataset\master_dataset\ayrshire\DS07__Ayrshirecattle103.jpg,ayrshire,DS07,False,True,channel_analysis,0.0
D:\Projects\Federated_Learning\Master-Dataset\master_dataset\ayrshire\DS07__Ayrshirecattle125.jpg,ayrshire,DS07,False,True,channel_analysis,3.31
D:\Projects\Federated_Learning\Master-Dataset\master_dataset\ayrshire\DS07__Ayrshirecattle133.jpg,ayrshire,DS07,False,True,channel_analysis,0.0
D:\Projects\Federated_Learning\Master-Dataset\master_dataset\ayrshire\DS07__Ayrshirecattle145.jpg,ayrshire,DS07,False,True,channel_analysis,4.26
D:\Projects\Federated_Learning\Master-Dataset\master_dataset\ayrshire\DS07__Ayrshirecattle29.jpg,ayrshire,DS07,False,True,channel_analysis,5.28
D:\Projects\Federated_Learning\Master-Dataset\master_dataset\ayrshire\DS07__Ayrshirecattle47.jpg,ayrshire,DS07,False,True,channel_analysis,3.43
D:\Projects\Federated_Learning\Master-Dataset\master_dataset\ayrshire\DS07__Ayrshirecattle82.jpg,ayrshire,DS07,False,True,channel_analysis,7.82
D:\Projects\Federated_Learning\Master-Dataset\master_dataset\ayrshire\DS07__Ayrshirecattle85.jpg,ayrshire,DS07,False,True,channel_analysis,6.53
D:\Projects\Federated_Learning\Master-Dataset\master_dataset\ayrshire\DS07__Ayrshirecattle87.jpg,ayrshire,DS07,False,True,channel_analysis,0.75
D:\Projects\Federated_Learning\Master-Dataset\master_dataset\ayrshire\DS11__Ayrshire_006.jpg,ayrshire,DS11,False,True,channel_analysis,0.0
D:\Projects\Federated_Learning\Master-Dataset\master_dataset\ayrshire\DS11__Ayrshire_143.jpg,ayrshire,DS11,False,True,channel_analysis,0.0
D:\Projects\Federated_Learning\Master-Dataset\master_dataset\ayrshire\DS11__Ayrshire_158.jpg,ayrshire,DS11,False,True,channel_analysis,1.86
D:\Projects\Federated_Learning\Master-Dataset\master_dataset\ayrshire\DS11__Ayrshire_160.jpg,ayrshire,DS11,False,True,channel_analysis,0.0
D:\Projects\Federated_Learning\Master-Dataset\master_dataset\ayrshire\DS11__Ayrshire_164.jpg,ayrshire,DS11,False,True,channel_analysis,5.98
D:\Projects\Federated_Learning\Master-Dataset\master_dataset\ayrshire\DS11__Ayrshire_174.jpg,ayrshire,DS11,False,True,channel_analysis,7.87
D:\Projects\Federated_Learning\Master-Dataset\master_dataset\ayrshire\DS11__Ayrshire_185.jpg,ayrshire,DS11,False,True,channel_analysis,0.0
D:\Projects\Federated_Learning\Master-Dataset\master_dataset\ayrshire\DS11__Ayrshire_187.jpg,ayrshire,DS11,False,True,channel_analysis,1.88
D:\Projects\Federated_Learning\Master-Dataset\master_dataset\ayrshire\DS11__Ayrshire_189.jpg,ayrshire,DS11,False,True,channel_analysis,5.62
D:\Projects\Federated_Learning\Master-Dataset\master_dataset\ayrshire\DS11__Ayrshire_217.jpg,ayrshire,DS11,False,True,channel_analysis,5.19
D:\Projects\Federated_Learning\Master-Dataset\master_dataset\ayrshire\DS11__Ayrshire_223.jpg,ayrshire,DS11,False,True,channel_analysis,0.0
D:\Projects\Federated_Learning\Master-Dataset\master_dataset\brown-swiss\DS03__Brown_Swiss_105.jpg,brown-swiss,DS03,False,True,channel_analysis,6.02
D:\Projects\Federated_Learning\Master-Dataset\master_dataset\brown-swiss\DS03__Brown_Swiss_128.jpg,brown-swiss,DS03,False,True,channel_analysis,4.58
D:\Projects\Federated_Learning\Master-Dataset\master_dataset\brown-swiss\DS03__Brown_Swiss_137.jpg,brown-swiss,DS03,False,True,channel_analysis,3.9
D:\Projects\Federated_Learning\Master-Dataset\master_dataset\brown-swiss\DS03__Brown_Swiss_139.jpg,brown-swiss,DS03,False,True,channel_analysis,7.9
D:\Projects\Federated_Learning\Master-Dataset\master_dataset\brown-swiss\DS03__Brown_Swiss_150.jpg,brown-swiss,DS03,False,True,channel_analysis,0.0
D:\Projects\Federated_Learning\Master-Dataset\master_dataset\brown-swiss\DS03__Brown_Swiss_151.jpg,brown-swiss,DS03,False,True,channel_analysis,5.38
D:\Projects\Federated_Learning\Master-Dataset\master_dataset\brown-swiss\DS03__Brown_Swiss_155.jpg,brown-swiss,DS03,False,True,channel_analysis,4.38
D:\Projects\Federated_Learning\Master-Dataset\master_dataset\brown-swiss\DS03__Brown_Swiss_165.jpg,brown-swiss,DS03,False,True,channel_analysis,6.38
D:\Projects\Federated_Learning\Master-Dataset\master_dataset\brown-swiss\DS03__Brown_Swiss_177.jpg,brown-swiss,DS03,False,True,channel_analysis,0.0
D:\Projects\Federated_Learning\Master-Dataset\master_dataset\brown-swiss\DS03__Brown_Swiss_187.jpg,brown-swiss,DS03,False,True,channel_analysis,7.74
D:\Projects\Federated_Learning\Master-Dataset\master_dataset\brown-swiss\DS03__Brown_Swiss_193.jpg,brown-swiss,DS03,False,True,channel_analysis,6.16
D:\Projects\Federated_Learning\Master-Dataset\master_dataset\brown-swiss\DS03__Brown_Swiss_196.jpg,brown-swiss,DS03,False,True,channel_analysis,7.81
D:\Projects\Federated_Learning\Master-Dataset\master_dataset\brown-swiss\DS03__Brown_Swiss_198.jpg,brown-swiss,DS03,False,True,channel_analysis,1.92
D:\Projects\Federated_Learning\Master-Dataset\master_dataset\brown-swiss\DS03__Brown_Swiss_222.jpg,brown-swiss,DS03,False,True,channel_analysis,4.99
D:\Projects\Federated_Learning\Master-Dataset\master_dataset\brown-swiss\DS03__Brown_Swiss_30.jpg,brown-swiss,DS03,False,True,channel_analysis,7.22
D:\Projects\Federated_Learning\Master-Dataset\master_dataset\brown-swiss\DS03__Brown_Swiss_34.jpg,brown-swiss,DS03,False,True,channel_analysis,6.64
D:\Projects\Federated_Learning\Master-Dataset\master_dataset\brown-swiss\DS03__Brown_Swiss_42.jpg,brown-swiss,DS03,False,True,channel_analysis,3.62
D:\Projects\Federated_Learning\Master-Dataset\master_dataset\brown-swiss\DS03__Brown_Swiss_45.jpg,brown-swiss,DS03,False,True,channel_analysis,6.8
D:\Projects\Federated_Learning\Master-Dataset\master_dataset\brown-swiss\DS03__Brown_Swiss_56.jpg,brown-swiss,DS03,False,True,channel_analysis,7.28
D:\Projects\Federated_Learning\Master-Dataset\master_dataset\brown-swiss\DS03__Brown_Swiss_57.jpg,brown-swiss,DS03,False,True,channel_analysis,5.14
D:\Projects\Federated_Learning\Master-Dataset\master_dataset\brown-swiss\DS03__Brown_Swiss_86.jpg,brown-swiss,DS03,False,True,channel_analysis,4.65
D:\Projects\Federated_Learning\Master-Dataset\master_dataset\brown-swiss\DS03__Brown_Swiss_90.jpg,brown-swiss,DS03,False,True,channel_analysis,6.09
D:\Projects\Federated_Learning\Master-Dataset\master_dataset\brown-swiss\DS03__Brown_Swiss_91.jpg,brown-swiss,DS03,False,True,channel_analysis,5.1
D:\Projects\Federated_Learning\Master-Dataset\master_dataset\brown-swiss\DS03__Brown_Swiss_95.jpg,brown-swiss,DS03,False,True,channel_analysis,0.0
D:\Projects\Federated_Learning\Master-Dataset\master_dataset\brown-swiss\DS04__brown_swiss_0277.jpg,brown-swiss,DS04,False,True,channel_analysis,7.03
D:\Projects\Federated_Learning\Master-Dataset\master_dataset\brown-swiss\DS04__brown_swiss_0307.jpg,brown-swiss,DS04,False,True,channel_analysis,5.91
D:\Projects\Federated_Learning\Master-Dataset\master_dataset\brown-swiss\DS04__brown_swiss_0319.jpg,brown-swiss,DS04,False,True,channel_analysis,4.67
D:\Projects\Federated_Learning\Master-Dataset\master_dataset\brown-swiss\DS04__brown_swiss_0331.jpg,brown-swiss,DS04,False,True,channel_analysis,0.0
D:\Projects\Federated_Learning\Master-Dataset\master_dataset\brown-swiss\DS04__brown_swiss_0361.jpg,brown-swiss,DS04,False,True,channel_analysis,4.13
D:\Projects\Federated_Learning\Master-Dataset\master_dataset\brown-swiss\DS04__brown_swiss_0407.jpg,brown-swiss,DS04,False,True,channel_analysis,4.97
D:\Projects\Federated_Learning\Master-Dataset\master_dataset\brown-swiss\DS07__BrownSwisscattle104.jpg,brown-swiss,DS07,False,True,channel_analysis,4.55
D:\Projects\Federated_Learning\Master-Dataset\master_dataset\brown-swiss\DS07__BrownSwisscattle105.jpg,brown-swiss,DS07,False,True,channel_analysis,4.57
D:\Projects\Federated_Learning\Master-Dataset\master_dataset\brown-swiss\DS07__BrownSwisscattle108.jpg,brown-swiss,DS07,False,True,channel_analysis,0.0
D:\Projects\Federated_Learning\Master-Dataset\master_dataset\brown-swiss\DS07__BrownSwisscattle11.jpg,brown-swiss,DS07,False,True,channel_analysis,7.02
D:\Projects\Federated_Learning\Master-Dataset\master_dataset\brown-swiss\DS07__BrownSwisscattle112.jpg,brown-swiss,DS07,False,True,channel_analysis,2.9
D:\Projects\Federated_Learning\Master-Dataset\master_dataset\brown-swiss\DS07__BrownSwisscattle117.jpg,brown-swiss,DS07,False,True,channel_analysis,5.99
D:\Projects\Federated_Learning\Master-Dataset\master_dataset\brown-swiss\DS07__BrownSwisscattle118.jpg,brown-swiss,DS07,False,True,channel_analysis,6.55
D:\Projects\Federated_Learning\Master-Dataset\master_dataset\brown-swiss\DS07__BrownSwisscattle124.jpg,brown-swiss,DS07,False,True,channel_analysis,4.7
D:\Projects\Federated_Learning\Master-Dataset\master_dataset\brown-swiss\DS07__BrownSwisscattle31.jpg,brown-swiss,DS07,False,True,channel_analysis,6.36
D:\Projects\Federated_Learning\Master-Dataset\master_dataset\brown-swiss\DS07__BrownSwisscattle38.jpg,brown-swiss,DS07,False,True,channel_analysis,7.96
D:\Projects\Federated_Learning\Master-Dataset\master_dataset\brown-swiss\DS07__BrownSwisscattle50.jpg,brown-swiss,DS07,False,True,channel_analysis,0.0
D:\Projects\Federated_Learning\Master-Dataset\master_dataset\brown-swiss\DS07__BrownSwisscattle58.jpg,brown-swiss,DS07,False,True,channel_analysis,0.0
D:\Projects\Federated_Learning\Master-Dataset\master_dataset\brown-swiss\DS07__BrownSwisscattle68.jpg,brown-swiss,DS07,False,True,channel_analysis,0.0
D:\Projects\Federated_Learning\Master-Dataset\master_dataset\brown-swiss\DS07__BrownSwisscattle79.jpg,brown-swiss,DS07,False,True,channel_analysis,2.37
D:\Projects\Federated_Learning\Master-Dataset\master_dataset\brown-swiss\DS07__BrownSwisscattle80.jpg,brown-swiss,DS07,False,True,channel_analysis,5.52
D:\Projects\Federated_Learning\Master-Dataset\master_dataset\brown-swiss\DS07__BrownSwisscattle92.jpg,brown-swiss,DS07,False,True,channel_analysis,5.14
D:\Projects\Federated_Learning\Master-Dataset\master_dataset\brown-swiss\DS07__BrownSwisscattle98.jpg,brown-swiss,DS07,False,True,channel_analysis,5.69
D:\Projects\Federated_Learning\Master-Dataset\master_dataset\brown-swiss\DS11__Brown_Swiss_063.jpg,brown-swiss,DS11,False,True,channel_analysis,4.47
D:\Projects\Federated_Learning\Master-Dataset\master_dataset\brown-swiss\DS11__Brown_Swiss_074.jpg,brown-swiss,DS11,False,True,channel_analysis,6.42
D:\Projects\Federated_Learning\Master-Dataset\master_dataset\brown-swiss\DS11__Brown_Swiss_098.jpg,brown-swiss,DS11,False,True,channel_analysis,7.94
D:\Projects\Federated_Learning\Master-Dataset\master_dataset\brown-swiss\DS11__Brown_Swiss_110.jpg,brown-swiss,DS11,False,True,channel_analysis,2.05
D:\Projects\Federated_Learning\Master-Dataset\master_dataset\brown-swiss\DS11__Brown_Swiss_150.jpg,brown-swiss,DS11,False,True,channel_analysis,7.19
D:\Projects\Federated_Learning\Master-Dataset\master_dataset\brown-swiss\DS11__Brown_Swiss_163.jpg,brown-swiss,DS11,False,True,channel_analysis,3.74
D:\Projects\Federated_Learning\Master-Dataset\master_dataset\brown-swiss\DS11__Brown_Swiss_166.jpg,brown-swiss,DS11,False,True,channel_analysis,6.93
D:\Projects\Federated_Learning\Master-Dataset\master_dataset\brown-swiss\DS11__Brown_Swiss_187.jpg,brown-swiss,DS11,False,True,channel_analysis,6.72
D:\Projects\Federated_Learning\Master-Dataset\master_dataset\brown-swiss\DS11__Brown_Swiss_216.jpg,brown-swiss,DS11,False,True,channel_analysis,6.29
D:\Projects\Federated_Learning\Master-Dataset\master_dataset\brown-swiss\DS11__Brown_Swiss_221.jpg,brown-swiss,DS11,False,True,channel_analysis,0.0
D:\Projects\Federated_Learning\Master-Dataset\master_dataset\jaffarabadi\DS01__ability_to_fight_with_lion_lbsa.jpg,jaffarabadi,DS01,False,True,channel_analysis,5.57
D:\Projects\Federated_Learning\Master-Dataset\master_dataset\jaffarabadi\DS01__Argentina_Hunting_water_buffalo_-_Big_.jpg,jaffarabadi,DS01,False,True,channel_analysis,2.04
D:\Projects\Federated_Learning\Master-Dataset\master_dataset\jaffarabadi\DS01__Baffle_Wakeing_On_Ground_Stock_Photo_.jpg,jaffarabadi,DS01,False,True,channel_analysis,5.62
D:\Projects\Federated_Learning\Master-Dataset\master_dataset\jaffarabadi\DS01__Gir_Fighter_Cow_.jpg,jaffarabadi,DS01,False,True,channel_analysis,6.46
D:\Projects\Federated_Learning\Master-Dataset\master_dataset\jaffarabadi\DS01__GVC_ENTERPRISES_in_Hyderabad_ (2).jpg,jaffarabadi,DS01,False,True,channel_analysis,5.07
D:\Projects\Federated_Learning\Master-Dataset\master_dataset\jaffarabadi\DS01__Healthy_And_Fit_Jafarabadi_Buffalo_at_.jpg,jaffarabadi,DS01,False,True,channel_analysis,3.13
D:\Projects\Federated_Learning\Master-Dataset\master_dataset\jaffarabadi\DS01__Healthy_And_Fit_Jafrabadi_Buffalo_at_.jpg,jaffarabadi,DS01,False,True,channel_analysis,7.38
D:\Projects\Federated_Learning\Master-Dataset\master_dataset\jaffarabadi\DS01__image_225x225_2.jpg,jaffarabadi,DS01,False,True,channel_analysis,4.7
D:\Projects\Federated_Learning\Master-Dataset\master_dataset\jaffarabadi\DS01__image_240x210_1.jpg,jaffarabadi,DS01,False,True,channel_analysis,6.11
D:\Projects\Federated_Learning\Master-Dataset\master_dataset\jaffarabadi\DS01__image_250x186_14.jpg,jaffarabadi,DS01,False,True,channel_analysis,0.0
D:\Projects\Federated_Learning\Master-Dataset\master_dataset\jaffarabadi\DS01__image_278x181_12.jpg,jaffarabadi,DS01,False,True,channel_analysis,5.58
D:\Projects\Federated_Learning\Master-Dataset\master_dataset\jaffarabadi\DS01__image_50x50_7.jpg,jaffarabadi,DS01,False,True,channel_analysis,5.54
D:\Projects\Federated_Learning\Master-Dataset\master_dataset\jaffarabadi\DS01__Jafarabadi_Buffalo_-_Download_Free_3D_.jpg,jaffarabadi,DS01,False,True,channel_analysis,1.25
D:\Projects\Federated_Learning\Master-Dataset\master_dataset\jaffarabadi\DS01__Jafarabadi_Buffalo_100_advance_.jpg,jaffarabadi,DS01,False,True,channel_analysis,4.42
D:\Projects\Federated_Learning\Master-Dataset\master_dataset\jaffarabadi\DS01__Jafarabadi_Buffalo_at_Best_Price_in_.jpg,jaffarabadi,DS01,False,True,channel_analysis,3.67
D:\Projects\Federated_Learning\Master-Dataset\master_dataset\jaffarabadi\DS01__Jafarabadi_Buffalo_Calf_at_85000_.jpg,jaffarabadi,DS01,False,True,channel_analysis,1.44
D:\Projects\Federated_Learning\Master-Dataset\master_dataset\jaffarabadi\DS01__Jafarabadi_buffalo_drawing_easy_.jpg,jaffarabadi,DS01,False,True,channel_analysis,3.19
D:\Projects\Federated_Learning\Master-Dataset\master_dataset\jaffarabadi\DS01__jafarabadi_buffalo_ll_viral_reelvideo_.jpg,jaffarabadi,DS01,False,True,channel_analysis,7.1
D:\Projects\Federated_Learning\Master-Dataset\master_dataset\jaffarabadi\DS01__jafrabadi (1).jpg,jaffarabadi,DS01,False,True,channel_analysis,7.15
D:\Projects\Federated_Learning\Master-Dataset\master_dataset\jaffarabadi\DS01__Jafrabadi_Buffalo (2).jpg,jaffarabadi,DS01,False,True,channel_analysis,3.51
D:\Projects\Federated_Learning\Master-Dataset\master_dataset\jaffarabadi\DS01__Jafrabadi_Buffalo_Alive_Weight_0-300_.jpg,jaffarabadi,DS01,False,True,channel_analysis,4.79
D:\Projects\Federated_Learning\Master-Dataset\master_dataset\jaffarabadi\DS01__Jafrabadi_Bull_-_Meet_the_Majestic_.jpg,jaffarabadi,DS01,False,True,channel_analysis,7.16
D:\Projects\Federated_Learning\Master-Dataset\master_dataset\jaffarabadi\DS01__JF-50400_Rahuri_Semen_Station.jpg,jaffarabadi,DS01,False,True,channel_analysis,5.02
D:\Projects\Federated_Learning\Master-Dataset\master_dataset\jaffarabadi\DS01__Mammals_CAPE_BUFFALO_Notice_the_.jpg,jaffarabadi,DS01,False,True,channel_analysis,0.0
D:\Projects\Federated_Learning\Master-Dataset\master_dataset\jaffarabadi\DS01__Murrah_Buffalo_In_Rajkot_Gujarat_At_.jpg,jaffarabadi,DS01,False,True,channel_analysis,2.52
D:\Projects\Federated_Learning\Master-Dataset\master_dataset\jaffarabadi\DS01__Water_Buffalo_Eating_Grass_Rice_Field_ (1).jpg,jaffarabadi,DS01,False,True,channel_analysis,7.12
D:\Projects\Federated_Learning\Master-Dataset\master_dataset\jaffarabadi\DS01___ (1).jpg,jaffarabadi,DS01,False,True,channel_analysis,6.37
D:\Projects\Federated_Learning\Master-Dataset\master_dataset\jaffarabadi\DS01___ (3).jpg,jaffarabadi,DS01,False,True,channel_analysis,6.55
D:\Projects\Federated_Learning\Master-Dataset\master_dataset\jaffarabadi\DS01___ (4) (2).jpg,jaffarabadi,DS01,False,True,channel_analysis,3.63
D:\Projects\Federated_Learning\Master-Dataset\master_dataset\jaffarabadi\DS03__Jaffrabadi_1.png,jaffarabadi,DS03,False,True,channel_analysis,7.61
D:\Projects\Federated_Learning\Master-Dataset\master_dataset\jaffarabadi\DS03__Jaffrabadi_10.png,jaffarabadi,DS03,False,True,channel_analysis,3.21
D:\Projects\Federated_Learning\Master-Dataset\master_dataset\jaffarabadi\DS03__Jaffrabadi_102.png,jaffarabadi,DS03,False,True,channel_analysis,4.13
D:\Projects\Federated_Learning\Master-Dataset\master_dataset\jaffarabadi\DS03__Jaffrabadi_2.png,jaffarabadi,DS03,False,True,channel_analysis,6.22
D:\Projects\Federated_Learning\Master-Dataset\master_dataset\jaffarabadi\DS03__Jaffrabadi_20.png,jaffarabadi,DS03,False,True,channel_analysis,4.93
D:\Projects\Federated_Learning\Master-Dataset\master_dataset\jaffarabadi\DS03__Jaffrabadi_22.jpg,jaffarabadi,DS03,False,True,channel_analysis,5.27
D:\Projects\Federated_Learning\Master-Dataset\master_dataset\jaffarabadi\DS03__Jaffrabadi_24.png,jaffarabadi,DS03,False,True,channel_analysis,6.75
D:\Projects\Federated_Learning\Master-Dataset\master_dataset\jaffarabadi\DS03__Jaffrabadi_29.png,jaffarabadi,DS03,False,True,channel_analysis,5.18
D:\Projects\Federated_Learning\Master-Dataset\master_dataset\jaffarabadi\DS03__Jaffrabadi_30.jpg,jaffarabadi,DS03,False,True,channel_analysis,6.83
D:\Projects\Federated_Learning\Master-Dataset\master_dataset\jaffarabadi\DS03__Jaffrabadi_32.png,jaffarabadi,DS03,False,True,channel_analysis,4.65
D:\Projects\Federated_Learning\Master-Dataset\master_dataset\jaffarabadi\DS03__Jaffrabadi_33.png,jaffarabadi,DS03,False,True,channel_analysis,3.66
D:\Projects\Federated_Learning\Master-Dataset\master_dataset\jaffarabadi\DS03__Jaffrabadi_36.png,jaffarabadi,DS03,False,True,channel_analysis,6.77
D:\Projects\Federated_Learning\Master-Dataset\master_dataset\jaffarabadi\DS03__Jaffrabadi_37.png,jaffarabadi,DS03,False,True,channel_analysis,7.06
D:\Projects\Federated_Learning\Master-Dataset\master_dataset\jaffarabadi\DS03__Jaffrabadi_38.png,jaffarabadi,DS03,False,True,channel_analysis,6.34
D:\Projects\Federated_Learning\Master-Dataset\master_dataset\jaffarabadi\DS03__Jaffrabadi_41.png,jaffarabadi,DS03,False,True,channel_analysis,4.19
D:\Projects\Federated_Learning\Master-Dataset\master_dataset\jaffarabadi\DS03__Jaffrabadi_42.png,jaffarabadi,DS03,False,True,channel_analysis,3.59
D:\Projects\Federated_Learning\Master-Dataset\master_dataset\jaffarabadi\DS03__Jaffrabadi_45.jpg,jaffarabadi,DS03,False,True,channel_analysis,7.9
D:\Projects\Federated_Learning\Master-Dataset\master_dataset\jaffarabadi\DS03__Jaffrabadi_48.png,jaffarabadi,DS03,False,True,channel_analysis,4.8
D:\Projects\Federated_Learning\Master-Dataset\master_dataset\jaffarabadi\DS03__Jaffrabadi_5.png,jaffarabadi,DS03,False,True,channel_analysis,3.82
D:\Projects\Federated_Learning\Master-Dataset\master_dataset\jaffarabadi\DS03__Jaffrabadi_55.jpg,jaffarabadi,DS03,False,True,channel_analysis,6.39
D:\Projects\Federated_Learning\Master-Dataset\master_dataset\jaffarabadi\DS03__Jaffrabadi_6.jpg,jaffarabadi,DS03,False,True,channel_analysis,7.45
D:\Projects\Federated_Learning\Master-Dataset\master_dataset\jaffarabadi\DS03__Jaffrabadi_61.jpeg,jaffarabadi,DS03,False,True,channel_analysis,7.27
D:\Projects\Federated_Learning\Master-Dataset\master_dataset\jaffarabadi\DS03__Jaffrabadi_62.png,jaffarabadi,DS03,False,True,channel_analysis,4.9
D:\Projects\Federated_Learning\Master-Dataset\master_dataset\jaffarabadi\DS03__Jaffrabadi_63.png,jaffarabadi,DS03,False,True,channel_analysis,6.29
D:\Projects\Federated_Learning\Master-Dataset\master_dataset\jaffarabadi\DS03__Jaffrabadi_65.jpg,jaffarabadi,DS03,False,True,channel_analysis,6.23
D:\Projects\Federated_Learning\Master-Dataset\master_dataset\jaffarabadi\DS03__Jaffrabadi_68.jpg,jaffarabadi,DS03,False,True,channel_analysis,3.31
D:\Projects\Federated_Learning\Master-Dataset\master_dataset\jaffarabadi\DS03__Jaffrabadi_70.png,jaffarabadi,DS03,False,True,channel_analysis,3.68
D:\Projects\Federated_Learning\Master-Dataset\master_dataset\jaffarabadi\DS03__Jaffrabadi_71.png,jaffarabadi,DS03,False,True,channel_analysis,3.63
D:\Projects\Federated_Learning\Master-Dataset\master_dataset\jaffarabadi\DS03__Jaffrabadi_73.png,jaffarabadi,DS03,False,True,channel_analysis,5.22
D:\Projects\Federated_Learning\Master-Dataset\master_dataset\jaffarabadi\DS03__Jaffrabadi_77.png,jaffarabadi,DS03,False,True,channel_analysis,4.48
D:\Projects\Federated_Learning\Master-Dataset\master_dataset\jaffarabadi\DS03__Jaffrabadi_80.jpg,jaffarabadi,DS03,False,True,channel_analysis,6.86
D:\Projects\Federated_Learning\Master-Dataset\master_dataset\jaffarabadi\DS03__Jaffrabadi_84.png,jaffarabadi,DS03,False,True,channel_analysis,4.62
D:\Projects\Federated_Learning\Master-Dataset\master_dataset\jaffarabadi\DS03__Jaffrabadi_89.png,jaffarabadi,DS03,False,True,channel_analysis,5.32
D:\Projects\Federated_Learning\Master-Dataset\master_dataset\jaffarabadi\DS03__Jaffrabadi_90.jpg,jaffarabadi,DS03,False,True,channel_analysis,5.06
D:\Projects\Federated_Learning\Master-Dataset\master_dataset\jaffarabadi\DS03__Jaffrabadi_94.jpg,jaffarabadi,DS03,False,True,channel_analysis,6.21
D:\Projects\Federated_Learning\Master-Dataset\master_dataset\jaffarabadi\DS03__Jaffrabadi_95.jpg,jaffarabadi,DS03,False,True,channel_analysis,3.83
D:\Projects\Federated_Learning\Master-Dataset\master_dataset\jaffarabadi\DS03__Jaffrabadi_97.png,jaffarabadi,DS03,False,True,channel_analysis,5.96
D:\Projects\Federated_Learning\Master-Dataset\master_dataset\jaffarabadi\DS03__Jaffrabadi_99.jpg,jaffarabadi,DS03,False,True,channel_analysis,7.42
D:\Projects\Federated_Learning\Master-Dataset\master_dataset\jaffarabadi\DS04__jaffarabadi_0012.png,jaffarabadi,DS04,False,True,channel_analysis,5.75
D:\Projects\Federated_Learning\Master-Dataset\master_dataset\jaffarabadi\DS04__jaffarabadi_0015.png,jaffarabadi,DS04,False,True,channel_analysis,7.36
D:\Projects\Federated_Learning\Master-Dataset\master_dataset\jaffarabadi\DS04__jaffarabadi_0028.png,jaffarabadi,DS04,False,True,channel_analysis,5.23
D:\Projects\Federated_Learning\Master-Dataset\master_dataset\jaffarabadi\DS04__jaffarabadi_0038.jpg,jaffarabadi,DS04,False,True,channel_analysis,7.05
D:\Projects\Federated_Learning\Master-Dataset\master_dataset\jaffarabadi\DS04__jaffarabadi_0041.png,jaffarabadi,DS04,False,True,channel_analysis,6.54
D:\Projects\Federated_Learning\Master-Dataset\master_dataset\jaffarabadi\DS04__jaffarabadi_0050.png,jaffarabadi,DS04,False,True,channel_analysis,7.47
D:\Projects\Federated_Learning\Master-Dataset\master_dataset\jaffarabadi\DS04__jaffarabadi_0051.png,jaffarabadi,DS04,False,True,channel_analysis,6.38
D:\Projects\Federated_Learning\Master-Dataset\master_dataset\jaffarabadi\DS04__jaffarabadi_0081.png,jaffarabadi,DS04,False,True,channel_analysis,6.57
D:\Projects\Federated_Learning\Master-Dataset\master_dataset\jaffarabadi\DS04__jaffarabadi_0082.png,jaffarabadi,DS04,False,True,channel_analysis,6.51
D:\Projects\Federated_Learning\Master-Dataset\master_dataset\jaffarabadi\DS04__jaffarabadi_0088.png,jaffarabadi,DS04,False,True,channel_analysis,7.97
D:\Projects\Federated_Learning\Master-Dataset\master_dataset\jaffarabadi\DS04__jaffarabadi_0092.jpg,jaffarabadi,DS04,False,True,channel_analysis,7.84
D:\Projects\Federated_Learning\Master-Dataset\master_dataset\jaffarabadi\DS04__jaffarabadi_0096.png,jaffarabadi,DS04,False,True,channel_analysis,6.26
D:\Projects\Federated_Learning\Master-Dataset\master_dataset\jaffarabadi\DS04__jaffarabadi_0108.jpg,jaffarabadi,DS04,False,True,channel_analysis,6.98
D:\Projects\Federated_Learning\Master-Dataset\master_dataset\jaffarabadi\DS08__Jaffrabadi_100_png.rf.f08964ae74f9f389c2e40260bc985fad.jpg,jaffarabadi,DS08,False,True,channel_analysis,0.0
D:\Projects\Federated_Learning\Master-Dataset\master_dataset\jaffarabadi\DS08__Jaffrabadi_102_png.rf.3833cf74940bd82ed6339a002700f91c.jpg,jaffarabadi,DS08,False,True,channel_analysis,0.0
D:\Projects\Federated_Learning\Master-Dataset\master_dataset\jaffarabadi\DS08__Jaffrabadi_103_jpg.rf.c7d7f9256bfb0811e5d7083be2a23f14.jpg,jaffarabadi,DS08,False,True,channel_analysis,0.0
D:\Projects\Federated_Learning\Master-Dataset\master_dataset\jaffarabadi\DS08__Jaffrabadi_10_png.rf.acd6dd6a836c352f244fdecb010547fe.jpg,jaffarabadi,DS08,False,True,channel_analysis,0.0
D:\Projects\Federated_Learning\Master-Dataset\master_dataset\jaffarabadi\DS08__Jaffrabadi_11_png.rf.7506a7182f060000d2ce050b2406fee6.jpg,jaffarabadi,DS08,False,True,channel_analysis,0.0
D:\Projects\Federated_Learning\Master-Dataset\master_dataset\jaffarabadi\DS08__Jaffrabadi_12_png.rf.40c84ff3522f42f666f36a0bd3930227.jpg,jaffarabadi,DS08,False,True,channel_analysis,0.0
D:\Projects\Federated_Learning\Master-Dataset\master_dataset\jaffarabadi\DS08__Jaffrabadi_13_png.rf.e615eb1cd7c49b1b405a9eb2e6e41753.jpg,jaffarabadi,DS08,False,True,channel_analysis,0.0
D:\Projects\Federated_Learning\Master-Dataset\master_dataset\jaffarabadi\DS08__Jaffrabadi_15_png.rf.dcccfdd847c593cc5fc969a8258a8bf9.jpg,jaffarabadi,DS08,False,True,channel_analysis,0.0
D:\Projects\Federated_Learning\Master-Dataset\master_dataset\jaffarabadi\DS08__Jaffrabadi_16_png.rf.c3feaea56f9fe359e4591583ecbd1806.jpg,jaffarabadi,DS08,False,True,channel_analysis,0.0
D:\Projects\Federated_Learning\Master-Dataset\master_dataset\jaffarabadi\DS08__Jaffrabadi_17_png.rf.01ff94aa2ab5482845fa9a8e2f6005e8.jpg,jaffarabadi,DS08,False,True,channel_analysis,0.0
D:\Projects\Federated_Learning\Master-Dataset\master_dataset\jaffarabadi\DS08__Jaffrabadi_18_png.rf.1aea8e3da39e5911e0767c6750a7d20f.jpg,jaffarabadi,DS08,False,True,channel_analysis,0.0
D:\Projects\Federated_Learning\Master-Dataset\master_dataset\jaffarabadi\DS08__Jaffrabadi_19_png.rf.8dc0e57049cc9d9d639e71d10c99db52.jpg,jaffarabadi,DS08,False,True,channel_analysis,0.0
D:\Projects\Federated_Learning\Master-Dataset\master_dataset\jaffarabadi\DS08__Jaffrabadi_1_png.rf.5a8d268364e703e4cc5debe23e702caf.jpg,jaffarabadi,DS08,False,True,channel_analysis,0.0
D:\Projects\Federated_Learning\Master-Dataset\master_dataset\jaffarabadi\DS08__Jaffrabadi_20_png.rf.4bc5720aa79cdef327e02468cfb8b7dd.jpg,jaffarabadi,DS08,False,True,channel_analysis,0.0
D:\Projects\Federated_Learning\Master-Dataset\master_dataset\jaffarabadi\DS08__Jaffrabadi_21_png.rf.531987f5e7f2d569596bfd67ec02fbc6.jpg,jaffarabadi,DS08,False,True,channel_analysis,0.0
D:\Projects\Federated_Learning\Master-Dataset\master_dataset\jaffarabadi\DS08__Jaffrabadi_22_jpg.rf.4d41b1755e59aef56dc883e6fa7babc4.jpg,jaffarabadi,DS08,False,True,channel_analysis,0.0
D:\Projects\Federated_Learning\Master-Dataset\master_dataset\jaffarabadi\DS08__Jaffrabadi_23_png.rf.4d73b1309c969eaa67fcce533acd4007.jpg,jaffarabadi,DS08,False,True,channel_analysis,0.0
D:\Projects\Federated_Learning\Master-Dataset\master_dataset\jaffarabadi\DS08__Jaffrabadi_24_png.rf.fa58affacb480a708537c097f936b2c4.jpg,jaffarabadi,DS08,False,True,channel_analysis,0.0
D:\Projects\Federated_Learning\Master-Dataset\master_dataset\jaffarabadi\DS08__Jaffrabadi_25_png.rf.c87bf7bbf9d614c3a7621d57f8f03b13.jpg,jaffarabadi,DS08,False,True,channel_analysis,0.0
D:\Projects\Federated_Learning\Master-Dataset\master_dataset\jaffarabadi\DS08__Jaffrabadi_26_jpg.rf.b02778f1186c5b6162142a8a7803662b.jpg,jaffarabadi,DS08,False,True,channel_analysis,0.0
D:\Projects\Federated_Learning\Master-Dataset\master_dataset\jaffarabadi\DS08__Jaffrabadi_27_png.rf.8321d95047c194d7a6e41be030e2250a.jpg,jaffarabadi,DS08,False,True,channel_analysis,0.0
D:\Projects\Federated_Learning\Master-Dataset\master_dataset\jaffarabadi\DS08__Jaffrabadi_28_jpg.rf.e0846bb40b7e4f8101b223c4cd88b41f.jpg,jaffarabadi,DS08,False,True,channel_analysis,0.0
D:\Projects\Federated_Learning\Master-Dataset\master_dataset\jaffarabadi\DS08__Jaffrabadi_29_png.rf.d9885ec2baeb0fc50b14e5a198096f99.jpg,jaffarabadi,DS08,False,True,channel_analysis,0.0
D:\Projects\Federated_Learning\Master-Dataset\master_dataset\jaffarabadi\DS08__Jaffrabadi_2_png.rf.8569d3d7dc901dc7af1ecf8fa976ec49.jpg,jaffarabadi,DS08,False,True,channel_analysis,0.0
D:\Projects\Federated_Learning\Master-Dataset\master_dataset\jaffarabadi\DS08__Jaffrabadi_30_jpg.rf.8b7f42d3ddc90142b4e8a34e7cade5c2.jpg,jaffarabadi,DS08,False,True,channel_analysis,0.0
D:\Projects\Federated_Learning\Master-Dataset\master_dataset\jaffarabadi\DS08__Jaffrabadi_31_png.rf.9b7fac1fe3b35752b7d953a9b3baec2f.jpg,jaffarabadi,DS08,False,True,channel_analysis,0.0
D:\Projects\Federated_Learning\Master-Dataset\master_dataset\jaffarabadi\DS08__Jaffrabadi_32_png.rf.118cea979cccbf1aa57d01c0758cfc37.jpg,jaffarabadi,DS08,False,True,channel_analysis,0.0
D:\Projects\Federated_Learning\Master-Dataset\master_dataset\jaffarabadi\DS08__Jaffrabadi_33_png.rf.7efa52fcd5725a304a53bf1fbb44002b.jpg,jaffarabadi,DS08,False,True,channel_analysis,0.0
D:\Projects\Federated_Learning\Master-Dataset\master_dataset\jaffarabadi\DS08__Jaffrabadi_34_png.rf.fc21b907db7d3107d527eeefdcbd48b3.jpg,jaffarabadi,DS08,False,True,channel_analysis,0.0
D:\Projects\Federated_Learning\Master-Dataset\master_dataset\jaffarabadi\DS08__Jaffrabadi_35_jpg.rf.bae9849b53ff9c791f9ec240731a753a.jpg,jaffarabadi,DS08,False,True,channel_analysis,0.0
D:\Projects\Federated_Learning\Master-Dataset\master_dataset\jaffarabadi\DS08__Jaffrabadi_36_png.rf.3baf83be6e8fc25b424c0e68e3b6161b.jpg,jaffarabadi,DS08,False,True,channel_analysis,0.0
D:\Projects\Federated_Learning\Master-Dataset\master_dataset\jaffarabadi\DS08__Jaffrabadi_37_png.rf.36ddcb70058180e18bef329d8df2dda3.jpg,jaffarabadi,DS08,False,True,channel_analysis,0.0
D:\Projects\Federated_Learning\Master-Dataset\master_dataset\jaffarabadi\DS08__Jaffrabadi_38_png.rf.a51129988fd7e59b62b63a622bdc5502.jpg,jaffarabadi,DS08,False,True,channel_analysis,0.0
D:\Projects\Federated_Learning\Master-Dataset\master_dataset\jaffarabadi\DS08__Jaffrabadi_39_png.rf.741b91a36ee38d8dbba6f194b6a0da96.jpg,jaffarabadi,DS08,False,True,channel_analysis,0.0
D:\Projects\Federated_Learning\Master-Dataset\master_dataset\jaffarabadi\DS08__Jaffrabadi_3_png.rf.987211a20c287997fb117f71e7cb1127.jpg,jaffarabadi,DS08,False,True,channel_analysis,0.0
D:\Projects\Federated_Learning\Master-Dataset\master_dataset\jaffarabadi\DS08__Jaffrabadi_40_png.rf.93ae36a2196bee58f2984a11f9e75fa5.jpg,jaffarabadi,DS08,False,True,channel_analysis,0.0
D:\Projects\Federated_Learning\Master-Dataset\master_dataset\jaffarabadi\DS08__Jaffrabadi_41_png.rf.9d7865f748f3d1f137acb0f6a09e597d.jpg,jaffarabadi,DS08,False,True,channel_analysis,0.0
D:\Projects\Federated_Learning\Master-Dataset\master_dataset\jaffarabadi\DS08__Jaffrabadi_42_png.rf.6b07dc20719e9cf79e386071742d28c6.jpg,jaffarabadi,DS08,False,True,channel_analysis,0.0
D:\Projects\Federated_Learning\Master-Dataset\master_dataset\jaffarabadi\DS08__Jaffrabadi_44_jpg.rf.ff13ac965b185e59542cac2b33000915.jpg,jaffarabadi,DS08,False,True,channel_analysis,0.0
D:\Projects\Federated_Learning\Master-Dataset\master_dataset\jaffarabadi\DS08__Jaffrabadi_45_jpg.rf.894557c6b91ce7a423fd8a9acd79421b.jpg,jaffarabadi,DS08,False,True,channel_analysis,0.0
D:\Projects\Federated_Learning\Master-Dataset\master_dataset\jaffarabadi\DS08__Jaffrabadi_46_png.rf.1f20fc4477cc8365f57790f4bf9b4e35.jpg,jaffarabadi,DS08,False,True,channel_analysis,0.0
D:\Projects\Federated_Learning\Master-Dataset\master_dataset\jaffarabadi\DS08__Jaffrabadi_47_jpg.rf.ace2b97586a9c52f7281b95d7ab838de.jpg,jaffarabadi,DS08,False,True,channel_analysis,0.0
D:\Projects\Federated_Learning\Master-Dataset\master_dataset\jaffarabadi\DS08__Jaffrabadi_48_png.rf.ce5dfb8f10abcd2ac395b2a7c15f784c.jpg,jaffarabadi,DS08,False,True,channel_analysis,0.0
D:\Projects\Federated_Learning\Master-Dataset\master_dataset\jaffarabadi\DS08__Jaffrabadi_49_jpg.rf.c9936e05d811b7937e600ca10a070601.jpg,jaffarabadi,DS08,False,True,channel_analysis,0.0
D:\Projects\Federated_Learning\Master-Dataset\master_dataset\jaffarabadi\DS08__Jaffrabadi_4_png.rf.c05d84751828cbf7c94a76ca5aeee5f1.jpg,jaffarabadi,DS08,False,True,channel_analysis,0.0
D:\Projects\Federated_Learning\Master-Dataset\master_dataset\jaffarabadi\DS08__Jaffrabadi_50_png.rf.91cfaaf69e74a615fe8ab62bca30152d.jpg,jaffarabadi,DS08,False,True,channel_analysis,0.0
D:\Projects\Federated_Learning\Master-Dataset\master_dataset\jaffarabadi\DS08__Jaffrabadi_51_jpg.rf.79881f963b2368158a8bbb204814fa73.jpg,jaffarabadi,DS08,False,True,channel_analysis,0.0
D:\Projects\Federated_Learning\Master-Dataset\master_dataset\jaffarabadi\DS08__Jaffrabadi_53_jpg.rf.560ed80a0e60f6a979ae472a450f553b.jpg,jaffarabadi,DS08,False,True,channel_analysis,0.0
D:\Projects\Federated_Learning\Master-Dataset\master_dataset\jaffarabadi\DS08__Jaffrabadi_54_jpg.rf.d2e76bdf4f1ac83b2521b6fa6a6ca666.jpg,jaffarabadi,DS08,False,True,channel_analysis,0.0
D:\Projects\Federated_Learning\Master-Dataset\master_dataset\jaffarabadi\DS08__Jaffrabadi_55_jpg.rf.e53f15febfbe39947017113b6bc0152f.jpg,jaffarabadi,DS08,False,True,channel_analysis,0.0
D:\Projects\Federated_Learning\Master-Dataset\master_dataset\jaffarabadi\DS08__Jaffrabadi_56_jpg.rf.cdfa8160aa60178b02e78bb86b5ed35a.jpg,jaffarabadi,DS08,False,True,channel_analysis,0.0
D:\Projects\Federated_Learning\Master-Dataset\master_dataset\jaffarabadi\DS08__Jaffrabadi_57_jpg.rf.2d4d6bd55b3900aeecc61e73664e3640.jpg,jaffarabadi,DS08,False,True,channel_analysis,0.0
D:\Projects\Federated_Learning\Master-Dataset\master_dataset\jaffarabadi\DS08__Jaffrabadi_58_jpg.rf.33c80c3db80fe395255ab3f7243f7068.jpg,jaffarabadi,DS08,False,True,channel_analysis,0.0
D:\Projects\Federated_Learning\Master-Dataset\master_dataset\jaffarabadi\DS08__Jaffrabadi_59_jpg.rf.3c5d2ca6707384d442736313acf7e77c.jpg,jaffarabadi,DS08,False,True,channel_analysis,0.0
D:\Projects\Federated_Learning\Master-Dataset\master_dataset\jaffarabadi\DS08__Jaffrabadi_5_png.rf.154dd93431343eac68bbff76797ede60.jpg,jaffarabadi,DS08,False,True,channel_analysis,0.0
D:\Projects\Federated_Learning\Master-Dataset\master_dataset\jaffarabadi\DS08__Jaffrabadi_60_jpg.rf.0a65f80f0017c9c562c69d525272b75f.jpg,jaffarabadi,DS08,False,True,channel_analysis,0.0
D:\Projects\Federated_Learning\Master-Dataset\master_dataset\jaffarabadi\DS08__Jaffrabadi_61_jpeg.rf.af14957b778d596ca47c0dfec71e019b.jpg,jaffarabadi,DS08,False,True,channel_analysis,0.0
D:\Projects\Federated_Learning\Master-Dataset\master_dataset\jaffarabadi\DS08__Jaffrabadi_62_png.rf.e1199e797734da3c4cb22375f139ec82.jpg,jaffarabadi,DS08,False,True,channel_analysis,0.0
D:\Projects\Federated_Learning\Master-Dataset\master_dataset\jaffarabadi\DS08__Jaffrabadi_63_png.rf.e3d06444fcdb9731452e82eda791e6a2.jpg,jaffarabadi,DS08,False,True,channel_analysis,0.0
D:\Projects\Federated_Learning\Master-Dataset\master_dataset\jaffarabadi\DS08__Jaffrabadi_65_jpg.rf.d1a3cd8fb3bb4d0ee8dc96e44daf3551.jpg,jaffarabadi,DS08,False,True,channel_analysis,0.0
D:\Projects\Federated_Learning\Master-Dataset\master_dataset\jaffarabadi\DS08__Jaffrabadi_66_png.rf.c22a30379eba03a0b296205ea98be4f1.jpg,jaffarabadi,DS08,False,True,channel_analysis,0.0
D:\Projects\Federated_Learning\Master-Dataset\master_dataset\jaffarabadi\DS08__Jaffrabadi_67_jpg.rf.9739aa349a14b7527dd7fabfeb240540.jpg,jaffarabadi,DS08,False,True,channel_analysis,0.0
D:\Projects\Federated_Learning\Master-Dataset\master_dataset\jaffarabadi\DS08__Jaffrabadi_68_jpg.rf.3123313601172b1d78ad588b43682b4e.jpg,jaffarabadi,DS08,False,True,channel_analysis,0.0
D:\Projects\Federated_Learning\Master-Dataset\master_dataset\jaffarabadi\DS08__Jaffrabadi_69_jpg.rf.1eb3cd03344a81bdbd76b047744cac85.jpg,jaffarabadi,DS08,False,True,channel_analysis,0.0
D:\Projects\Federated_Learning\Master-Dataset\master_dataset\jaffarabadi\DS08__Jaffrabadi_6_jpg.rf.2e9372f7ee998368b3b08ab1a895ffb7.jpg,jaffarabadi,DS08,False,True,channel_analysis,0.0
D:\Projects\Federated_Learning\Master-Dataset\master_dataset\jaffarabadi\DS08__Jaffrabadi_70_png.rf.5be860a207020891a2a061e1c6969a13.jpg,jaffarabadi,DS08,False,True,channel_analysis,0.0
D:\Projects\Federated_Learning\Master-Dataset\master_dataset\jaffarabadi\DS08__Jaffrabadi_71_png.rf.cd2284a343ad7dbaf0bbad9a5c7aca1c.jpg,jaffarabadi,DS08,False,True,channel_analysis,0.0
D:\Projects\Federated_Learning\Master-Dataset\master_dataset\jaffarabadi\DS08__Jaffrabadi_72_jpg.rf.c0221bfed132ef51417a7da2237bdfa0.jpg,jaffarabadi,DS08,False,True,channel_analysis,0.0
D:\Projects\Federated_Learning\Master-Dataset\master_dataset\jaffarabadi\DS08__Jaffrabadi_73_png.rf.96968b814c895e4ed5a2847296c2b171.jpg,jaffarabadi,DS08,False,True,channel_analysis,0.0
D:\Projects\Federated_Learning\Master-Dataset\master_dataset\jaffarabadi\DS08__Jaffrabadi_74_jpg.rf.2dca8ac8f1366b92dec4f27b4f629ac2.jpg,jaffarabadi,DS08,False,True,channel_analysis,0.0
D:\Projects\Federated_Learning\Master-Dataset\master_dataset\jaffarabadi\DS08__Jaffrabadi_75_jpg.rf.6a4dce52d20b51e0390628d9ca0a919c.jpg,jaffarabadi,DS08,False,True,channel_analysis,0.0
D:\Projects\Federated_Learning\Master-Dataset\master_dataset\jaffarabadi\DS08__Jaffrabadi_76_jpg.rf.47b3eec1d8e1d0e19e13e5f1b3c94d89.jpg,jaffarabadi,DS08,False,True,channel_analysis,0.0
D:\Projects\Federated_Learning\Master-Dataset\master_dataset\jaffarabadi\DS08__Jaffrabadi_77_png.rf.a78d9fc765844917f0d6b6af6f742aed.jpg,jaffarabadi,DS08,False,True,channel_analysis,0.0
D:\Projects\Federated_Learning\Master-Dataset\master_dataset\jaffarabadi\DS08__Jaffrabadi_78_png.rf.1b88e08c56450038340272730c495291.jpg,jaffarabadi,DS08,False,True,channel_analysis,0.0
D:\Projects\Federated_Learning\Master-Dataset\master_dataset\jaffarabadi\DS08__Jaffrabadi_79_jpg.rf.518bc3ca0001176653db7efe924e3fdb.jpg,jaffarabadi,DS08,False,True,channel_analysis,0.0
D:\Projects\Federated_Learning\Master-Dataset\master_dataset\jaffarabadi\DS08__Jaffrabadi_7_jpg.rf.a1d1a44e7dd20d52b464072ffaa7f6ef.jpg,jaffarabadi,DS08,False,True,channel_analysis,0.0
D:\Projects\Federated_Learning\Master-Dataset\master_dataset\jaffarabadi\DS08__Jaffrabadi_80_jpg.rf.e671b3cafe53632216df4c1b58b59187.jpg,jaffarabadi,DS08,False,True,channel_analysis,0.0
D:\Projects\Federated_Learning\Master-Dataset\master_dataset\jaffarabadi\DS08__Jaffrabadi_81_jpg.rf.ef9ae848e4f7bae19cd2ae69e49519be.jpg,jaffarabadi,DS08,False,True,channel_analysis,0.0
D:\Projects\Federated_Learning\Master-Dataset\master_dataset\jaffarabadi\DS08__Jaffrabadi_82_jpg.rf.f39169f10954f47a233e0dfeb00e4512.jpg,jaffarabadi,DS08,False,True,channel_analysis,0.0
D:\Projects\Federated_Learning\Master-Dataset\master_dataset\jaffarabadi\DS08__Jaffrabadi_83_jpg.rf.1801ce97b2a85c8a7a1e72596e0e55a0.jpg,jaffarabadi,DS08,False,True,channel_analysis,0.0
D:\Projects\Federated_Learning\Master-Dataset\master_dataset\jaffarabadi\DS08__Jaffrabadi_84_png.rf.8d23be874e3068e23185790ffae354a2.jpg,jaffarabadi,DS08,False,True,channel_analysis,0.0
D:\Projects\Federated_Learning\Master-Dataset\master_dataset\jaffarabadi\DS08__Jaffrabadi_85_jpg.rf.3466c05db79331ea16623a61de3d0998.jpg,jaffarabadi,DS08,False,True,channel_analysis,0.0
D:\Projects\Federated_Learning\Master-Dataset\master_dataset\jaffarabadi\DS08__Jaffrabadi_86_jpg.rf.e987945f2fb5ba9336eccd1d6edd0d62.jpg,jaffarabadi,DS08,False,True,channel_analysis,0.0
D:\Projects\Federated_Learning\Master-Dataset\master_dataset\jaffarabadi\DS08__Jaffrabadi_88_jpg.rf.00c3aeef161afe50e8e19b602c26cc23.jpg,jaffarabadi,DS08,False,True,channel_analysis,0.0
D:\Projects\Federated_Learning\Master-Dataset\master_dataset\jaffarabadi\DS08__Jaffrabadi_89_png.rf.2c7f8eb073e6051367fd7a5d4f0d3ed8.jpg,jaffarabadi,DS08,False,True,channel_analysis,0.0
D:\Projects\Federated_Learning\Master-Dataset\master_dataset\jaffarabadi\DS08__Jaffrabadi_8_png.rf.6ca4a768da545228bbd72695a2679e1e.jpg,jaffarabadi,DS08,False,True,channel_analysis,0.0
D:\Projects\Federated_Learning\Master-Dataset\master_dataset\jaffarabadi\DS08__Jaffrabadi_90_jpg.rf.f2169db8e6cd15e9cdadd4ef5c97e448.jpg,jaffarabadi,DS08,False,True,channel_analysis,0.0
D:\Projects\Federated_Learning\Master-Dataset\master_dataset\jaffarabadi\DS08__Jaffrabadi_91_jpg.rf.3437cd93d4c846083c4bdafe7c2f376f.jpg,jaffarabadi,DS08,False,True,channel_analysis,0.0
D:\Projects\Federated_Learning\Master-Dataset\master_dataset\jaffarabadi\DS08__Jaffrabadi_92_jpg.rf.80056c48a207f5304d8ac8974acaf747.jpg,jaffarabadi,DS08,False,True,channel_analysis,0.0
D:\Projects\Federated_Learning\Master-Dataset\master_dataset\jaffarabadi\DS08__Jaffrabadi_93_jpg.rf.9060967085a132a76cfa8280a5e39987.jpg,jaffarabadi,DS08,False,True,channel_analysis,0.0
D:\Projects\Federated_Learning\Master-Dataset\master_dataset\jaffarabadi\DS08__Jaffrabadi_94_jpg.rf.a14825d07d1cef21ee06c55ad3bda7e3.jpg,jaffarabadi,DS08,False,True,channel_analysis,0.0
D:\Projects\Federated_Learning\Master-Dataset\master_dataset\jaffarabadi\DS08__Jaffrabadi_95_jpg.rf.3870576724aad90ad19ddec55a6868c5.jpg,jaffarabadi,DS08,False,True,channel_analysis,0.0
D:\Projects\Federated_Learning\Master-Dataset\master_dataset\jaffarabadi\DS08__Jaffrabadi_96_jpg.rf.507811067dfd8ec47b63386eb1a9be04.jpg,jaffarabadi,DS08,False,True,channel_analysis,0.0
D:\Projects\Federated_Learning\Master-Dataset\master_dataset\jaffarabadi\DS08__Jaffrabadi_97_png.rf.14a451ba15dc3201f2d0b9edd217b9db.jpg,jaffarabadi,DS08,False,True,channel_analysis,0.0
D:\Projects\Federated_Learning\Master-Dataset\master_dataset\jaffarabadi\DS08__Jaffrabadi_99_jpg.rf.924d73df515993df041d5e9b82f06ebd.jpg,jaffarabadi,DS08,False,True,channel_analysis,0.0
D:\Projects\Federated_Learning\Master-Dataset\master_dataset\jaffarabadi\DS08__Jaffrabadi_9_jpg.rf.68c78e04fa821625c10bf070cff28b66.jpg,jaffarabadi,DS08,False,True,channel_analysis,0.0
D:\Projects\Federated_Learning\Master-Dataset\master_dataset\jaffarabadi\DS11__Jaffrabadi_004.jpg,jaffarabadi,DS11,False,True,channel_analysis,7.58
D:\Projects\Federated_Learning\Master-Dataset\master_dataset\jaffarabadi\DS11__Jaffrabadi_018.jpg,jaffarabadi,DS11,False,True,channel_analysis,2.94
D:\Projects\Federated_Learning\Master-Dataset\master_dataset\jaffarabadi\DS11__Jaffrabadi_054.jpg,jaffarabadi,DS11,False,True,channel_analysis,6.54
D:\Projects\Federated_Learning\Master-Dataset\master_dataset\jaffarabadi\DS11__Jaffrabadi_085.jpg,jaffarabadi,DS11,False,True,channel_analysis,6.66
D:\Projects\Federated_Learning\Master-Dataset\master_dataset\jaffarabadi\DS11__Jaffrabadi_086.jpg,jaffarabadi,DS11,False,True,channel_analysis,4.7
D:\Projects\Federated_Learning\Master-Dataset\master_dataset\jaffarabadi\DS11__Jaffrabadi_097.jpg,jaffarabadi,DS11,False,True,channel_analysis,6.46
D:\Projects\Federated_Learning\Master-Dataset\master_dataset\jaffarabadi\DS11__Jaffrabadi_098.jpg,jaffarabadi,DS11,False,True,channel_analysis,3.89
D:\Projects\Federated_Learning\Master-Dataset\master_dataset\jaffarabadi\DS11__Jaffrabadi_102.jpg,jaffarabadi,DS11,False,True,channel_analysis,7.66
D:\Projects\Federated_Learning\Master-Dataset\master_dataset\nagori\DS02__image_168x299_11.jpg,nagori,DS02,False,True,channel_analysis,5.82
D:\Projects\Federated_Learning\Master-Dataset\master_dataset\nagori\DS02__image_228x221_39.jpg,nagori,DS02,False,True,channel_analysis,6.96
D:\Projects\Federated_Learning\Master-Dataset\master_dataset\nagori\DS02__image_274x184_52__aug1_nagori_145.jpg,nagori,DS02,False,True,channel_analysis,7.21
D:\Projects\Federated_Learning\Master-Dataset\master_dataset\nagori\DS02__image_300x168_44.jpg,nagori,DS02,False,True,channel_analysis,4.91
D:\Projects\Federated_Learning\Master-Dataset\master_dataset\nagori\DS03__00000000.png,nagori,DS03,False,True,channel_analysis,5.55
D:\Projects\Federated_Learning\Master-Dataset\master_dataset\nagori\DS03__00000003.jpg,nagori,DS03,False,True,channel_analysis,3.67
D:\Projects\Federated_Learning\Master-Dataset\master_dataset\nagori\DS03__00000007.jpg,nagori,DS03,False,True,channel_analysis,0.78
D:\Projects\Federated_Learning\Master-Dataset\master_dataset\nagori\DS03__00000011.jpg,nagori,DS03,False,True,channel_analysis,5.18
D:\Projects\Federated_Learning\Master-Dataset\master_dataset\nagori\DS03__00000052.jpg,nagori,DS03,False,True,channel_analysis,4.56
D:\Projects\Federated_Learning\Master-Dataset\master_dataset\nagori\DS03__00000062.jpg,nagori,DS03,False,True,channel_analysis,4.07
D:\Projects\Federated_Learning\Master-Dataset\master_dataset\nagori\DS03__00000085__aug1_nagori_187.jpg,nagori,DS03,False,True,channel_analysis,5.49
D:\Projects\Federated_Learning\Master-Dataset\master_dataset\nagori\DS03__00000091.jpg,nagori,DS03,False,True,channel_analysis,4.16
D:\Projects\Federated_Learning\Master-Dataset\master_dataset\nagori\DS03__00000125.png,nagori,DS03,False,True,channel_analysis,3.12
D:\Projects\Federated_Learning\Master-Dataset\master_dataset\nagori\DS03__00000141.png,nagori,DS03,False,True,channel_analysis,5.22
D:\Projects\Federated_Learning\Master-Dataset\master_dataset\nagori\DS03__00000157.jpg,nagori,DS03,False,True,channel_analysis,6.17
D:\Projects\Federated_Learning\Master-Dataset\master_dataset\nagori\DS03__00000158.jpg,nagori,DS03,False,True,channel_analysis,7.73
D:\Projects\Federated_Learning\Master-Dataset\master_dataset\nagori\DS03__Screenshot (1072).png,nagori,DS03,False,True,channel_analysis,5.38
D:\Projects\Federated_Learning\Master-Dataset\master_dataset\nagori\DS03__Screenshot (1093).png,nagori,DS03,False,True,channel_analysis,7.74
D:\Projects\Federated_Learning\Master-Dataset\master_dataset\nagori\DS03__Screenshot (1095).png,nagori,DS03,False,True,channel_analysis,6.52
D:\Projects\Federated_Learning\Master-Dataset\master_dataset\nagori\DS03__Screenshot (1097).png,nagori,DS03,False,True,channel_analysis,7.92
D:\Projects\Federated_Learning\Master-Dataset\master_dataset\nagori\DS03__Screenshot (1098).png,nagori,DS03,False,True,channel_analysis,6.81
D:\Projects\Federated_Learning\Master-Dataset\master_dataset\nagori\DS04__nagori_0012.jpg,nagori,DS04,False,True,channel_analysis,4.91
D:\Projects\Federated_Learning\Master-Dataset\master_dataset\nagori\DS04__nagori_0013.jpg,nagori,DS04,False,True,channel_analysis,1.52
D:\Projects\Federated_Learning\Master-Dataset\master_dataset\nagori\DS04__nagori_0023.jpg,nagori,DS04,False,True,channel_analysis,6.02
D:\Projects\Federated_Learning\Master-Dataset\master_dataset\nagori\DS04__nagori_0026.jpg,nagori,DS04,False,True,channel_analysis,6.35
D:\Projects\Federated_Learning\Master-Dataset\master_dataset\nagori\DS04__nagori_0030__aug2_nagori_187.jpg,nagori,DS04,False,True,channel_analysis,6.63
D:\Projects\Federated_Learning\Master-Dataset\master_dataset\nagori\DS04__nagori_0032.jpg,nagori,DS04,False,True,channel_analysis,5.72
D:\Projects\Federated_Learning\Master-Dataset\master_dataset\nagori\DS04__nagori_0037.webp,nagori,DS04,False,True,channel_analysis,7.62
D:\Projects\Federated_Learning\Master-Dataset\master_dataset\nagori\DS04__nagori_0038.png,nagori,DS04,False,True,channel_analysis,5.44
D:\Projects\Federated_Learning\Master-Dataset\master_dataset\nagori\DS04__nagori_0042__aug3_nagori_187.png,nagori,DS04,False,True,channel_analysis,6.37
D:\Projects\Federated_Learning\Master-Dataset\master_dataset\nagori\DS06__00000007__aug1_nagori_257.jpg,nagori,DS06,False,True,channel_analysis,1.6
D:\Projects\Federated_Learning\Master-Dataset\master_dataset\nagori\DS06__00000011__aug1_nagori_259.jpg,nagori,DS06,False,True,channel_analysis,6.41
D:\Projects\Federated_Learning\Master-Dataset\master_dataset\nagori\DS06__00000052__aug1_nagori_267.jpg,nagori,DS06,False,True,channel_analysis,7.32
D:\Projects\Federated_Learning\Master-Dataset\master_dataset\nagori\DS06__00000062__aug1_nagori_270.jpg,nagori,DS06,False,True,channel_analysis,6.21
D:\Projects\Federated_Learning\Master-Dataset\master_dataset\nagori\DS06__00000091__aug1_nagori_275.jpg,nagori,DS06,False,True,channel_analysis,5.16
D:\Projects\Federated_Learning\Master-Dataset\master_dataset\nagori\DS06__00000141__aug4_nagori_187.png,nagori,DS06,False,True,channel_analysis,5.42
D:\Projects\Federated_Learning\Master-Dataset\master_dataset\nagori\DS10__00000003__aug1_nagori_256.jpg,nagori,DS10,False,True,channel_analysis,5.3
D:\Projects\Federated_Learning\Master-Dataset\master_dataset\nagori\DS10__00000007__aug2_nagori_257.jpg,nagori,DS10,False,True,channel_analysis,1.85
D:\Projects\Federated_Learning\Master-Dataset\master_dataset\nagori\DS10__00000011__aug2_nagori_259.jpg,nagori,DS10,False,True,channel_analysis,7.77
D:\Projects\Federated_Learning\Master-Dataset\master_dataset\nagori\DS10__00000052__aug2_nagori_267.jpg,nagori,DS10,False,True,channel_analysis,6.91
D:\Projects\Federated_Learning\Master-Dataset\master_dataset\nagori\DS10__00000062__aug2_nagori_270.jpg,nagori,DS10,False,True,channel_analysis,7.02
D:\Projects\Federated_Learning\Master-Dataset\master_dataset\nagori\DS10__00000085__aug5_nagori_187.jpg,nagori,DS10,False,True,channel_analysis,6.36
D:\Projects\Federated_Learning\Master-Dataset\master_dataset\nagori\DS10__00000091__aug2_nagori_275.jpg,nagori,DS10,False,True,channel_analysis,5.96
D:\Projects\Federated_Learning\Master-Dataset\master_dataset\nagori\DS10__00000125__aug1_nagori_281.png,nagori,DS10,False,True,channel_analysis,5.64
D:\Projects\Federated_Learning\Master-Dataset\master_dataset\nagori\DS10__00000141__aug6_nagori_187.png,nagori,DS10,False,True,channel_analysis,6.17
D:\Projects\Federated_Learning\Master-Dataset\master_dataset\nagori\DS11__Nagori_001__aug1_nagori_168.jpg,nagori,DS11,False,True,channel_analysis,7.55
D:\Projects\Federated_Learning\Master-Dataset\master_dataset\nagori\DS11__Nagori_002.jpg,nagori,DS11,False,True,channel_analysis,3.69
D:\Projects\Federated_Learning\Master-Dataset\master_dataset\nagori\DS11__Nagori_003__aug1_nagori_170.jpg,nagori,DS11,False,True,channel_analysis,1.01
D:\Projects\Federated_Learning\Master-Dataset\master_dataset\nagori\DS11__Nagori_005__aug1_nagori_172.jpg,nagori,DS11,False,True,channel_analysis,5.45
D:\Projects\Federated_Learning\Master-Dataset\master_dataset\nagori\DS11__Nagori_013__aug1_nagori_180.jpg,nagori,DS11,False,True,channel_analysis,5.17
D:\Projects\Federated_Learning\Master-Dataset\master_dataset\nagori\DS11__Nagori_014.jpg,nagori,DS11,False,True,channel_analysis,7.53
D:\Projects\Federated_Learning\Master-Dataset\master_dataset\nagori\DS11__Nagori_016__aug1_nagori_183.jpg,nagori,DS11,False,True,channel_analysis,4.83
D:\Projects\Federated_Learning\Master-Dataset\master_dataset\nagori\DS11__Nagori_022.jpg,nagori,DS11,False,True,channel_analysis,4.29
D:\Projects\Federated_Learning\Master-Dataset\master_dataset\nagori\DS11__Nagori_027.jpg,nagori,DS11,False,True,channel_analysis,3.33
D:\Projects\Federated_Learning\Master-Dataset\master_dataset\nagori\DS11__Nagori_028__aug1_nagori_194.jpg,nagori,DS11,False,True,channel_analysis,3.78
D:\Projects\Federated_Learning\Master-Dataset\master_dataset\nagori\DS11__Nagori_032.jpg,nagori,DS11,False,True,channel_analysis,3.51
D:\Projects\Federated_Learning\Master-Dataset\master_dataset\nagori\DS11__Nagori_036.jpg,nagori,DS11,False,True,channel_analysis,7.2
D:\Projects\Federated_Learning\Master-Dataset\master_dataset\nagori\DS11__Nagori_037.jpg,nagori,DS11,False,True,channel_analysis,6.26
D:\Projects\Federated_Learning\Master-Dataset\master_dataset\nagori\DS11__Nagori_064__aug1_nagori_229.jpg,nagori,DS11,False,True,channel_analysis,5.41
D:\Projects\Federated_Learning\Master-Dataset\master_dataset\nagori\DS11__Nagori_088.jpg,nagori,DS11,False,True,channel_analysis,7.93
D:\Projects\Federated_Learning\Master-Dataset\master_dataset\nagori\DS11__Nagori_089.jpg,nagori,DS11,False,True,channel_analysis,6.79
D:\Projects\Federated_Learning\Master-Dataset\master_dataset\nili-ravi\DS01__Black_Nili-ravi_Buffalo_at_Best_Price_ (1).jpg,nili-ravi,DS01,False,True,channel_analysis,6.42
D:\Projects\Federated_Learning\Master-Dataset\master_dataset\nili-ravi\DS01__Black_Nili-ravi_Buffalo_at_Best_Price___aug1_nili-ravi_19.jpg,nili-ravi,DS01,False,True,channel_analysis,6.86
D:\Projects\Federated_Learning\Master-Dataset\master_dataset\nili-ravi\DS01__Buffalo_-_Livestock_for_sale_in_ (1).jpg,nili-ravi,DS01,False,True,channel_analysis,7.73
D:\Projects\Federated_Learning\Master-Dataset\master_dataset\nili-ravi\DS01__Buffalo_male_mili_Ravi_complete_teeth_ (2).jpg,nili-ravi,DS01,False,True,channel_analysis,6.5
D:\Projects\Federated_Learning\Master-Dataset\master_dataset\nili-ravi\DS01__Buffalo_male_mili_Ravi_complete_teeth___aug1_nili-ravi_30.jpg,nili-ravi,DS01,False,True,channel_analysis,5.8
D:\Projects\Federated_Learning\Master-Dataset\master_dataset\nili-ravi\DS01__Buffalo_Nili_Ravi_at_Best_Price_in___aug1_nili-ravi_31.jpg,nili-ravi,DS01,False,True,channel_analysis,5.82
D:\Projects\Federated_Learning\Master-Dataset\master_dataset\nili-ravi\DS01__image_225x225_3.jpg,nili-ravi,DS01,False,True,channel_analysis,5.42
D:\Projects\Federated_Learning\Master-Dataset\master_dataset\nili-ravi\DS01__image_225x225_4.jpg,nili-ravi,DS01,False,True,channel_analysis,1.9
D:\Projects\Federated_Learning\Master-Dataset\master_dataset\nili-ravi\DS01__image_225x225_6.jpg,nili-ravi,DS01,False,True,channel_analysis,3.05
D:\Projects\Federated_Learning\Master-Dataset\master_dataset\nili-ravi\DS01__image_230x219_7.jpg,nili-ravi,DS01,False,True,channel_analysis,3.39
D:\Projects\Federated_Learning\Master-Dataset\master_dataset\nili-ravi\DS01__image_267x189_3.jpg,nili-ravi,DS01,False,True,channel_analysis,6.62
D:\Projects\Federated_Learning\Master-Dataset\master_dataset\nili-ravi\DS01__image_275x183_11.jpg,nili-ravi,DS01,False,True,channel_analysis,6.4
D:\Projects\Federated_Learning\Master-Dataset\master_dataset\nili-ravi\DS01__image_277x182_6.jpg,nili-ravi,DS01,False,True,channel_analysis,1.89
D:\Projects\Federated_Learning\Master-Dataset\master_dataset\nili-ravi\DS01__image_280x180_7.jpg,nili-ravi,DS01,False,True,channel_analysis,7.64
D:\Projects\Federated_Learning\Master-Dataset\master_dataset\nili-ravi\DS01__image_50x50_1 (5).jpg,nili-ravi,DS01,False,True,channel_analysis,7.89
D:\Projects\Federated_Learning\Master-Dataset\master_dataset\nili-ravi\DS01__image_50x50_1.jpg,nili-ravi,DS01,False,True,channel_analysis,2.64
D:\Projects\Federated_Learning\Master-Dataset\master_dataset\nili-ravi\DS01__Neeli_Ravi_Buffalo (3) (2).jpg,nili-ravi,DS01,False,True,channel_analysis,7.08
D:\Projects\Federated_Learning\Master-Dataset\master_dataset\nili-ravi\DS01__Nili-Ravi_buffalo_.jpg,nili-ravi,DS01,False,True,channel_analysis,7.9
D:\Projects\Federated_Learning\Master-Dataset\master_dataset\nili-ravi\DS01__Nili_Ravi_ABC_Salon__aug1_nili-ravi_73.jpg,nili-ravi,DS01,False,True,channel_analysis,6.35
D:\Projects\Federated_Learning\Master-Dataset\master_dataset\nili-ravi\DS01__Nili_Ravi_Buffalo_at_Best_Price_in___aug1_nili-ravi_50.jpg,nili-ravi,DS01,False,True,channel_analysis,3.85
D:\Projects\Federated_Learning\Master-Dataset\master_dataset\nili-ravi\DS01__Nili_Ravi_Buffalo_Stock_Video_Footage_ (2).jpg,nili-ravi,DS01,False,True,channel_analysis,6.24
D:\Projects\Federated_Learning\Master-Dataset\master_dataset\nili-ravi\DS01__Nilli_Ravi_Buffalo_For_Sale_at_8000000___aug1_nili-ravi_46.jpg,nili-ravi,DS01,False,True,channel_analysis,5.59
D:\Projects\Federated_Learning\Master-Dataset\master_dataset\nili-ravi\DS01__NR-21111_ABC_Salon__aug1_nili-ravi_67.jpg,nili-ravi,DS01,False,True,channel_analysis,5.26
D:\Projects\Federated_Learning\Master-Dataset\master_dataset\nili-ravi\DS01__spermatozoa_of_Nili-Ravi_buffalo_bulls_.png,nili-ravi,DS01,False,True,channel_analysis,0.0
D:\Projects\Federated_Learning\Master-Dataset\master_dataset\nili-ravi\DS01___MP_.jpg,nili-ravi,DS01,False,True,channel_analysis,6.81
D:\Projects\Federated_Learning\Master-Dataset\master_dataset\nili-ravi\DS03__Nili_Ravi_10.jpg,nili-ravi,DS03,False,True,channel_analysis,7.73
D:\Projects\Federated_Learning\Master-Dataset\master_dataset\nili-ravi\DS03__Nili_Ravi_11.jpg,nili-ravi,DS03,False,True,channel_analysis,5.17
D:\Projects\Federated_Learning\Master-Dataset\master_dataset\nili-ravi\DS03__Nili_Ravi_15.jpg,nili-ravi,DS03,False,True,channel_analysis,4.22
D:\Projects\Federated_Learning\Master-Dataset\master_dataset\nili-ravi\DS03__Nili_Ravi_16.jpg,nili-ravi,DS03,False,True,channel_analysis,6.7
D:\Projects\Federated_Learning\Master-Dataset\master_dataset\nili-ravi\DS03__Nili_Ravi_17__aug1_nili-ravi_162.jpg,nili-ravi,DS03,False,True,channel_analysis,6.58
D:\Projects\Federated_Learning\Master-Dataset\master_dataset\nili-ravi\DS03__Nili_Ravi_19.jpg,nili-ravi,DS03,False,True,channel_analysis,6.37
D:\Projects\Federated_Learning\Master-Dataset\master_dataset\nili-ravi\DS03__Nili_Ravi_2.png,nili-ravi,DS03,False,True,channel_analysis,3.36
D:\Projects\Federated_Learning\Master-Dataset\master_dataset\nili-ravi\DS03__Nili_Ravi_20.jpg,nili-ravi,DS03,False,True,channel_analysis,4.69
D:\Projects\Federated_Learning\Master-Dataset\master_dataset\nili-ravi\DS03__Nili_Ravi_24.jpg,nili-ravi,DS03,False,True,channel_analysis,5.75
D:\Projects\Federated_Learning\Master-Dataset\master_dataset\nili-ravi\DS03__Nili_Ravi_26.jpg,nili-ravi,DS03,False,True,channel_analysis,6.83
D:\Projects\Federated_Learning\Master-Dataset\master_dataset\nili-ravi\DS03__Nili_Ravi_3.jpg,nili-ravi,DS03,False,True,channel_analysis,6.71
D:\Projects\Federated_Learning\Master-Dataset\master_dataset\nili-ravi\DS03__Nili_Ravi_31.jpeg,nili-ravi,DS03,False,True,channel_analysis,7.21
D:\Projects\Federated_Learning\Master-Dataset\master_dataset\nili-ravi\DS03__Nili_Ravi_34.jpg,nili-ravi,DS03,False,True,channel_analysis,5.33
D:\Projects\Federated_Learning\Master-Dataset\master_dataset\nili-ravi\DS03__Nili_Ravi_36.jpg,nili-ravi,DS03,False,True,channel_analysis,6.69
D:\Projects\Federated_Learning\Master-Dataset\master_dataset\nili-ravi\DS03__Nili_Ravi_45.jpg,nili-ravi,DS03,False,True,channel_analysis,5.11
D:\Projects\Federated_Learning\Master-Dataset\master_dataset\nili-ravi\DS03__Nili_Ravi_46.png,nili-ravi,DS03,False,True,channel_analysis,6.44
D:\Projects\Federated_Learning\Master-Dataset\master_dataset\nili-ravi\DS03__Nili_Ravi_48.jpg,nili-ravi,DS03,False,True,channel_analysis,7.17
D:\Projects\Federated_Learning\Master-Dataset\master_dataset\nili-ravi\DS03__Nili_Ravi_5.jpg,nili-ravi,DS03,False,True,channel_analysis,7.57
D:\Projects\Federated_Learning\Master-Dataset\master_dataset\nili-ravi\DS03__Nili_Ravi_53.jpg,nili-ravi,DS03,False,True,channel_analysis,6.76
D:\Projects\Federated_Learning\Master-Dataset\master_dataset\nili-ravi\DS03__Nili_Ravi_64.jpg,nili-ravi,DS03,False,True,channel_analysis,6.41
D:\Projects\Federated_Learning\Master-Dataset\master_dataset\nili-ravi\DS03__Nili_Ravi_65__aug1_nili-ravi_95.jpg,nili-ravi,DS03,False,True,channel_analysis,3.27
D:\Projects\Federated_Learning\Master-Dataset\master_dataset\nili-ravi\DS03__Nili_Ravi_67.png,nili-ravi,DS03,False,True,channel_analysis,7.18
D:\Projects\Federated_Learning\Master-Dataset\master_dataset\nili-ravi\DS03__Nili_Ravi_68__aug1_nili-ravi_178.jpg,nili-ravi,DS03,False,True,channel_analysis,5.24
D:\Projects\Federated_Learning\Master-Dataset\master_dataset\nili-ravi\DS03__Nili_Ravi_69__aug2_nili-ravi_46.jpg,nili-ravi,DS03,False,True,channel_analysis,6.48
D:\Projects\Federated_Learning\Master-Dataset\master_dataset\nili-ravi\DS03__Nili_Ravi_7.jpg,nili-ravi,DS03,False,True,channel_analysis,2.81
D:\Projects\Federated_Learning\Master-Dataset\master_dataset\nili-ravi\DS03__Nili_Ravi_73__aug2_nili-ravi_31.jpg,nili-ravi,DS03,False,True,channel_analysis,5.74
D:\Projects\Federated_Learning\Master-Dataset\master_dataset\nili-ravi\DS03__Nili_Ravi_76.jpg,nili-ravi,DS03,False,True,channel_analysis,1.81
D:\Projects\Federated_Learning\Master-Dataset\master_dataset\nili-ravi\DS03__Nili_Ravi_81.jpg,nili-ravi,DS03,False,True,channel_analysis,6.21
D:\Projects\Federated_Learning\Master-Dataset\master_dataset\nili-ravi\DS03__Nili_Ravi_84.jpg,nili-ravi,DS03,False,True,channel_analysis,5.2
D:\Projects\Federated_Learning\Master-Dataset\master_dataset\nili-ravi\DS03__Nili_Ravi_85.jpg,nili-ravi,DS03,False,True,channel_analysis,4.02
D:\Projects\Federated_Learning\Master-Dataset\master_dataset\nili-ravi\DS03__Nili_Ravi_91.jpg,nili-ravi,DS03,False,True,channel_analysis,4.03
D:\Projects\Federated_Learning\Master-Dataset\master_dataset\nili-ravi\DS04__nili_ravi_0017.jpg,nili-ravi,DS04,False,True,channel_analysis,5.85
D:\Projects\Federated_Learning\Master-Dataset\master_dataset\nili-ravi\DS04__nili_ravi_0022.png,nili-ravi,DS04,False,True,channel_analysis,4.33
D:\Projects\Federated_Learning\Master-Dataset\master_dataset\nili-ravi\DS04__nili_ravi_0033.jpeg,nili-ravi,DS04,False,True,channel_analysis,7.94
D:\Projects\Federated_Learning\Master-Dataset\master_dataset\nili-ravi\DS04__nili_ravi_0069.jpg,nili-ravi,DS04,False,True,channel_analysis,4.32
D:\Projects\Federated_Learning\Master-Dataset\master_dataset\nili-ravi\DS04__nili_ravi_0074.jpg,nili-ravi,DS04,False,True,channel_analysis,3.68
D:\Projects\Federated_Learning\Master-Dataset\master_dataset\nili-ravi\DS04__nili_ravi_0078.jpg,nili-ravi,DS04,False,True,channel_analysis,5.77
D:\Projects\Federated_Learning\Master-Dataset\master_dataset\nili-ravi\DS04__nili_ravi_0081.jpg,nili-ravi,DS04,False,True,channel_analysis,3.09
D:\Projects\Federated_Learning\Master-Dataset\master_dataset\nili-ravi\DS04__nili_ravi_0091.jpg,nili-ravi,DS04,False,True,channel_analysis,7.32
D:\Projects\Federated_Learning\Master-Dataset\master_dataset\nili-ravi\DS04__nili_ravi_0097.jpg,nili-ravi,DS04,False,True,channel_analysis,7.42
D:\Projects\Federated_Learning\Master-Dataset\master_dataset\nili-ravi\DS06__Nili_Ravi_20__aug1_nili-ravi_247.jpg,nili-ravi,DS06,False,True,channel_analysis,7.55
D:\Projects\Federated_Learning\Master-Dataset\master_dataset\nili-ravi\DS06__Nili_Ravi_45__aug1_nili-ravi_265.jpg,nili-ravi,DS06,False,True,channel_analysis,7.54
D:\Projects\Federated_Learning\Master-Dataset\master_dataset\nili-ravi\DS06__Nili_Ravi_65__aug1_nili-ravi_280.jpg,nili-ravi,DS06,False,True,channel_analysis,4.35
D:\Projects\Federated_Learning\Master-Dataset\master_dataset\nili-ravi\DS06__Nili_Ravi_73__aug3_nili-ravi_31.jpg,nili-ravi,DS06,False,True,channel_analysis,6.41
D:\Projects\Federated_Learning\Master-Dataset\master_dataset\nili-ravi\DS06__Nili_Ravi_76__aug1_nili-ravi_288.jpg,nili-ravi,DS06,False,True,channel_analysis,3.32
D:\Projects\Federated_Learning\Master-Dataset\master_dataset\nili-ravi\DS06__Nili_Ravi_85__aug1_nili-ravi_297.jpg,nili-ravi,DS06,False,True,channel_analysis,7.02
D:\Projects\Federated_Learning\Master-Dataset\master_dataset\nili-ravi\DS06__Nili_Ravi_91__aug1_nili-ravi_301.jpg,nili-ravi,DS06,False,True,channel_analysis,7.71
D:\Projects\Federated_Learning\Master-Dataset\master_dataset\nili-ravi\DS10__Nili_Ravi_15__aug1_nili-ravi_241.jpg,nili-ravi,DS10,False,True,channel_analysis,6.66
D:\Projects\Federated_Learning\Master-Dataset\master_dataset\nili-ravi\DS10__Nili_Ravi_20__aug2_nili-ravi_247.jpg,nili-ravi,DS10,False,True,channel_analysis,7.19
D:\Projects\Federated_Learning\Master-Dataset\master_dataset\nili-ravi\DS10__Nili_Ravi_2__aug1_nili-ravi_246.png,nili-ravi,DS10,False,True,channel_analysis,4.77
D:\Projects\Federated_Learning\Master-Dataset\master_dataset\nili-ravi\DS10__Nili_Ravi_31__aug1_nili-ravi_255.jpeg,nili-ravi,DS10,False,True,channel_analysis,7.24
D:\Projects\Federated_Learning\Master-Dataset\master_dataset\nili-ravi\DS10__Nili_Ravi_45__aug2_nili-ravi_265.jpg,nili-ravi,DS10,False,True,channel_analysis,7.95
D:\Projects\Federated_Learning\Master-Dataset\master_dataset\nili-ravi\DS10__Nili_Ravi_65__aug2_nili-ravi_280.jpg,nili-ravi,DS10,False,True,channel_analysis,5.23
D:\Projects\Federated_Learning\Master-Dataset\master_dataset\nili-ravi\DS10__Nili_Ravi_73__aug4_nili-ravi_31.jpg,nili-ravi,DS10,False,True,channel_analysis,6.98
D:\Projects\Federated_Learning\Master-Dataset\master_dataset\nili-ravi\DS10__Nili_Ravi_76__aug2_nili-ravi_288.jpg,nili-ravi,DS10,False,True,channel_analysis,3.34
D:\Projects\Federated_Learning\Master-Dataset\master_dataset\nili-ravi\DS10__Nili_Ravi_7__aug1_nili-ravi_283.jpg,nili-ravi,DS10,False,True,channel_analysis,3.7
D:\Projects\Federated_Learning\Master-Dataset\master_dataset\nili-ravi\DS10__Nili_Ravi_85__aug2_nili-ravi_297.jpg,nili-ravi,DS10,False,True,channel_analysis,5.9
D:\Projects\Federated_Learning\Master-Dataset\master_dataset\nili-ravi\DS10__Nili_Ravi_91__aug2_nili-ravi_301.jpg,nili-ravi,DS10,False,True,channel_analysis,7.85
D:\Projects\Federated_Learning\Master-Dataset\master_dataset\nili-ravi\DS11__Nili_Ravi_002.jpg,nili-ravi,DS11,False,True,channel_analysis,7.86
D:\Projects\Federated_Learning\Master-Dataset\master_dataset\nili-ravi\DS11__Nili_Ravi_003__aug1_nili-ravi_156.jpg,nili-ravi,DS11,False,True,channel_analysis,5.62
D:\Projects\Federated_Learning\Master-Dataset\master_dataset\nili-ravi\DS11__Nili_Ravi_007__aug1_nili-ravi_160.jpg,nili-ravi,DS11,False,True,channel_analysis,4.61
D:\Projects\Federated_Learning\Master-Dataset\master_dataset\nili-ravi\DS11__Nili_Ravi_008__aug1_nili-ravi_161.jpg,nili-ravi,DS11,False,True,channel_analysis,7.11
D:\Projects\Federated_Learning\Master-Dataset\master_dataset\nili-ravi\DS11__Nili_Ravi_009.jpg,nili-ravi,DS11,False,True,channel_analysis,6.49
D:\Projects\Federated_Learning\Master-Dataset\master_dataset\nili-ravi\DS11__Nili_Ravi_011__aug1_nili-ravi_164.jpg,nili-ravi,DS11,False,True,channel_analysis,7.33
D:\Projects\Federated_Learning\Master-Dataset\master_dataset\nili-ravi\DS11__Nili_Ravi_012.jpg,nili-ravi,DS11,False,True,channel_analysis,3.38
D:\Projects\Federated_Learning\Master-Dataset\master_dataset\nili-ravi\DS11__Nili_Ravi_013__aug1_nili-ravi_166.jpg,nili-ravi,DS11,False,True,channel_analysis,5.48
D:\Projects\Federated_Learning\Master-Dataset\master_dataset\nili-ravi\DS11__Nili_Ravi_016__aug1_nili-ravi_169.jpg,nili-ravi,DS11,False,True,channel_analysis,5.85
D:\Projects\Federated_Learning\Master-Dataset\master_dataset\nili-ravi\DS11__Nili_Ravi_018__aug1_nili-ravi_171.jpg,nili-ravi,DS11,False,True,channel_analysis,7.59
D:\Projects\Federated_Learning\Master-Dataset\master_dataset\nili-ravi\DS11__Nili_Ravi_021.jpg,nili-ravi,DS11,False,True,channel_analysis,6.89
D:\Projects\Federated_Learning\Master-Dataset\master_dataset\nili-ravi\DS11__Nili_Ravi_023.jpg,nili-ravi,DS11,False,True,channel_analysis,7.25
D:\Projects\Federated_Learning\Master-Dataset\master_dataset\nili-ravi\DS11__Nili_Ravi_026__aug2_nili-ravi_178.jpg,nili-ravi,DS11,False,True,channel_analysis,6.7
D:\Projects\Federated_Learning\Master-Dataset\master_dataset\nili-ravi\DS11__Nili_Ravi_028__aug1_nili-ravi_179.jpg,nili-ravi,DS11,False,True,channel_analysis,7.37
D:\Projects\Federated_Learning\Master-Dataset\master_dataset\nili-ravi\DS11__Nili_Ravi_038__aug1_nili-ravi_189.jpg,nili-ravi,DS11,False,True,channel_analysis,5.98
D:\Projects\Federated_Learning\Master-Dataset\master_dataset\nili-ravi\DS11__Nili_Ravi_039__aug1_nili-ravi_190.jpg,nili-ravi,DS11,False,True,channel_analysis,6.46
D:\Projects\Federated_Learning\Master-Dataset\master_dataset\nili-ravi\DS11__Nili_Ravi_041.jpg,nili-ravi,DS11,False,True,channel_analysis,7.34
D:\Projects\Federated_Learning\Master-Dataset\master_dataset\nili-ravi\DS11__Nili_Ravi_042__aug1_nili-ravi_193.jpg,nili-ravi,DS11,False,True,channel_analysis,6.92
D:\Projects\Federated_Learning\Master-Dataset\master_dataset\nili-ravi\DS11__Nili_Ravi_046__aug1_nili-ravi_197.jpg,nili-ravi,DS11,False,True,channel_analysis,6.54
D:\Projects\Federated_Learning\Master-Dataset\master_dataset\nili-ravi\DS11__Nili_Ravi_058__aug1_nili-ravi_207.jpg,nili-ravi,DS11,False,True,channel_analysis,7.02
D:\Projects\Federated_Learning\Master-Dataset\master_dataset\nili-ravi\DS11__Nili_Ravi_059__aug2_nili-ravi_95.jpg,nili-ravi,DS11,False,True,channel_analysis,3.16
D:\Projects\Federated_Learning\Master-Dataset\master_dataset\nili-ravi\DS11__Nili_Ravi_061.jpg,nili-ravi,DS11,False,True,channel_analysis,7.14
D:\Projects\Federated_Learning\Master-Dataset\master_dataset\nili-ravi\DS11__Nili_Ravi_062__aug3_nili-ravi_178.jpg,nili-ravi,DS11,False,True,channel_analysis,5.34
D:\Projects\Federated_Learning\Master-Dataset\master_dataset\nili-ravi\DS11__Nili_Ravi_063__aug3_nili-ravi_46.jpg,nili-ravi,DS11,False,True,channel_analysis,6.82
D:\Projects\Federated_Learning\Master-Dataset\master_dataset\nili-ravi\DS11__Nili_Ravi_064.jpg,nili-ravi,DS11,False,True,channel_analysis,2.8
D:\Projects\Federated_Learning\Master-Dataset\master_dataset\nili-ravi\DS11__Nili_Ravi_068__aug5_nili-ravi_31.jpg,nili-ravi,DS11,False,True,channel_analysis,6.08
D:\Projects\Federated_Learning\Master-Dataset\master_dataset\nili-ravi\DS11__Nili_Ravi_071__aug1_nili-ravi_216.jpg,nili-ravi,DS11,False,True,channel_analysis,2.54
D:\Projects\Federated_Learning\Master-Dataset\master_dataset\nili-ravi\DS11__Nili_Ravi_077__aug1_nili-ravi_222.jpg,nili-ravi,DS11,False,True,channel_analysis,6.45
D:\Projects\Federated_Learning\Master-Dataset\master_dataset\nili-ravi\DS11__Nili_Ravi_080__aug1_nili-ravi_225.jpg,nili-ravi,DS11,False,True,channel_analysis,6.87
D:\Projects\Federated_Learning\Master-Dataset\master_dataset\nili-ravi\DS11__Nili_Ravi_081__aug1_nili-ravi_226.jpg,nili-ravi,DS11,False,True,channel_analysis,4.76
D:\Projects\Federated_Learning\Master-Dataset\master_dataset\nili-ravi\DS11__Nili_Ravi_087__aug1_nili-ravi_232.jpg,nili-ravi,DS11,False,True,channel_analysis,5.06
D:\Projects\Federated_Learning\Master-Dataset\master_dataset\nili-ravi\DS11__Nili_Ravi_089.jpg,nili-ravi,DS11,False,True,channel_analysis,2.78
D:\Projects\Federated_Learning\Master-Dataset\master_dataset\tharparkar\DS02__Tharparkar_118.png,tharparkar,DS02,False,True,channel_analysis,5.61
D:\Projects\Federated_Learning\Master-Dataset\master_dataset\tharparkar\DS02__Tharparkar_144.jpg,tharparkar,DS02,False,True,channel_analysis,7.92
D:\Projects\Federated_Learning\Master-Dataset\master_dataset\tharparkar\DS02__Tharparkar_147.jpeg,tharparkar,DS02,False,True,channel_analysis,7.52
D:\Projects\Federated_Learning\Master-Dataset\master_dataset\tharparkar\DS02__Tharparkar_153.jpg,tharparkar,DS02,False,True,channel_analysis,5.47
D:\Projects\Federated_Learning\Master-Dataset\master_dataset\tharparkar\DS02__Tharparkar_165.png,tharparkar,DS02,False,True,channel_analysis,5.15
D:\Projects\Federated_Learning\Master-Dataset\master_dataset\tharparkar\DS02__Tharparkar_174.png,tharparkar,DS02,False,True,channel_analysis,5.41
D:\Projects\Federated_Learning\Master-Dataset\master_dataset\tharparkar\DS02__Tharparkar_175.png,tharparkar,DS02,False,True,channel_analysis,5.59
D:\Projects\Federated_Learning\Master-Dataset\master_dataset\tharparkar\DS02__Tharparkar_176.png,tharparkar,DS02,False,True,channel_analysis,6.74
D:\Projects\Federated_Learning\Master-Dataset\master_dataset\tharparkar\DS02__Tharparkar_177.jpg,tharparkar,DS02,False,True,channel_analysis,6.56
D:\Projects\Federated_Learning\Master-Dataset\master_dataset\tharparkar\DS02__Tharparkar_182.jpg,tharparkar,DS02,False,True,channel_analysis,7.91
D:\Projects\Federated_Learning\Master-Dataset\master_dataset\tharparkar\DS02__Tharparkar_19.png,tharparkar,DS02,False,True,channel_analysis,5.4
D:\Projects\Federated_Learning\Master-Dataset\master_dataset\tharparkar\DS02__Tharparkar_207.jpg,tharparkar,DS02,False,True,channel_analysis,7.83
D:\Projects\Federated_Learning\Master-Dataset\master_dataset\tharparkar\DS02__Tharparkar_26.png,tharparkar,DS02,False,True,channel_analysis,6.23
D:\Projects\Federated_Learning\Master-Dataset\master_dataset\tharparkar\DS02__Tharparkar_41.jpg,tharparkar,DS02,False,True,channel_analysis,7.91
D:\Projects\Federated_Learning\Master-Dataset\master_dataset\tharparkar\DS02__Tharparkar_42__aug1_tharparkar_150.jpg,tharparkar,DS02,False,True,channel_analysis,7.17
D:\Projects\Federated_Learning\Master-Dataset\master_dataset\tharparkar\DS02__Tharparkar_46.png,tharparkar,DS02,False,True,channel_analysis,7.99
D:\Projects\Federated_Learning\Master-Dataset\master_dataset\tharparkar\DS02__Tharparkar_48.png,tharparkar,DS02,False,True,channel_analysis,6.93
D:\Projects\Federated_Learning\Master-Dataset\master_dataset\tharparkar\DS02__Tharparkar_5.png,tharparkar,DS02,False,True,channel_analysis,7.32
D:\Projects\Federated_Learning\Master-Dataset\master_dataset\tharparkar\DS02__Tharparkar_50.jpg,tharparkar,DS02,False,True,channel_analysis,6.72
D:\Projects\Federated_Learning\Master-Dataset\master_dataset\tharparkar\DS02__Tharparkar_7.png,tharparkar,DS02,False,True,channel_analysis,6.48
D:\Projects\Federated_Learning\Master-Dataset\master_dataset\tharparkar\DS02__Tharparkar_77.jpg,tharparkar,DS02,False,True,channel_analysis,3.74
D:\Projects\Federated_Learning\Master-Dataset\master_dataset\tharparkar\DS02__Tharparkar_82.jpg,tharparkar,DS02,False,True,channel_analysis,3.09
D:\Projects\Federated_Learning\Master-Dataset\master_dataset\tharparkar\DS02__Tharparkar_9.jpg,tharparkar,DS02,False,True,channel_analysis,6.32
D:\Projects\Federated_Learning\Master-Dataset\master_dataset\tharparkar\DS02__Tharparkar_93.png,tharparkar,DS02,False,True,channel_analysis,5.4
D:\Projects\Federated_Learning\Master-Dataset\master_dataset\tharparkar\DS03__Tharparkar_102.jpg,tharparkar,DS03,False,True,channel_analysis,7.4
D:\Projects\Federated_Learning\Master-Dataset\master_dataset\tharparkar\DS03__Tharparkar_108.jpeg,tharparkar,DS03,False,True,channel_analysis,6.67
D:\Projects\Federated_Learning\Master-Dataset\master_dataset\tharparkar\DS03__Tharparkar_110.jpg,tharparkar,DS03,False,True,channel_analysis,4.72
D:\Projects\Federated_Learning\Master-Dataset\master_dataset\tharparkar\DS03__Tharparkar_118.png,tharparkar,DS03,False,True,channel_analysis,3.14
D:\Projects\Federated_Learning\Master-Dataset\master_dataset\tharparkar\DS03__Tharparkar_120.png,tharparkar,DS03,False,True,channel_analysis,3.49
D:\Projects\Federated_Learning\Master-Dataset\master_dataset\tharparkar\DS03__Tharparkar_126.jpg,tharparkar,DS03,False,True,channel_analysis,4.5
D:\Projects\Federated_Learning\Master-Dataset\master_dataset\tharparkar\DS03__Tharparkar_132.jpg,tharparkar,DS03,False,True,channel_analysis,6.59
D:\Projects\Federated_Learning\Master-Dataset\master_dataset\tharparkar\DS03__Tharparkar_137.jpg,tharparkar,DS03,False,True,channel_analysis,4.44
D:\Projects\Federated_Learning\Master-Dataset\master_dataset\tharparkar\DS03__Tharparkar_138.jpg,tharparkar,DS03,False,True,channel_analysis,7.78
D:\Projects\Federated_Learning\Master-Dataset\master_dataset\tharparkar\DS03__Tharparkar_139.jpg,tharparkar,DS03,False,True,channel_analysis,6.44
D:\Projects\Federated_Learning\Master-Dataset\master_dataset\tharparkar\DS03__Tharparkar_141.png,tharparkar,DS03,False,True,channel_analysis,6.0
D:\Projects\Federated_Learning\Master-Dataset\master_dataset\tharparkar\DS03__Tharparkar_142.png,tharparkar,DS03,False,True,channel_analysis,4.68
D:\Projects\Federated_Learning\Master-Dataset\master_dataset\tharparkar\DS03__Tharparkar_144.jpg,tharparkar,DS03,False,True,channel_analysis,5.93
D:\Projects\Federated_Learning\Master-Dataset\master_dataset\tharparkar\DS03__Tharparkar_145.png,tharparkar,DS03,False,True,channel_analysis,3.97
D:\Projects\Federated_Learning\Master-Dataset\master_dataset\tharparkar\DS03__Tharparkar_147.jpeg,tharparkar,DS03,False,True,channel_analysis,4.05
D:\Projects\Federated_Learning\Master-Dataset\master_dataset\tharparkar\DS03__Tharparkar_153.jpg,tharparkar,DS03,False,True,channel_analysis,3.93
D:\Projects\Federated_Learning\Master-Dataset\master_dataset\tharparkar\DS03__Tharparkar_156.jpg,tharparkar,DS03,False,True,channel_analysis,7.51
D:\Projects\Federated_Learning\Master-Dataset\master_dataset\tharparkar\DS03__Tharparkar_165.png,tharparkar,DS03,False,True,channel_analysis,2.36
D:\Projects\Federated_Learning\Master-Dataset\master_dataset\tharparkar\DS03__Tharparkar_166.png,tharparkar,DS03,False,True,channel_analysis,4.64
D:\Projects\Federated_Learning\Master-Dataset\master_dataset\tharparkar\DS03__Tharparkar_168.png,tharparkar,DS03,False,True,channel_analysis,5.59
D:\Projects\Federated_Learning\Master-Dataset\master_dataset\tharparkar\DS03__Tharparkar_172.png,tharparkar,DS03,False,True,channel_analysis,4.67
D:\Projects\Federated_Learning\Master-Dataset\master_dataset\tharparkar\DS03__Tharparkar_174.png,tharparkar,DS03,False,True,channel_analysis,3.02
D:\Projects\Federated_Learning\Master-Dataset\master_dataset\tharparkar\DS03__Tharparkar_175.png,tharparkar,DS03,False,True,channel_analysis,3.13
D:\Projects\Federated_Learning\Master-Dataset\master_dataset\tharparkar\DS03__Tharparkar_176.png,tharparkar,DS03,False,True,channel_analysis,3.78
D:\Projects\Federated_Learning\Master-Dataset\master_dataset\tharparkar\DS03__Tharparkar_177.jpg,tharparkar,DS03,False,True,channel_analysis,3.63
D:\Projects\Federated_Learning\Master-Dataset\master_dataset\tharparkar\DS03__Tharparkar_179.png,tharparkar,DS03,False,True,channel_analysis,7.13
D:\Projects\Federated_Learning\Master-Dataset\master_dataset\tharparkar\DS03__Tharparkar_182.jpg,tharparkar,DS03,False,True,channel_analysis,5.94
D:\Projects\Federated_Learning\Master-Dataset\master_dataset\tharparkar\DS03__Tharparkar_188.png,tharparkar,DS03,False,True,channel_analysis,6.46
D:\Projects\Federated_Learning\Master-Dataset\master_dataset\tharparkar\DS03__Tharparkar_19.png,tharparkar,DS03,False,True,channel_analysis,3.04
D:\Projects\Federated_Learning\Master-Dataset\master_dataset\tharparkar\DS03__Tharparkar_203.jpeg,tharparkar,DS03,False,True,channel_analysis,6.71
D:\Projects\Federated_Learning\Master-Dataset\master_dataset\tharparkar\DS03__Tharparkar_207.jpg,tharparkar,DS03,False,True,channel_analysis,5.74
D:\Projects\Federated_Learning\Master-Dataset\master_dataset\tharparkar\DS03__Tharparkar_209.jpg,tharparkar,DS03,False,True,channel_analysis,7.51
D:\Projects\Federated_Learning\Master-Dataset\master_dataset\tharparkar\DS03__Tharparkar_26.png,tharparkar,DS03,False,True,channel_analysis,3.49
D:\Projects\Federated_Learning\Master-Dataset\master_dataset\tharparkar\DS03__Tharparkar_28.png,tharparkar,DS03,False,True,channel_analysis,4.02
D:\Projects\Federated_Learning\Master-Dataset\master_dataset\tharparkar\DS03__Tharparkar_29.jpg,tharparkar,DS03,False,True,channel_analysis,7.02
D:\Projects\Federated_Learning\Master-Dataset\master_dataset\tharparkar\DS03__Tharparkar_32.png,tharparkar,DS03,False,True,channel_analysis,5.0
D:\Projects\Federated_Learning\Master-Dataset\master_dataset\tharparkar\DS03__Tharparkar_35.jpg,tharparkar,DS03,False,True,channel_analysis,7.63
D:\Projects\Federated_Learning\Master-Dataset\master_dataset\tharparkar\DS03__Tharparkar_37.png,tharparkar,DS03,False,True,channel_analysis,7.36
D:\Projects\Federated_Learning\Master-Dataset\master_dataset\tharparkar\DS03__Tharparkar_41.jpg,tharparkar,DS03,False,True,channel_analysis,6.29
D:\Projects\Federated_Learning\Master-Dataset\master_dataset\tharparkar\DS03__Tharparkar_42__aug1_tharparkar_345.jpg,tharparkar,DS03,False,True,channel_analysis,6.86
D:\Projects\Federated_Learning\Master-Dataset\master_dataset\tharparkar\DS03__Tharparkar_45.jpg,tharparkar,DS03,False,True,channel_analysis,7.52
D:\Projects\Federated_Learning\Master-Dataset\master_dataset\tharparkar\DS03__Tharparkar_46.png,tharparkar,DS03,False,True,channel_analysis,4.49
D:\Projects\Federated_Learning\Master-Dataset\master_dataset\tharparkar\DS03__Tharparkar_48.png,tharparkar,DS03,False,True,channel_analysis,3.89
D:\Projects\Federated_Learning\Master-Dataset\master_dataset\tharparkar\DS03__Tharparkar_5.png,tharparkar,DS03,False,True,channel_analysis,4.11
D:\Projects\Federated_Learning\Master-Dataset\master_dataset\tharparkar\DS03__Tharparkar_50__aug1_tharparkar_158.jpg,tharparkar,DS03,False,True,channel_analysis,7.6
D:\Projects\Federated_Learning\Master-Dataset\master_dataset\tharparkar\DS03__Tharparkar_53.jpg,tharparkar,DS03,False,True,channel_analysis,5.84
D:\Projects\Federated_Learning\Master-Dataset\master_dataset\tharparkar\DS03__Tharparkar_54.jpg,tharparkar,DS03,False,True,channel_analysis,6.23
D:\Projects\Federated_Learning\Master-Dataset\master_dataset\tharparkar\DS03__Tharparkar_61.png,tharparkar,DS03,False,True,channel_analysis,5.01
D:\Projects\Federated_Learning\Master-Dataset\master_dataset\tharparkar\DS03__Tharparkar_62.jpeg,tharparkar,DS03,False,True,channel_analysis,5.84
D:\Projects\Federated_Learning\Master-Dataset\master_dataset\tharparkar\DS03__Tharparkar_65.jpg,tharparkar,DS03,False,True,channel_analysis,3.14
D:\Projects\Federated_Learning\Master-Dataset\master_dataset\tharparkar\DS03__Tharparkar_69.jpg,tharparkar,DS03,False,True,channel_analysis,5.09
D:\Projects\Federated_Learning\Master-Dataset\master_dataset\tharparkar\DS03__Tharparkar_7.png,tharparkar,DS03,False,True,channel_analysis,3.64
D:\Projects\Federated_Learning\Master-Dataset\master_dataset\tharparkar\DS03__Tharparkar_72.jpg,tharparkar,DS03,False,True,channel_analysis,1.8
D:\Projects\Federated_Learning\Master-Dataset\master_dataset\tharparkar\DS03__Tharparkar_74.png,tharparkar,DS03,False,True,channel_analysis,5.23
D:\Projects\Federated_Learning\Master-Dataset\master_dataset\tharparkar\DS03__Tharparkar_77.jpg,tharparkar,DS03,False,True,channel_analysis,2.79
D:\Projects\Federated_Learning\Master-Dataset\master_dataset\tharparkar\DS03__Tharparkar_82__aug1_tharparkar_192.jpg,tharparkar,DS03,False,True,channel_analysis,3.37
D:\Projects\Federated_Learning\Master-Dataset\master_dataset\tharparkar\DS03__Tharparkar_83.jpeg,tharparkar,DS03,False,True,channel_analysis,6.16
D:\Projects\Federated_Learning\Master-Dataset\master_dataset\tharparkar\DS03__Tharparkar_93.png,tharparkar,DS03,False,True,channel_analysis,3.02
D:\Projects\Federated_Learning\Master-Dataset\master_dataset\tharparkar\DS03__Tharparkar_9__aug1_tharparkar_200.jpg,tharparkar,DS03,False,True,channel_analysis,7.32
D:\Projects\Federated_Learning\Master-Dataset\master_dataset\tharparkar\DS04__tharparkar_0022__aug1_tharparkar_218.jpg,tharparkar,DS04,False,True,channel_analysis,7.58
D:\Projects\Federated_Learning\Master-Dataset\master_dataset\tharparkar\DS04__tharparkar_0027__aug1_tharparkar_13.jpg,tharparkar,DS04,False,True,channel_analysis,7.95
D:\Projects\Federated_Learning\Master-Dataset\master_dataset\tharparkar\DS04__tharparkar_0035__aug1_tharparkar_21.png,tharparkar,DS04,False,True,channel_analysis,3.84
D:\Projects\Federated_Learning\Master-Dataset\master_dataset\tharparkar\DS04__tharparkar_0038.png,tharparkar,DS04,False,True,channel_analysis,7.09
D:\Projects\Federated_Learning\Master-Dataset\master_dataset\tharparkar\DS04__tharparkar_0044__aug1_tharparkar_29.jpg,tharparkar,DS04,False,True,channel_analysis,7.43
D:\Projects\Federated_Learning\Master-Dataset\master_dataset\tharparkar\DS04__tharparkar_0056__aug1_tharparkar_41.jpg,tharparkar,DS04,False,True,channel_analysis,7.66
D:\Projects\Federated_Learning\Master-Dataset\master_dataset\tharparkar\DS04__tharparkar_0064__aug1_tharparkar_49.jpg,tharparkar,DS04,False,True,channel_analysis,7.67
D:\Projects\Federated_Learning\Master-Dataset\master_dataset\tharparkar\DS04__tharparkar_0065.png,tharparkar,DS04,False,True,channel_analysis,7.08
D:\Projects\Federated_Learning\Master-Dataset\master_dataset\tharparkar\DS04__tharparkar_0067__aug1_tharparkar_51.jpeg,tharparkar,DS04,False,True,channel_analysis,7.78
D:\Projects\Federated_Learning\Master-Dataset\master_dataset\tharparkar\DS04__tharparkar_0074__aug1_tharparkar_58.jpg,tharparkar,DS04,False,True,channel_analysis,6.84
D:\Projects\Federated_Learning\Master-Dataset\master_dataset\tharparkar\DS04__tharparkar_0087__aug1_tharparkar_71.png,tharparkar,DS04,False,True,channel_analysis,4.89
D:\Projects\Federated_Learning\Master-Dataset\master_dataset\tharparkar\DS04__tharparkar_0097__aug1_tharparkar_80.png,tharparkar,DS04,False,True,channel_analysis,5.83
D:\Projects\Federated_Learning\Master-Dataset\master_dataset\tharparkar\DS04__tharparkar_0098__aug1_tharparkar_81.png,tharparkar,DS04,False,True,channel_analysis,5.12
D:\Projects\Federated_Learning\Master-Dataset\master_dataset\tharparkar\DS04__tharparkar_0099__aug1_tharparkar_82.png,tharparkar,DS04,False,True,channel_analysis,7.8
D:\Projects\Federated_Learning\Master-Dataset\master_dataset\tharparkar\DS04__tharparkar_0100__aug1_tharparkar_83.jpg,tharparkar,DS04,False,True,channel_analysis,5.84
D:\Projects\Federated_Learning\Master-Dataset\master_dataset\tharparkar\DS04__tharparkar_0114__aug1_tharparkar_97.png,tharparkar,DS04,False,True,channel_analysis,4.54
D:\Projects\Federated_Learning\Master-Dataset\master_dataset\tharparkar\DS04__tharparkar_0150__aug1_tharparkar_133.png,tharparkar,DS04,False,True,channel_analysis,6.03
D:\Projects\Federated_Learning\Master-Dataset\master_dataset\tharparkar\DS04__tharparkar_0167__aug2_tharparkar_150.jpg,tharparkar,DS04,False,True,channel_analysis,7.26
D:\Projects\Federated_Learning\Master-Dataset\master_dataset\tharparkar\DS04__tharparkar_0168__aug3_tharparkar_150.jpg,tharparkar,DS04,False,True,channel_analysis,7.83
D:\Projects\Federated_Learning\Master-Dataset\master_dataset\tharparkar\DS04__tharparkar_0172__aug1_tharparkar_153.png,tharparkar,DS04,False,True,channel_analysis,7.21
D:\Projects\Federated_Learning\Master-Dataset\master_dataset\tharparkar\DS04__tharparkar_0174__aug1_tharparkar_155.png,tharparkar,DS04,False,True,channel_analysis,6.71
D:\Projects\Federated_Learning\Master-Dataset\master_dataset\tharparkar\DS04__tharparkar_0176__aug1_tharparkar_157.png,tharparkar,DS04,False,True,channel_analysis,7.96
D:\Projects\Federated_Learning\Master-Dataset\master_dataset\tharparkar\DS04__tharparkar_0193.jpg,tharparkar,DS04,False,True,channel_analysis,4.0
D:\Projects\Federated_Learning\Master-Dataset\master_dataset\tharparkar\DS04__tharparkar_0198__aug1_tharparkar_178.png,tharparkar,DS04,False,True,channel_analysis,7.36
D:\Projects\Federated_Learning\Master-Dataset\master_dataset\tharparkar\DS04__tharparkar_0201.jpg,tharparkar,DS04,False,True,channel_analysis,2.34
D:\Projects\Federated_Learning\Master-Dataset\master_dataset\tharparkar\DS04__tharparkar_0206__aug1_tharparkar_186.jpg,tharparkar,DS04,False,True,channel_analysis,4.96
D:\Projects\Federated_Learning\Master-Dataset\master_dataset\tharparkar\DS04__tharparkar_0212__aug2_tharparkar_192.jpg,tharparkar,DS04,False,True,channel_analysis,3.4
D:\Projects\Federated_Learning\Master-Dataset\master_dataset\tharparkar\DS04__tharparkar_0220__aug2_tharparkar_200.jpg,tharparkar,DS04,False,True,channel_analysis,6.51
D:\Projects\Federated_Learning\Master-Dataset\master_dataset\tharparkar\DS04__tharparkar_0224__aug1_tharparkar_204.png,tharparkar,DS04,False,True,channel_analysis,5.38
D:\Projects\Federated_Learning\Master-Dataset\master_dataset\tharparkar\DS05__1-1-_rot15_b0_8_jpg.rf.52a8c345e8933f64cd802cdb640800e5.jpg,tharparkar,DS05,False,True,channel_analysis,6.7
D:\Projects\Federated_Learning\Master-Dataset\master_dataset\tharparkar\DS05__1-1-_rot30_b0_8_jpg.rf.835b960413b17097e35fcba13b403e3a.jpg,tharparkar,DS05,False,True,channel_analysis,5.23
D:\Projects\Federated_Learning\Master-Dataset\master_dataset\tharparkar\DS05__16732405203091_rot15_b0_8_png.rf.ecf626b6bfe64880dfd04d8591ffb66b.jpg,tharparkar,DS05,False,True,channel_analysis,4.8
D:\Projects\Federated_Learning\Master-Dataset\master_dataset\tharparkar\DS05__16732405203091_rot15_b1_0_png.rf.0faf31cab73fc182da7b2b2acb14654d__aug1_tharparkar_415.jpg,tharparkar,DS05,False,True,channel_analysis,7.09
D:\Projects\Federated_Learning\Master-Dataset\master_dataset\tharparkar\DS05__16732405203091_rot30_b0_8_png.rf.247763ec3e88e5bfe6df5c9fb2d46d1c.jpg,tharparkar,DS05,False,True,channel_analysis,3.86
D:\Projects\Federated_Learning\Master-Dataset\master_dataset\tharparkar\DS05__16732405203091_rot30_b1_0_png.rf.f14097f64cbf776de8595aad4b6e4753__aug1_tharparkar_416.jpg,tharparkar,DS05,False,True,channel_analysis,5.63
D:\Projects\Federated_Learning\Master-Dataset\master_dataset\tharparkar\DS05__1_rot30_b0_8_jpg.rf.5a5fc913b0430616191a28508fd1cc77.jpg,tharparkar,DS05,False,True,channel_analysis,6.49
D:\Projects\Federated_Learning\Master-Dataset\master_dataset\tharparkar\DS05__360_F_156118328_C2nfBnzEeCDAiwpPs6SQAkP6GSDtmsXo_rot30_b0_8_jpg.rf.318cde182279a5dd0e7941732a65105f.jpg,tharparkar,DS05,False,True,channel_analysis,7.64
D:\Projects\Federated_Learning\Master-Dataset\master_dataset\tharparkar\DS05__download-1-_jpeg.rf.c2489c188c5917f828398f0238c73697.jpg,tharparkar,DS05,False,True,channel_analysis,7.66
D:\Projects\Federated_Learning\Master-Dataset\master_dataset\tharparkar\DS05__download-1-_rot0_b0_8_jpeg.rf.c8d4d8cc2789199de566d048e0a6b69d__aug3_tharparkar_161.jpg,tharparkar,DS05,False,True,channel_analysis,7.16
D:\Projects\Federated_Learning\Master-Dataset\master_dataset\tharparkar\DS05__download-1-_rot0_b1_0_jpeg.rf.9db14bb029110582a1c21a3f9b6f6b3c__aug4_tharparkar_161.jpg,tharparkar,DS05,False,True,channel_analysis,7.38
D:\Projects\Federated_Learning\Master-Dataset\master_dataset\tharparkar\DS05__download-1-_rot15_b0_8_jpeg.rf.b4dc6acb4bf1259d4a1cbb07a21632f5.jpg,tharparkar,DS05,False,True,channel_analysis,4.02
D:\Projects\Federated_Learning\Master-Dataset\master_dataset\tharparkar\DS05__download-1-_rot15_b1_0_jpeg.rf.97930954c087c749add028a2d2174fb3__aug1_tharparkar_436.jpg,tharparkar,DS05,False,True,channel_analysis,5.0
D:\Projects\Federated_Learning\Master-Dataset\master_dataset\tharparkar\DS05__download-1-_rot30_b0_8_jpeg.rf.fa0791eeab3bd159f5c44de4d02c12f2.jpg,tharparkar,DS05,False,True,channel_analysis,3.18
D:\Projects\Federated_Learning\Master-Dataset\master_dataset\tharparkar\DS05__download-1-_rot30_b1_0_jpeg.rf.fdabb8813baba03da1590ab7619b7102__aug1_tharparkar_437.jpg,tharparkar,DS05,False,True,channel_analysis,4.82
D:\Projects\Federated_Learning\Master-Dataset\master_dataset\tharparkar\DS05__download-2-_rot0_b1_0_jpeg.rf.8b9d3c4cbb0c56297324ea0c44ab99f0__aug4_tharparkar_28.jpg,tharparkar,DS05,False,True,channel_analysis,5.45
D:\Projects\Federated_Learning\Master-Dataset\master_dataset\tharparkar\DS05__download-2-_rot15_b0_8_jpeg.rf.db820c9157ee10978d4aa6afcc361918.jpg,tharparkar,DS05,False,True,channel_analysis,5.44
D:\Projects\Federated_Learning\Master-Dataset\master_dataset\tharparkar\DS05__download-2-_rot15_b1_0_jpeg.rf.ca2c7982106a8960016b00f39e9636e2__aug1_tharparkar_438.jpg,tharparkar,DS05,False,True,channel_analysis,7.2
D:\Projects\Federated_Learning\Master-Dataset\master_dataset\tharparkar\DS05__download-2-_rot30_b0_8_jpeg.rf.6732c5ead253162debef03d7bdca59c4.jpg,tharparkar,DS05,False,True,channel_analysis,4.32
D:\Projects\Federated_Learning\Master-Dataset\master_dataset\tharparkar\DS05__download-2-_rot30_b1_0_jpeg.rf.2b61069d243d487f3dfdc0c574026c76__aug1_tharparkar_439.jpg,tharparkar,DS05,False,True,channel_analysis,3.21
D:\Projects\Federated_Learning\Master-Dataset\master_dataset\tharparkar\DS05__fighting-bulls-wallpaper-2560x1600_7_rot30_b0_8_jpg.rf.f8cd6a577387a6d6a90789cf948aa67c.jpg,tharparkar,DS05,False,True,channel_analysis,6.85
D:\Projects\Federated_Learning\Master-Dataset\master_dataset\tharparkar\DS05__hqdefault_rot15_b0_8_jpg.rf.0f60a25c643fd2c7e1326f6f393a78c1.jpg,tharparkar,DS05,False,True,channel_analysis,7.42
D:\Projects\Federated_Learning\Master-Dataset\master_dataset\tharparkar\DS05__hqdefault_rot30_b0_8_jpg.rf.457f85dc1b617c46de8c77773f050b3d.jpg,tharparkar,DS05,False,True,channel_analysis,5.93
D:\Projects\Federated_Learning\Master-Dataset\master_dataset\tharparkar\DS05__images-1-_rot15_b0_8_jpeg.rf.2eee314c32906a69e778d17d1c816c6d.jpg,tharparkar,DS05,False,True,channel_analysis,7.95
D:\Projects\Federated_Learning\Master-Dataset\master_dataset\tharparkar\DS05__images-1-_rot30_b0_8_jpeg.rf.9d83be886ac01485addba7e90dc7a674.jpg,tharparkar,DS05,False,True,channel_analysis,6.43
D:\Projects\Federated_Learning\Master-Dataset\master_dataset\tharparkar\DS05__images-2-_rot15_b0_8_jpeg.rf.51e11fb4c459abd24455bede3fc2695d.jpg,tharparkar,DS05,False,True,channel_analysis,5.58
D:\Projects\Federated_Learning\Master-Dataset\master_dataset\tharparkar\DS05__images-2-_rot15_b1_0_jpeg.rf.9c7566c64d9f0d1d8ec1e5fa2a0b76b5__aug1_tharparkar_456.jpg,tharparkar,DS05,False,True,channel_analysis,7.2
D:\Projects\Federated_Learning\Master-Dataset\master_dataset\tharparkar\DS05__images-2-_rot30_b0_8_jpeg.rf.cc46434979658e9709f8c99726fab2a2.jpg,tharparkar,DS05,False,True,channel_analysis,4.38
D:\Projects\Federated_Learning\Master-Dataset\master_dataset\tharparkar\DS05__images-2-_rot30_b1_0_jpeg.rf.96846cb9b7cd901037319c0637981a0e__aug1_tharparkar_457.jpg,tharparkar,DS05,False,True,channel_analysis,6.04
D:\Projects\Federated_Learning\Master-Dataset\master_dataset\tharparkar\DS05__images_rot15_b0_8_jpeg.rf.60e3b609da0886d3ecc9b20c1fdec9db.jpg,tharparkar,DS05,False,True,channel_analysis,6.43
D:\Projects\Federated_Learning\Master-Dataset\master_dataset\tharparkar\DS05__images_rot30_b0_8_jpeg.rf.4a786300bc5241def1f478270ac56d5d.jpg,tharparkar,DS05,False,True,channel_analysis,5.13
D:\Projects\Federated_Learning\Master-Dataset\master_dataset\tharparkar\DS05__images_rot30_b1_0_jpeg.rf.8b4f0d419c7ec5df448bd039499ba74c__aug1_tharparkar_462.jpg,tharparkar,DS05,False,True,channel_analysis,6.57
D:\Projects\Federated_Learning\Master-Dataset\master_dataset\tharparkar\DS05__sddefault_rot15_b0_8_jpg.rf.8de7c42a65745f690e6224e7855006bd.jpg,tharparkar,DS05,False,True,channel_analysis,5.14
D:\Projects\Federated_Learning\Master-Dataset\master_dataset\tharparkar\DS05__sddefault_rot30_b0_8_jpg.rf.612f7a945d959fb68c205b4754032dd3.jpg,tharparkar,DS05,False,True,channel_analysis,4.11
D:\Projects\Federated_Learning\Master-Dataset\master_dataset\tharparkar\DS05__sddefault_rot30_b1_0_jpg.rf.8bd658e9708edf7972fedb66976925bb__aug1_tharparkar_466.jpg,tharparkar,DS05,False,True,channel_analysis,6.72
D:\Projects\Federated_Learning\Master-Dataset\master_dataset\tharparkar\DS05__tharparkar-1_rot15_b0_8_jpg.rf.797bb0f0b2c70b728d7361b3ae274dc5.jpg,tharparkar,DS05,False,True,channel_analysis,7.26
D:\Projects\Federated_Learning\Master-Dataset\master_dataset\tharparkar\DS05__tharparkar-1_rot30_b0_8_jpg.rf.d59e07fc66ad17a99230baf32842631d.jpg,tharparkar,DS05,False,True,channel_analysis,5.79
D:\Projects\Federated_Learning\Master-Dataset\master_dataset\tharparkar\DS05__tharparkar-1_rot30_b1_0_jpg.rf.7f5ef3545cf50034a6fb2ba67fd909a7__aug1_tharparkar_471.jpg,tharparkar,DS05,False,True,channel_analysis,7.96
D:\Projects\Federated_Learning\Master-Dataset\master_dataset\tharparkar\DS05__tharparkar-breed-cow_rot15_b0_8_jpg.rf.6720502185d2c27ed59368c9f8ff4532.jpg,tharparkar,DS05,False,True,channel_analysis,5.65
D:\Projects\Federated_Learning\Master-Dataset\master_dataset\tharparkar\DS05__tharparkar-breed-cow_rot15_b1_0_jpg.rf.6dd5adad100dc4f69def546e74a4e097__aug1_tharparkar_473.jpg,tharparkar,DS05,False,True,channel_analysis,7.65
D:\Projects\Federated_Learning\Master-Dataset\master_dataset\tharparkar\DS05__tharparkar-breed-cow_rot30_b0_8_jpg.rf.6e3516bfaacd72f9de4694546163ec22.jpg,tharparkar,DS05,False,True,channel_analysis,4.53
D:\Projects\Federated_Learning\Master-Dataset\master_dataset\tharparkar\DS05__tharparkar-breed-cow_rot30_b1_0_jpg.rf.2fd3e7c60cd2215b4b3ff0c749f4e622__aug1_tharparkar_474.jpg,tharparkar,DS05,False,True,channel_analysis,7.01
D:\Projects\Federated_Learning\Master-Dataset\master_dataset\tharparkar\DS05__Tharparkar-Bull_rot15_b0_8_jpg.rf.b703643989d60ab05ce4031ae447d993.jpg,tharparkar,DS05,False,True,channel_analysis,7.48
D:\Projects\Federated_Learning\Master-Dataset\master_dataset\tharparkar\DS05__Tharparkar-Bull_rot30_b0_8_jpg.rf.148e01447c469ce657a8b85c4cdea61f.jpg,tharparkar,DS05,False,True,channel_analysis,6.01
D:\Projects\Federated_Learning\Master-Dataset\master_dataset\tharparkar\DS05__Tharparkar-Cattle-Kisan-India-1_jpg.rf.a3c5b3a87a22ee46776eadc8106d8f4d.jpg,tharparkar,DS05,False,True,channel_analysis,7.08
D:\Projects\Federated_Learning\Master-Dataset\master_dataset\tharparkar\DS05__Tharparkar-Cattle-Kisan-India-1_rot0_b0_8_jpg.rf.3d927719cfb404807d1514a82958351d__aug1_tharparkar_478.jpg,tharparkar,DS05,False,True,channel_analysis,5.01
D:\Projects\Federated_Learning\Master-Dataset\master_dataset\tharparkar\DS05__Tharparkar-Cattle-Kisan-India-1_rot0_b1_0_jpg.rf.270ed957b0840dfa474378af77307fce__aug2_tharparkar_478.jpg,tharparkar,DS05,False,True,channel_analysis,6.78
D:\Projects\Federated_Learning\Master-Dataset\master_dataset\tharparkar\DS05__Tharparkar-Cattle-Kisan-India-1_rot15_b0_8_jpg.rf.5cfec71a4d5c5eaa87f88d7602822b46.jpg,tharparkar,DS05,False,True,channel_analysis,3.54
D:\Projects\Federated_Learning\Master-Dataset\master_dataset\tharparkar\DS05__Tharparkar-Cattle-Kisan-India-1_rot30_b0_8_jpg.rf.e132c31e6f7a5d5d8c1718f39fe99c64.jpg,tharparkar,DS05,False,True,channel_analysis,2.8
D:\Projects\Federated_Learning\Master-Dataset\master_dataset\tharparkar\DS05__Tharparkar-Cattle-Kisan-India-1_rot30_b1_0_jpg.rf.9a8decf69362cc4d6eea7b4440a58196__aug1_tharparkar_480.jpg,tharparkar,DS05,False,True,channel_analysis,4.17
D:\Projects\Federated_Learning\Master-Dataset\master_dataset\tharparkar\DS05__Tharparkar-Gay-Ki-Khasiyat-Kisan-India_rot15_b0_8_jpg.rf.825dbef793c7d9c04520257397294a11.jpg,tharparkar,DS05,False,True,channel_analysis,5.42
D:\Projects\Federated_Learning\Master-Dataset\master_dataset\tharparkar\DS05__Tharparkar-Gay-Ki-Khasiyat-Kisan-India_rot30_b0_8_jpg.rf.ea82ac85d081bfcf6440fc2d878ea632.jpg,tharparkar,DS05,False,True,channel_analysis,4.25
D:\Projects\Federated_Learning\Master-Dataset\master_dataset\tharparkar\DS05__Tharparkar-Gay-Ki-Khasiyat-Kisan-India_rot30_b1_0_jpg.rf.962dcfb459e4781a7494e511238ad415__aug1_tharparkar_486.jpg,tharparkar,DS05,False,True,channel_analysis,7.28
D:\Projects\Federated_Learning\Master-Dataset\master_dataset\tharparkar\DS05__tharparker-1_rot0_b0_8_jpg.rf.07739f3499d1d56c64ef5c3dcd05cabb__aug1_tharparkar_492.jpg,tharparkar,DS05,False,True,channel_analysis,7.87
D:\Projects\Federated_Learning\Master-Dataset\master_dataset\tharparkar\DS05__tharparker-1_rot15_b0_8_jpg.rf.aece9d2d1dba4db492095e3ed0a2f8a0.jpg,tharparkar,DS05,False,True,channel_analysis,6.94
D:\Projects\Federated_Learning\Master-Dataset\master_dataset\tharparkar\DS05__tharparker-1_rot30_b0_8_jpg.rf.a4ff22f70254e9f67a8090383b008dd4.jpg,tharparkar,DS05,False,True,channel_analysis,5.53
D:\Projects\Federated_Learning\Master-Dataset\master_dataset\tharparkar\DS05__tharparker-1_rot30_b1_0_jpg.rf.3f01395b06c7c15e493d8fc48fe5d981__aug1_tharparkar_494.jpg,tharparkar,DS05,False,True,channel_analysis,7.73
D:\Projects\Federated_Learning\Master-Dataset\master_dataset\tharparkar\DS06__Tharparkar_118__aug2_tharparkar_21.png,tharparkar,DS06,False,True,channel_analysis,4.48
D:\Projects\Federated_Learning\Master-Dataset\master_dataset\tharparkar\DS06__Tharparkar_120__aug1_tharparkar_400.png,tharparkar,DS06,False,True,channel_analysis,5.85
D:\Projects\Federated_Learning\Master-Dataset\master_dataset\tharparkar\DS06__Tharparkar_142__aug2_tharparkar_47.png,tharparkar,DS06,False,True,channel_analysis,7.13
D:\Projects\Federated_Learning\Master-Dataset\master_dataset\tharparkar\DS06__Tharparkar_144__aug2_tharparkar_49.jpg,tharparkar,DS06,False,True,channel_analysis,7.93
D:\Projects\Federated_Learning\Master-Dataset\master_dataset\tharparkar\DS06__Tharparkar_145__aug1_tharparkar_401.png,tharparkar,DS06,False,True,channel_analysis,7.24
D:\Projects\Federated_Learning\Master-Dataset\master_dataset\tharparkar\DS06__Tharparkar_153__aug2_tharparkar_58.jpg,tharparkar,DS06,False,True,channel_analysis,6.19
D:\Projects\Federated_Learning\Master-Dataset\master_dataset\tharparkar\DS06__Tharparkar_165__aug2_tharparkar_71.png,tharparkar,DS06,False,True,channel_analysis,5.1
D:\Projects\Federated_Learning\Master-Dataset\master_dataset\tharparkar\DS06__Tharparkar_166__aug2_tharparkar_72.png,tharparkar,DS06,False,True,channel_analysis,6.68
D:\Projects\Federated_Learning\Master-Dataset\master_dataset\tharparkar\DS06__Tharparkar_172__aug1_tharparkar_402.png,tharparkar,DS06,False,True,channel_analysis,7.48
D:\Projects\Federated_Learning\Master-Dataset\master_dataset\tharparkar\DS06__Tharparkar_174__aug2_tharparkar_80.png,tharparkar,DS06,False,True,channel_analysis,4.73
D:\Projects\Federated_Learning\Master-Dataset\master_dataset\tharparkar\DS06__Tharparkar_176__aug2_tharparkar_82.png,tharparkar,DS06,False,True,channel_analysis,6.61
D:\Projects\Federated_Learning\Master-Dataset\master_dataset\tharparkar\DS06__Tharparkar_177__aug2_tharparkar_83.jpg,tharparkar,DS06,False,True,channel_analysis,5.87
D:\Projects\Federated_Learning\Master-Dataset\master_dataset\tharparkar\DS06__Tharparkar_19__aug2_tharparkar_97.png,tharparkar,DS06,False,True,channel_analysis,4.3
D:\Projects\Federated_Learning\Master-Dataset\master_dataset\tharparkar\DS06__Tharparkar_207__aug2_tharparkar_117.jpg,tharparkar,DS06,False,True,channel_analysis,7.63
D:\Projects\Federated_Learning\Master-Dataset\master_dataset\tharparkar\DS06__Tharparkar_26__aug2_tharparkar_133.png,tharparkar,DS06,False,True,channel_analysis,5.99
D:\Projects\Federated_Learning\Master-Dataset\master_dataset\tharparkar\DS06__Tharparkar_30__aug2_tharparkar_138.jpg,tharparkar,DS06,False,True,channel_analysis,6.9
D:\Projects\Federated_Learning\Master-Dataset\master_dataset\tharparkar\DS06__Tharparkar_46__aug2_tharparkar_153.png,tharparkar,DS06,False,True,channel_analysis,6.37
D:\Projects\Federated_Learning\Master-Dataset\master_dataset\tharparkar\DS06__Tharparkar_48__aug2_tharparkar_155.png,tharparkar,DS06,False,True,channel_analysis,4.73
D:\Projects\Federated_Learning\Master-Dataset\master_dataset\tharparkar\DS06__Tharparkar_5__aug2_tharparkar_157.png,tharparkar,DS06,False,True,channel_analysis,7.36
D:\Projects\Federated_Learning\Master-Dataset\master_dataset\tharparkar\DS06__Tharparkar_61__aug2_tharparkar_169.png,tharparkar,DS06,False,True,channel_analysis,7.58
D:\Projects\Federated_Learning\Master-Dataset\master_dataset\tharparkar\DS06__Tharparkar_65__aug1_tharparkar_404.jpg,tharparkar,DS06,False,True,channel_analysis,4.82
D:\Projects\Federated_Learning\Master-Dataset\master_dataset\tharparkar\DS06__Tharparkar_74__aug2_tharparkar_183.png,tharparkar,DS06,False,True,channel_analysis,7.84
D:\Projects\Federated_Learning\Master-Dataset\master_dataset\tharparkar\DS06__Tharparkar_77__aug2_tharparkar_186.jpg,tharparkar,DS06,False,True,channel_analysis,4.6
D:\Projects\Federated_Learning\Master-Dataset\master_dataset\tharparkar\DS06__Tharparkar_7__aug2_tharparkar_178.png,tharparkar,DS06,False,True,channel_analysis,5.54
D:\Projects\Federated_Learning\Master-Dataset\master_dataset\tharparkar\DS06__Tharparkar_93__aug2_tharparkar_204.png,tharparkar,DS06,False,True,channel_analysis,5.3
D:\Projects\Federated_Learning\Master-Dataset\master_dataset\tharparkar\DS10__Tharparkar_118__aug3_tharparkar_21.png,tharparkar,DS10,False,True,channel_analysis,5.45
D:\Projects\Federated_Learning\Master-Dataset\master_dataset\tharparkar\DS10__Tharparkar_126__aug2_tharparkar_29.jpg,tharparkar,DS10,False,True,channel_analysis,7.45
D:\Projects\Federated_Learning\Master-Dataset\master_dataset\tharparkar\DS10__Tharparkar_137__aug2_tharparkar_41.jpg,tharparkar,DS10,False,True,channel_analysis,7.49
D:\Projects\Federated_Learning\Master-Dataset\master_dataset\tharparkar\DS10__Tharparkar_141__aug2_tharparkar_46.png,tharparkar,DS10,False,True,channel_analysis,7.3
D:\Projects\Federated_Learning\Master-Dataset\master_dataset\tharparkar\DS10__Tharparkar_145__aug2_tharparkar_401.png,tharparkar,DS10,False,True,channel_analysis,7.36
D:\Projects\Federated_Learning\Master-Dataset\master_dataset\tharparkar\DS10__Tharparkar_147__aug2_tharparkar_51.jpeg,tharparkar,DS10,False,True,channel_analysis,7.72
D:\Projects\Federated_Learning\Master-Dataset\master_dataset\tharparkar\DS10__Tharparkar_153__aug3_tharparkar_58.jpg,tharparkar,DS10,False,True,channel_analysis,6.73
D:\Projects\Federated_Learning\Master-Dataset\master_dataset\tharparkar\DS10__Tharparkar_165__aug3_tharparkar_71.png,tharparkar,DS10,False,True,channel_analysis,4.44
D:\Projects\Federated_Learning\Master-Dataset\master_dataset\tharparkar\DS10__Tharparkar_174__aug3_tharparkar_80.png,tharparkar,DS10,False,True,channel_analysis,4.96
D:\Projects\Federated_Learning\Master-Dataset\master_dataset\tharparkar\DS10__Tharparkar_175__aug2_tharparkar_81.png,tharparkar,DS10,False,True,channel_analysis,5.32
D:\Projects\Federated_Learning\Master-Dataset\master_dataset\tharparkar\DS10__Tharparkar_176__aug3_tharparkar_82.png,tharparkar,DS10,False,True,channel_analysis,6.98
D:\Projects\Federated_Learning\Master-Dataset\master_dataset\tharparkar\DS10__Tharparkar_177__aug3_tharparkar_83.jpg,tharparkar,DS10,False,True,channel_analysis,6.89
D:\Projects\Federated_Learning\Master-Dataset\master_dataset\tharparkar\DS10__Tharparkar_19__aug3_tharparkar_97.png,tharparkar,DS10,False,True,channel_analysis,4.59
D:\Projects\Federated_Learning\Master-Dataset\master_dataset\tharparkar\DS10__Tharparkar_200__aug5_tharparkar_110.jpg,tharparkar,DS10,False,True,channel_analysis,7.72
D:\Projects\Federated_Learning\Master-Dataset\master_dataset\tharparkar\DS10__Tharparkar_207__aug3_tharparkar_117.jpg,tharparkar,DS10,False,True,channel_analysis,7.1
D:\Projects\Federated_Learning\Master-Dataset\master_dataset\tharparkar\DS10__Tharparkar_26__aug3_tharparkar_133.png,tharparkar,DS10,False,True,channel_analysis,5.79
D:\Projects\Federated_Learning\Master-Dataset\master_dataset\tharparkar\DS10__Tharparkar_30__aug3_tharparkar_138.jpg,tharparkar,DS10,False,True,channel_analysis,7.26
D:\Projects\Federated_Learning\Master-Dataset\master_dataset\tharparkar\DS10__Tharparkar_46__aug3_tharparkar_153.png,tharparkar,DS10,False,True,channel_analysis,6.75
D:\Projects\Federated_Learning\Master-Dataset\master_dataset\tharparkar\DS10__Tharparkar_48__aug3_tharparkar_155.png,tharparkar,DS10,False,True,channel_analysis,5.87
D:\Projects\Federated_Learning\Master-Dataset\master_dataset\tharparkar\DS10__Tharparkar_5__aug3_tharparkar_157.png,tharparkar,DS10,False,True,channel_analysis,6.62
D:\Projects\Federated_Learning\Master-Dataset\master_dataset\tharparkar\DS10__Tharparkar_65__aug2_tharparkar_404.jpg,tharparkar,DS10,False,True,channel_analysis,4.16
D:\Projects\Federated_Learning\Master-Dataset\master_dataset\tharparkar\DS10__Tharparkar_72__aug1_tharparkar_405.jpg,tharparkar,DS10,False,True,channel_analysis,3.2
D:\Projects\Federated_Learning\Master-Dataset\master_dataset\tharparkar\DS10__Tharparkar_77__aug3_tharparkar_186.jpg,tharparkar,DS10,False,True,channel_analysis,4.66
D:\Projects\Federated_Learning\Master-Dataset\master_dataset\tharparkar\DS10__Tharparkar_7__aug3_tharparkar_178.png,tharparkar,DS10,False,True,channel_analysis,5.54
D:\Projects\Federated_Learning\Master-Dataset\master_dataset\tharparkar\DS10__Tharparkar_82__aug3_tharparkar_192.jpg,tharparkar,DS10,False,True,channel_analysis,2.09
D:\Projects\Federated_Learning\Master-Dataset\master_dataset\tharparkar\DS10__Tharparkar_93__aug3_tharparkar_204.png,tharparkar,DS10,False,True,channel_analysis,6.05
D:\Projects\Federated_Learning\Master-Dataset\master_dataset\tharparkar\DS10__Tharparkar_9__aug3_tharparkar_200.jpg,tharparkar,DS10,False,True,channel_analysis,6.61
D:\Projects\Federated_Learning\Master-Dataset\master_dataset\tharparkar\DS11__Tharparkar_009__aug4_tharparkar_218.jpg,tharparkar,DS11,False,True,channel_analysis,7.3
D:\Projects\Federated_Learning\Master-Dataset\master_dataset\tharparkar\DS11__Tharparkar_011.jpg,tharparkar,DS11,False,True,channel_analysis,6.77
D:\Projects\Federated_Learning\Master-Dataset\master_dataset\tharparkar\DS11__Tharparkar_014__aug1_tharparkar_222.jpg,tharparkar,DS11,False,True,channel_analysis,6.42
D:\Projects\Federated_Learning\Master-Dataset\master_dataset\tharparkar\DS11__Tharparkar_021__aug1_tharparkar_229.jpg,tharparkar,DS11,False,True,channel_analysis,7.72
D:\Projects\Federated_Learning\Master-Dataset\master_dataset\tharparkar\DS11__Tharparkar_022.jpg,tharparkar,DS11,False,True,channel_analysis,3.16
D:\Projects\Federated_Learning\Master-Dataset\master_dataset\tharparkar\DS11__Tharparkar_025__aug1_tharparkar_233.jpg,tharparkar,DS11,False,True,channel_analysis,3.39
D:\Projects\Federated_Learning\Master-Dataset\master_dataset\tharparkar\DS11__Tharparkar_031__aug1_tharparkar_237.jpg,tharparkar,DS11,False,True,channel_analysis,5.0
D:\Projects\Federated_Learning\Master-Dataset\master_dataset\tharparkar\DS11__Tharparkar_038.jpg,tharparkar,DS11,False,True,channel_analysis,6.65
D:\Projects\Federated_Learning\Master-Dataset\master_dataset\tharparkar\DS11__Tharparkar_043__aug1_tharparkar_249.jpg,tharparkar,DS11,False,True,channel_analysis,4.99
D:\Projects\Federated_Learning\Master-Dataset\master_dataset\tharparkar\DS11__Tharparkar_045__aug1_tharparkar_251.jpg,tharparkar,DS11,False,True,channel_analysis,7.89
D:\Projects\Federated_Learning\Master-Dataset\master_dataset\tharparkar\DS11__Tharparkar_048__aug1_tharparkar_253.jpg,tharparkar,DS11,False,True,channel_analysis,5.55
D:\Projects\Federated_Learning\Master-Dataset\master_dataset\tharparkar\DS11__Tharparkar_049__aug1_tharparkar_254.jpg,tharparkar,DS11,False,True,channel_analysis,5.26
D:\Projects\Federated_Learning\Master-Dataset\master_dataset\tharparkar\DS11__Tharparkar_051.jpg,tharparkar,DS11,False,True,channel_analysis,5.9
D:\Projects\Federated_Learning\Master-Dataset\master_dataset\tharparkar\DS11__Tharparkar_052__aug1_tharparkar_257.jpg,tharparkar,DS11,False,True,channel_analysis,5.05
D:\Projects\Federated_Learning\Master-Dataset\master_dataset\tharparkar\DS11__Tharparkar_054__aug1_tharparkar_259.jpg,tharparkar,DS11,False,True,channel_analysis,3.99
D:\Projects\Federated_Learning\Master-Dataset\master_dataset\tharparkar\DS11__Tharparkar_061.jpg,tharparkar,DS11,False,True,channel_analysis,3.94
D:\Projects\Federated_Learning\Master-Dataset\master_dataset\tharparkar\DS11__Tharparkar_074__aug1_tharparkar_277.jpg,tharparkar,DS11,False,True,channel_analysis,2.55
D:\Projects\Federated_Learning\Master-Dataset\master_dataset\tharparkar\DS11__Tharparkar_075__aug1_tharparkar_278.jpg,tharparkar,DS11,False,True,channel_analysis,4.94
D:\Projects\Federated_Learning\Master-Dataset\master_dataset\tharparkar\DS11__Tharparkar_077__aug1_tharparkar_280.jpg,tharparkar,DS11,False,True,channel_analysis,6.0
D:\Projects\Federated_Learning\Master-Dataset\master_dataset\tharparkar\DS11__Tharparkar_082__aug1_tharparkar_285.jpg,tharparkar,DS11,False,True,channel_analysis,5.17
D:\Projects\Federated_Learning\Master-Dataset\master_dataset\tharparkar\DS11__Tharparkar_084__aug1_tharparkar_287.jpg,tharparkar,DS11,False,True,channel_analysis,3.18
D:\Projects\Federated_Learning\Master-Dataset\master_dataset\tharparkar\DS11__Tharparkar_085__aug1_tharparkar_288.jpg,tharparkar,DS11,False,True,channel_analysis,3.52
D:\Projects\Federated_Learning\Master-Dataset\master_dataset\tharparkar\DS11__Tharparkar_086__aug1_tharparkar_289.jpg,tharparkar,DS11,False,True,channel_analysis,4.74
D:\Projects\Federated_Learning\Master-Dataset\master_dataset\tharparkar\DS11__Tharparkar_087.jpg,tharparkar,DS11,False,True,channel_analysis,3.66
D:\Projects\Federated_Learning\Master-Dataset\master_dataset\tharparkar\DS11__Tharparkar_093.jpg,tharparkar,DS11,False,True,channel_analysis,6.12
D:\Projects\Federated_Learning\Master-Dataset\master_dataset\tharparkar\DS11__Tharparkar_099.jpg,tharparkar,DS11,False,True,channel_analysis,6.45
D:\Projects\Federated_Learning\Master-Dataset\master_dataset\tharparkar\DS11__Tharparkar_101__aug1_tharparkar_303.jpg,tharparkar,DS11,False,True,channel_analysis,3.14
D:\Projects\Federated_Learning\Master-Dataset\master_dataset\tharparkar\DS11__Tharparkar_121.jpg,tharparkar,DS11,False,True,channel_analysis,5.91
D:\Projects\Federated_Learning\Master-Dataset\master_dataset\tharparkar\DS11__Tharparkar_137__aug1_tharparkar_329.jpg,tharparkar,DS11,False,True,channel_analysis,4.06
D:\Projects\Federated_Learning\Master-Dataset\master_dataset\tharparkar\DS11__Tharparkar_139__aug1_tharparkar_331.jpg,tharparkar,DS11,False,True,channel_analysis,4.86
D:\Projects\Federated_Learning\Master-Dataset\master_dataset\tharparkar\DS11__Tharparkar_142__aug5_tharparkar_218.jpg,tharparkar,DS11,False,True,channel_analysis,5.89
D:\Projects\Federated_Learning\Master-Dataset\master_dataset\tharparkar\DS11__Tharparkar_144__aug1_tharparkar_336.jpg,tharparkar,DS11,False,True,channel_analysis,6.23
D:\Projects\Federated_Learning\Master-Dataset\master_dataset\tharparkar\DS11__Tharparkar_147.jpg,tharparkar,DS11,False,True,channel_analysis,7.73
D:\Projects\Federated_Learning\Master-Dataset\master_dataset\tharparkar\DS11__Tharparkar_154.jpg,tharparkar,DS11,False,True,channel_analysis,6.36
D:\Projects\Federated_Learning\Master-Dataset\master_dataset\tharparkar\DS11__Tharparkar_155__aug1_tharparkar_535.jpg,tharparkar,DS11,False,True,channel_analysis,5.74
D:\Projects\Federated_Learning\Master-Dataset\master_dataset\tharparkar\DS11__Tharparkar_159__aug1_tharparkar_348.jpg,tharparkar,DS11,False,True,channel_analysis,4.19
D:\Projects\Federated_Learning\Master-Dataset\master_dataset\tharparkar\DS11__Tharparkar_161__aug1_tharparkar_350.jpg,tharparkar,DS11,False,True,channel_analysis,4.69
D:\Projects\Federated_Learning\Master-Dataset\master_dataset\tharparkar\DS11__Tharparkar_163__aug1_tharparkar_351.jpg,tharparkar,DS11,False,True,channel_analysis,5.39
D:\Projects\Federated_Learning\Master-Dataset\master_dataset\tharparkar\DS11__Tharparkar_167__aug1_tharparkar_354.jpg,tharparkar,DS11,False,True,channel_analysis,6.4
D:\Projects\Federated_Learning\Master-Dataset\master_dataset\tharparkar\DS11__Tharparkar_168.jpg,tharparkar,DS11,False,True,channel_analysis,6.38
D:\Projects\Federated_Learning\Master-Dataset\master_dataset\tharparkar\DS11__Tharparkar_176__aug1_tharparkar_362.jpg,tharparkar,DS11,False,True,channel_analysis,6.03
D:\Projects\Federated_Learning\Master-Dataset\master_dataset\tharparkar\DS11__Tharparkar_177__aug1_tharparkar_363.jpg,tharparkar,DS11,False,True,channel_analysis,6.7
D:\Projects\Federated_Learning\Master-Dataset\master_dataset\tharparkar\DS11__Tharparkar_180__aug1_tharparkar_366.jpg,tharparkar,DS11,False,True,channel_analysis,3.82
D:\Projects\Federated_Learning\Master-Dataset\master_dataset\tharparkar\DS11__Tharparkar_184__aug1_tharparkar_370.jpg,tharparkar,DS11,False,True,channel_analysis,5.55
D:\Projects\Federated_Learning\Master-Dataset\master_dataset\tharparkar\DS11__Tharparkar_185__aug1_tharparkar_371.jpg,tharparkar,DS11,False,True,channel_analysis,4.45
D:\Projects\Federated_Learning\Master-Dataset\master_dataset\tharparkar\DS11__Tharparkar_188.jpg,tharparkar,DS11,False,True,channel_analysis,1.76
D:\Projects\Federated_Learning\Master-Dataset\master_dataset\tharparkar\DS11__Tharparkar_190__aug1_tharparkar_376.jpg,tharparkar,DS11,False,True,channel_analysis,6.18
D:\Projects\Federated_Learning\Master-Dataset\master_dataset\tharparkar\DS11__Tharparkar_193__aug1_tharparkar_379.jpg,tharparkar,DS11,False,True,channel_analysis,4.03
D:\Projects\Federated_Learning\Master-Dataset\master_dataset\tharparkar\DS11__Tharparkar_199__aug4_tharparkar_192.jpg,tharparkar,DS11,False,True,channel_analysis,3.16
D:\Projects\Federated_Learning\Master-Dataset\master_dataset\tharparkar\DS11__Tharparkar_200__aug1_tharparkar_384.jpg,tharparkar,DS11,False,True,channel_analysis,7.5
D:\Projects\Federated_Learning\Master-Dataset\master_dataset\tharparkar\DS11__Tharparkar_207__aug4_tharparkar_200.jpg,tharparkar,DS11,False,True,channel_analysis,7.02
D:\Projects\Federated_Learning\Master-Dataset\master_dataset\tharparkar\DS11__Tharparkar_211__aug1_tharparkar_394.jpg,tharparkar,DS11,False,True,channel_analysis,2.68
D:\Projects\Federated_Learning\Master-Dataset\master_dataset\kankrej\DS02__Kankrej_107.jpg,kankrej,DS02,False,True,channel_analysis,7.82
D:\Projects\Federated_Learning\Master-Dataset\master_dataset\kankrej\DS02__Kankrej_107__topup1_8.jpg,kankrej,DS02,False,True,channel_analysis,7.91
D:\Projects\Federated_Learning\Master-Dataset\master_dataset\kankrej\DS02__Kankrej_141.jpg,kankrej,DS02,False,True,channel_analysis,4.51
D:\Projects\Federated_Learning\Master-Dataset\master_dataset\kankrej\DS02__Kankrej_141__topup1_42.jpg,kankrej,DS02,False,True,channel_analysis,5.04
D:\Projects\Federated_Learning\Master-Dataset\master_dataset\kankrej\DS02__Kankrej_175.png,kankrej,DS02,False,True,channel_analysis,5.35
D:\Projects\Federated_Learning\Master-Dataset\master_dataset\kankrej\DS02__Kankrej_175__topup1_74.png,kankrej,DS02,False,True,channel_analysis,5.79
D:\Projects\Federated_Learning\Master-Dataset\master_dataset\kankrej\DS02__Kankrej_87.jpg,kankrej,DS02,False,True,channel_analysis,5.93
D:\Projects\Federated_Learning\Master-Dataset\master_dataset\kankrej\DS03__Kankrej_102.jpg,kankrej,DS03,False,True,channel_analysis,7.96
D:\Projects\Federated_Learning\Master-Dataset\master_dataset\kankrej\DS03__Kankrej_107.jpg,kankrej,DS03,False,True,channel_analysis,4.39
D:\Projects\Federated_Learning\Master-Dataset\master_dataset\kankrej\DS03__Kankrej_118.jpg,kankrej,DS03,False,True,channel_analysis,6.65
D:\Projects\Federated_Learning\Master-Dataset\master_dataset\kankrej\DS03__Kankrej_123.png,kankrej,DS03,False,True,channel_analysis,6.13
D:\Projects\Federated_Learning\Master-Dataset\master_dataset\kankrej\DS03__Kankrej_134.jpg,kankrej,DS03,False,True,channel_analysis,0.0
D:\Projects\Federated_Learning\Master-Dataset\master_dataset\kankrej\DS03__Kankrej_139.jpg,kankrej,DS03,False,True,channel_analysis,6.57
D:\Projects\Federated_Learning\Master-Dataset\master_dataset\kankrej\DS03__Kankrej_148.png,kankrej,DS03,False,True,channel_analysis,4.34
D:\Projects\Federated_Learning\Master-Dataset\master_dataset\kankrej\DS03__Kankrej_156.jpg,kankrej,DS03,False,True,channel_analysis,7.62
D:\Projects\Federated_Learning\Master-Dataset\master_dataset\kankrej\DS03__Kankrej_162.jpg,kankrej,DS03,False,True,channel_analysis,6.72
D:\Projects\Federated_Learning\Master-Dataset\master_dataset\kankrej\DS03__Kankrej_17.jpg,kankrej,DS03,False,True,channel_analysis,4.86
D:\Projects\Federated_Learning\Master-Dataset\master_dataset\kankrej\DS03__Kankrej_172.jpg,kankrej,DS03,False,True,channel_analysis,7.63
D:\Projects\Federated_Learning\Master-Dataset\master_dataset\kankrej\DS03__Kankrej_175.png,kankrej,DS03,False,True,channel_analysis,4.14
D:\Projects\Federated_Learning\Master-Dataset\master_dataset\kankrej\DS03__Kankrej_177.jpg,kankrej,DS03,False,True,channel_analysis,7.27
D:\Projects\Federated_Learning\Master-Dataset\master_dataset\kankrej\DS03__Kankrej_28.jpg,kankrej,DS03,False,True,channel_analysis,6.55
D:\Projects\Federated_Learning\Master-Dataset\master_dataset\kankrej\DS03__Kankrej_6.jpg,kankrej,DS03,False,True,channel_analysis,3.13
D:\Projects\Federated_Learning\Master-Dataset\master_dataset\kankrej\DS03__Kankrej_63.jpg,kankrej,DS03,False,True,channel_analysis,5.44
D:\Projects\Federated_Learning\Master-Dataset\master_dataset\kankrej\DS03__Kankrej_80.jpg,kankrej,DS03,False,True,channel_analysis,4.58
D:\Projects\Federated_Learning\Master-Dataset\master_dataset\kankrej\DS03__Kankrej_94.png,kankrej,DS03,False,True,channel_analysis,5.6
D:\Projects\Federated_Learning\Master-Dataset\master_dataset\kankrej\DS03__Kankrej_96.jpg,kankrej,DS03,False,True,channel_analysis,5.4
D:\Projects\Federated_Learning\Master-Dataset\master_dataset\kankrej\DS05__1-2-_rot15_b0_8_jpg.rf.0a74cb159674793e7607db5f53a62a98.jpg,kankrej,DS05,False,True,channel_analysis,7.78
D:\Projects\Federated_Learning\Master-Dataset\master_dataset\kankrej\DS05__1-2-_rot30_b0_8_jpg.rf.83e1d631b13bc9d08d0f6ad48be303fb.jpg,kankrej,DS05,False,True,channel_analysis,6.14
D:\Projects\Federated_Learning\Master-Dataset\master_dataset\kankrej\DS05__1_rot30_b0_8_jpg.rf.7a8137e76b420c3a050a378aaac40a67.jpg,kankrej,DS05,False,True,channel_analysis,7.62
D:\Projects\Federated_Learning\Master-Dataset\master_dataset\kankrej\DS05__39855493_600_600_85756_1673_fill_0_2d909dc5d93f843438564034761591e7_jpg_rot30_b0_8_jpeg.rf.ec506e9b1b86044c00f7685c65a5f025.jpg,kankrej,DS05,False,True,channel_analysis,6.76
D:\Projects\Federated_Learning\Master-Dataset\master_dataset\kankrej\DS05__410c461b91dd6cf0a78e28814d64be13_jpg.rf.53d6563d547c4d48b8f6d6cee2cea447.jpg,kankrej,DS05,False,True,channel_analysis,0.0
D:\Projects\Federated_Learning\Master-Dataset\master_dataset\kankrej\DS05__410c461b91dd6cf0a78e28814d64be13_rot15_b0_8_jpg.rf.1a05c9af2218e5b0b878048cfb24ce90.jpg,kankrej,DS05,False,True,channel_analysis,0.0
D:\Projects\Federated_Learning\Master-Dataset\master_dataset\kankrej\DS05__410c461b91dd6cf0a78e28814d64be13_rot30_b0_8_jpg.rf.e5493283ed4702e09f071165b7402cd6.jpg,kankrej,DS05,False,True,channel_analysis,0.0
D:\Projects\Federated_Learning\Master-Dataset\master_dataset\kankrej\DS05__desktop-wallpaper-cow-indian-cow-bull-mammal-animal-ox-transparent-png-pngset_jpg.rf.ca57325a1bdc1b45cb49adb09e4b933a.jpg,kankrej,DS05,False,True,channel_analysis,3.41
D:\Projects\Federated_Learning\Master-Dataset\master_dataset\kankrej\DS05__download-10-_jpeg.rf.6b6c15174efcf80b560b5ac7bbdbae73.jpg,kankrej,DS05,False,True,channel_analysis,4.83
D:\Projects\Federated_Learning\Master-Dataset\master_dataset\kankrej\DS05__download-10-_rot15_b0_8_jpeg.rf.1c35c7425d8c2c5ea892b91187875fe2.jpg,kankrej,DS05,False,True,channel_analysis,2.41
D:\Projects\Federated_Learning\Master-Dataset\master_dataset\kankrej\DS05__download-10-_rot30_b0_8_jpeg.rf.39385be25a1ae479840c1af08244d513.jpg,kankrej,DS05,False,True,channel_analysis,1.94
D:\Projects\Federated_Learning\Master-Dataset\master_dataset\kankrej\DS05__download-2-_rot30_b0_8_jpeg.rf.7381781fee0f480cfe0690c1e464c871.jpg,kankrej,DS05,False,True,channel_analysis,6.53
D:\Projects\Federated_Learning\Master-Dataset\master_dataset\kankrej\DS05__download-5-_rot15_b1_0_jpeg.rf.ea175ab71c9c013c7e3655a4b005b3f0.jpg,kankrej,DS05,False,True,channel_analysis,5.07
D:\Projects\Federated_Learning\Master-Dataset\master_dataset\kankrej\DS05__download-5-_rot30_b0_8_jpeg.rf.e09c52f6e789c4867295eff43ed5bc50.jpg,kankrej,DS05,False,True,channel_analysis,3.23
D:\Projects\Federated_Learning\Master-Dataset\master_dataset\kankrej\DS05__download-7-_rot15_b0_8_jpeg.rf.28b0dae79c527b35c521f4f8195a1c5c.jpg,kankrej,DS05,False,True,channel_analysis,5.44
D:\Projects\Federated_Learning\Master-Dataset\master_dataset\kankrej\DS05__download-7-_rot30_b1_0_jpeg.rf.a1af54d38a9e75c5d759ce8339497399.jpg,kankrej,DS05,False,True,channel_analysis,5.54
D:\Projects\Federated_Learning\Master-Dataset\master_dataset\kankrej\DS05__goshala-cow-protection-sanchore-rajasthan-india-asia-2SXYMNA_rot15_b0_8_jpg.rf.5fe95a1c642ef386da0ca11b5fd0fd1f.jpg,kankrej,DS05,False,True,channel_analysis,4.43
D:\Projects\Federated_Learning\Master-Dataset\master_dataset\kankrej\DS05__goshala-cow-protection-sanchore-rajasthan-india-asia-2SXYMNA_rot30_b0_8_jpg.rf.30aa49c732647d421dd0d914c253fd7c.jpg,kankrej,DS05,False,True,channel_analysis,3.52
D:\Projects\Federated_Learning\Master-Dataset\master_dataset\kankrej\DS05__Kangrej-Cow-Bull_rot30_b0_8_jpg.rf.122407d6dc44ec5e2ce4a121c00b9b2f.jpg,kankrej,DS05,False,True,channel_analysis,6.9
D:\Projects\Federated_Learning\Master-Dataset\master_dataset\kankrej\DS05__Kankrej-Bull_rot30_b0_8_jpg.rf.0f056e50eb94ca9598703180c572563c.jpg,kankrej,DS05,False,True,channel_analysis,6.94
D:\Projects\Federated_Learning\Master-Dataset\master_dataset\kankrej\DS05__maxresdefault-1-_rot15_b0_8_jpg.rf.23cb3b74c9309a446bf2bb87b05fd672.jpg,kankrej,DS05,False,True,channel_analysis,5.47
D:\Projects\Federated_Learning\Master-Dataset\master_dataset\kankrej\DS05__maxresdefault-1-_rot30_b1_0_jpg.rf.5fa8a90f8d5d02dc59bdf1131b689b66.jpg,kankrej,DS05,False,True,channel_analysis,5.28
D:\Projects\Federated_Learning\Master-Dataset\master_dataset\kankrej\DS05__maxresdefault_rot30_b0_8_jpg.rf.e8b6d927319276ca4fa05412cec6918d.jpg,kankrej,DS05,False,True,channel_analysis,7.84
D:\Projects\Federated_Learning\Master-Dataset\master_dataset\kankrej\DS09__kankarej_12.jpg,kankrej,DS09,False,True,channel_analysis,7.33
D:\Projects\Federated_Learning\Master-Dataset\master_dataset\kankrej\DS09__kankarej_15.jpg,kankrej,DS09,False,True,channel_analysis,0.0
D:\Projects\Federated_Learning\Master-Dataset\master_dataset\kankrej\DS11__Kankrej_040.jpg,kankrej,DS11,False,True,channel_analysis,0.0
D:\Projects\Federated_Learning\Master-Dataset\master_dataset\kankrej\DS11__Kankrej_048.jpg,kankrej,DS11,False,True,channel_analysis,3.39
D:\Projects\Federated_Learning\Master-Dataset\master_dataset\kankrej\DS11__Kankrej_064.jpg,kankrej,DS11,False,True,channel_analysis,7.91
D:\Projects\Federated_Learning\Master-Dataset\master_dataset\kankrej\DS11__Kankrej_079.jpg,kankrej,DS11,False,True,channel_analysis,4.99
D:\Projects\Federated_Learning\Master-Dataset\master_dataset\kankrej\DS11__Kankrej_087.jpg,kankrej,DS11,False,True,channel_analysis,7.4
D:\Projects\Federated_Learning\Master-Dataset\master_dataset\kankrej\DS11__Kankrej_165.jpg,kankrej,DS11,False,True,channel_analysis,7.07
D:\Projects\Federated_Learning\Master-Dataset\master_dataset\umblachery\DS02__image_168x300_25.jpg,umblachery,DS02,False,True,channel_analysis,3.01
D:\Projects\Federated_Learning\Master-Dataset\master_dataset\umblachery\DS02__image_259x194_12 (2).jpg,umblachery,DS02,False,True,channel_analysis,7.12
D:\Projects\Federated_Learning\Master-Dataset\master_dataset\umblachery\DS02__image_259x194_15 (3).jpg,umblachery,DS02,False,True,channel_analysis,7.69
D:\Projects\Federated_Learning\Master-Dataset\master_dataset\umblachery\DS02__image_275x183_36.jpg,umblachery,DS02,False,True,channel_analysis,4.75
D:\Projects\Federated_Learning\Master-Dataset\master_dataset\umblachery\DS02__image_300x168_43.jpg,umblachery,DS02,False,True,channel_analysis,5.67
D:\Projects\Federated_Learning\Master-Dataset\master_dataset\umblachery\DS02__Umblachery_15.jpg,umblachery,DS02,False,True,channel_analysis,5.42
D:\Projects\Federated_Learning\Master-Dataset\master_dataset\umblachery\DS02__Umblachery_2.jpg,umblachery,DS02,False,True,channel_analysis,4.89
D:\Projects\Federated_Learning\Master-Dataset\master_dataset\umblachery\DS02__Umblachery_42.png,umblachery,DS02,False,True,channel_analysis,7.5
D:\Projects\Federated_Learning\Master-Dataset\master_dataset\umblachery\DS02__Umblachery_44.jpg,umblachery,DS02,False,True,channel_analysis,4.49
D:\Projects\Federated_Learning\Master-Dataset\master_dataset\umblachery\DS02__Umblachery_51.png,umblachery,DS02,False,True,channel_analysis,5.2
D:\Projects\Federated_Learning\Master-Dataset\master_dataset\umblachery\DS02__Umblachery_56.jpg,umblachery,DS02,False,True,channel_analysis,2.84
D:\Projects\Federated_Learning\Master-Dataset\master_dataset\umblachery\DS02__Umblachery_68.jpg,umblachery,DS02,False,True,channel_analysis,5.14
D:\Projects\Federated_Learning\Master-Dataset\master_dataset\umblachery\DS02__Umblachery_76.jpeg,umblachery,DS02,False,True,channel_analysis,7.46
D:\Projects\Federated_Learning\Master-Dataset\master_dataset\umblachery\DS02__Umblachery_9.png,umblachery,DS02,False,True,channel_analysis,6.15
D:\Projects\Federated_Learning\Master-Dataset\master_dataset\umblachery\DS03__Umblachery_11.jpg,umblachery,DS03,False,True,channel_analysis,7.78
D:\Projects\Federated_Learning\Master-Dataset\master_dataset\umblachery\DS03__Umblachery_15.jpg,umblachery,DS03,False,True,channel_analysis,4.72
D:\Projects\Federated_Learning\Master-Dataset\master_dataset\umblachery\DS03__Umblachery_21.png,umblachery,DS03,False,True,channel_analysis,7.58
D:\Projects\Federated_Learning\Master-Dataset\master_dataset\umblachery\DS03__Umblachery_22.png,umblachery,DS03,False,True,channel_analysis,4.2
D:\Projects\Federated_Learning\Master-Dataset\master_dataset\umblachery\DS03__Umblachery_24.png,umblachery,DS03,False,True,channel_analysis,5.06
D:\Projects\Federated_Learning\Master-Dataset\master_dataset\umblachery\DS03__Umblachery_27.png,umblachery,DS03,False,True,channel_analysis,7.22
D:\Projects\Federated_Learning\Master-Dataset\master_dataset\umblachery\DS03__Umblachery_2__aug1_umblachery_140.jpg,umblachery,DS03,False,True,channel_analysis,5.47
D:\Projects\Federated_Learning\Master-Dataset\master_dataset\umblachery\DS03__Umblachery_33.jpg,umblachery,DS03,False,True,channel_analysis,5.73
D:\Projects\Federated_Learning\Master-Dataset\master_dataset\umblachery\DS03__Umblachery_34.jpg,umblachery,DS03,False,True,channel_analysis,7.38
D:\Projects\Federated_Learning\Master-Dataset\master_dataset\umblachery\DS03__Umblachery_37.jpg,umblachery,DS03,False,True,channel_analysis,4.81
D:\Projects\Federated_Learning\Master-Dataset\master_dataset\umblachery\DS03__Umblachery_38.png,umblachery,DS03,False,True,channel_analysis,4.93
D:\Projects\Federated_Learning\Master-Dataset\master_dataset\umblachery\DS03__Umblachery_42.png,umblachery,DS03,False,True,channel_analysis,4.19
D:\Projects\Federated_Learning\Master-Dataset\master_dataset\umblachery\DS03__Umblachery_44.jpg,umblachery,DS03,False,True,channel_analysis,0.66
D:\Projects\Federated_Learning\Master-Dataset\master_dataset\umblachery\DS03__Umblachery_45.png,umblachery,DS03,False,True,channel_analysis,7.21
D:\Projects\Federated_Learning\Master-Dataset\master_dataset\umblachery\DS03__Umblachery_48.png,umblachery,DS03,False,True,channel_analysis,6.13
D:\Projects\Federated_Learning\Master-Dataset\master_dataset\umblachery\DS03__Umblachery_49.jpg,umblachery,DS03,False,True,channel_analysis,5.73
D:\Projects\Federated_Learning\Master-Dataset\master_dataset\umblachery\DS03__Umblachery_5.jpg,umblachery,DS03,False,True,channel_analysis,7.12
D:\Projects\Federated_Learning\Master-Dataset\master_dataset\umblachery\DS03__Umblachery_50.png,umblachery,DS03,False,True,channel_analysis,6.58
D:\Projects\Federated_Learning\Master-Dataset\master_dataset\umblachery\DS03__Umblachery_51.png,umblachery,DS03,False,True,channel_analysis,2.9
D:\Projects\Federated_Learning\Master-Dataset\master_dataset\umblachery\DS03__Umblachery_52.jpg,umblachery,DS03,False,True,channel_analysis,7.49
D:\Projects\Federated_Learning\Master-Dataset\master_dataset\umblachery\DS03__Umblachery_53.png,umblachery,DS03,False,True,channel_analysis,6.08
D:\Projects\Federated_Learning\Master-Dataset\master_dataset\umblachery\DS03__Umblachery_56.jpg,umblachery,DS03,False,True,channel_analysis,2.01
D:\Projects\Federated_Learning\Master-Dataset\master_dataset\umblachery\DS03__Umblachery_58.jpg,umblachery,DS03,False,True,channel_analysis,5.01
D:\Projects\Federated_Learning\Master-Dataset\master_dataset\umblachery\DS03__Umblachery_66.png,umblachery,DS03,False,True,channel_analysis,7.26
D:\Projects\Federated_Learning\Master-Dataset\master_dataset\umblachery\DS03__Umblachery_67.png,umblachery,DS03,False,True,channel_analysis,7.38
D:\Projects\Federated_Learning\Master-Dataset\master_dataset\umblachery\DS03__Umblachery_68.jpg,umblachery,DS03,False,True,channel_analysis,2.88
D:\Projects\Federated_Learning\Master-Dataset\master_dataset\umblachery\DS03__Umblachery_74.png,umblachery,DS03,False,True,channel_analysis,6.39
D:\Projects\Federated_Learning\Master-Dataset\master_dataset\umblachery\DS03__Umblachery_76.jpeg,umblachery,DS03,False,True,channel_analysis,4.02
D:\Projects\Federated_Learning\Master-Dataset\master_dataset\umblachery\DS03__Umblachery_9__aug1_umblachery_202.png,umblachery,DS03,False,True,channel_analysis,7.09
D:\Projects\Federated_Learning\Master-Dataset\master_dataset\umblachery\DS04__umblachery_0017__aug1_umblachery_136.jpg,umblachery,DS04,False,True,channel_analysis,5.75
D:\Projects\Federated_Learning\Master-Dataset\master_dataset\umblachery\DS04__umblachery_0022__aug2_umblachery_140.jpg,umblachery,DS04,False,True,channel_analysis,5.12
D:\Projects\Federated_Learning\Master-Dataset\master_dataset\umblachery\DS04__umblachery_0027__aug1_umblachery_145.png,umblachery,DS04,False,True,channel_analysis,6.2
D:\Projects\Federated_Learning\Master-Dataset\master_dataset\umblachery\DS04__umblachery_0042__aug1_umblachery_159.png,umblachery,DS04,False,True,channel_analysis,7.0
D:\Projects\Federated_Learning\Master-Dataset\master_dataset\umblachery\DS04__umblachery_0047__aug1_umblachery_163.png,umblachery,DS04,False,True,channel_analysis,7.07
D:\Projects\Federated_Learning\Master-Dataset\master_dataset\umblachery\DS04__umblachery_0049.jpg,umblachery,DS04,False,True,channel_analysis,0.89
D:\Projects\Federated_Learning\Master-Dataset\master_dataset\umblachery\DS04__umblachery_0057__aug1_umblachery_173.png,umblachery,DS04,False,True,channel_analysis,4.73
D:\Projects\Federated_Learning\Master-Dataset\master_dataset\umblachery\DS04__umblachery_0062__aug1_umblachery_178.jpg,umblachery,DS04,False,True,channel_analysis,3.03
D:\Projects\Federated_Learning\Master-Dataset\master_dataset\umblachery\DS04__umblachery_0064__aug1_umblachery_180.jpg,umblachery,DS04,False,True,channel_analysis,7.66
D:\Projects\Federated_Learning\Master-Dataset\master_dataset\umblachery\DS04__umblachery_0075__aug1_umblachery_191.jpg,umblachery,DS04,False,True,channel_analysis,6.74
D:\Projects\Federated_Learning\Master-Dataset\master_dataset\umblachery\DS04__umblachery_0084__aug1_umblachery_200.jpeg,umblachery,DS04,False,True,channel_analysis,7.68
D:\Projects\Federated_Learning\Master-Dataset\master_dataset\umblachery\DS04__umblachery_0086__aug2_umblachery_202.png,umblachery,DS04,False,True,channel_analysis,5.37
D:\Projects\Federated_Learning\Master-Dataset\master_dataset\umblachery\DS06__Umblachery_15__aug2_umblachery_136.jpg,umblachery,DS06,False,True,channel_analysis,5.21
D:\Projects\Federated_Learning\Master-Dataset\master_dataset\umblachery\DS06__Umblachery_2__aug3_umblachery_140.jpg,umblachery,DS06,False,True,channel_analysis,5.25
D:\Projects\Federated_Learning\Master-Dataset\master_dataset\umblachery\DS06__Umblachery_42__aug2_umblachery_163.png,umblachery,DS06,False,True,channel_analysis,7.17
D:\Projects\Federated_Learning\Master-Dataset\master_dataset\umblachery\DS06__Umblachery_44__aug1_umblachery_275.jpg,umblachery,DS06,False,True,channel_analysis,0.97
D:\Projects\Federated_Learning\Master-Dataset\master_dataset\umblachery\DS06__Umblachery_51__aug2_umblachery_173.png,umblachery,DS06,False,True,channel_analysis,3.87
D:\Projects\Federated_Learning\Master-Dataset\master_dataset\umblachery\DS06__Umblachery_56__aug2_umblachery_178.jpg,umblachery,DS06,False,True,channel_analysis,3.19
D:\Projects\Federated_Learning\Master-Dataset\master_dataset\umblachery\DS06__Umblachery_68__aug2_umblachery_191.jpg,umblachery,DS06,False,True,channel_analysis,4.77
D:\Projects\Federated_Learning\Master-Dataset\master_dataset\umblachery\DS06__Umblachery_9__aug3_umblachery_202.png,umblachery,DS06,False,True,channel_analysis,6.35
D:\Projects\Federated_Learning\Master-Dataset\master_dataset\umblachery\DS10__Umblachery_15__aug3_umblachery_136.jpg,umblachery,DS10,False,True,channel_analysis,5.34
D:\Projects\Federated_Learning\Master-Dataset\master_dataset\umblachery\DS10__Umblachery_2__aug4_umblachery_140.jpg,umblachery,DS10,False,True,channel_analysis,5.26
D:\Projects\Federated_Learning\Master-Dataset\master_dataset\umblachery\DS10__Umblachery_38__aug2_umblachery_159.png,umblachery,DS10,False,True,channel_analysis,7.26
D:\Projects\Federated_Learning\Master-Dataset\master_dataset\umblachery\DS10__Umblachery_42__aug3_umblachery_163.png,umblachery,DS10,False,True,channel_analysis,6.69
D:\Projects\Federated_Learning\Master-Dataset\master_dataset\umblachery\DS10__Umblachery_44__aug2_umblachery_275.jpg,umblachery,DS10,False,True,channel_analysis,1.2
D:\Projects\Federated_Learning\Master-Dataset\master_dataset\umblachery\DS10__Umblachery_51__aug3_umblachery_173.png,umblachery,DS10,False,True,channel_analysis,5.46
D:\Projects\Federated_Learning\Master-Dataset\master_dataset\umblachery\DS10__Umblachery_56__aug3_umblachery_178.jpg,umblachery,DS10,False,True,channel_analysis,3.25
D:\Projects\Federated_Learning\Master-Dataset\master_dataset\umblachery\DS10__Umblachery_58__aug3_umblachery_180.jpg,umblachery,DS10,False,True,channel_analysis,5.92
D:\Projects\Federated_Learning\Master-Dataset\master_dataset\umblachery\DS10__Umblachery_68__aug3_umblachery_191.jpg,umblachery,DS10,False,True,channel_analysis,5.6
D:\Projects\Federated_Learning\Master-Dataset\master_dataset\umblachery\DS10__Umblachery_76__aug2_umblachery_200.jpeg,umblachery,DS10,False,True,channel_analysis,7.21
D:\Projects\Federated_Learning\Master-Dataset\master_dataset\umblachery\DS10__Umblachery_9__aug4_umblachery_202.png,umblachery,DS10,False,True,channel_analysis,6.09
D:\Projects\Federated_Learning\Master-Dataset\master_dataset\umblachery\DS11__Umblachery_007__aug1_umblachery_210.jpg,umblachery,DS11,False,True,channel_analysis,5.19
D:\Projects\Federated_Learning\Master-Dataset\master_dataset\umblachery\DS11__Umblachery_012__aug5_umblachery_140.jpg,umblachery,DS11,False,True,channel_analysis,5.38
D:\Projects\Federated_Learning\Master-Dataset\master_dataset\umblachery\DS11__Umblachery_014__aug1_umblachery_216.jpg,umblachery,DS11,False,True,channel_analysis,7.97
D:\Projects\Federated_Learning\Master-Dataset\master_dataset\umblachery\DS11__Umblachery_015__aug1_umblachery_217.jpg,umblachery,DS11,False,True,channel_analysis,5.32
D:\Projects\Federated_Learning\Master-Dataset\master_dataset\umblachery\DS11__Umblachery_017__aug1_umblachery_219.jpg,umblachery,DS11,False,True,channel_analysis,5.81
D:\Projects\Federated_Learning\Master-Dataset\master_dataset\umblachery\DS11__Umblachery_027__aug1_umblachery_227.jpg,umblachery,DS11,False,True,channel_analysis,6.89
D:\Projects\Federated_Learning\Master-Dataset\master_dataset\umblachery\DS11__Umblachery_031__aug1_umblachery_231.jpg,umblachery,DS11,False,True,channel_analysis,5.99
D:\Projects\Federated_Learning\Master-Dataset\master_dataset\umblachery\DS11__Umblachery_032__aug1_umblachery_232.jpg,umblachery,DS11,False,True,channel_analysis,5.7
D:\Projects\Federated_Learning\Master-Dataset\master_dataset\umblachery\DS11__Umblachery_037__aug1_umblachery_236.jpg,umblachery,DS11,False,True,channel_analysis,4.32
D:\Projects\Federated_Learning\Master-Dataset\master_dataset\umblachery\DS11__Umblachery_039.jpg,umblachery,DS11,False,True,channel_analysis,0.65
D:\Projects\Federated_Learning\Master-Dataset\master_dataset\umblachery\DS11__Umblachery_040__aug1_umblachery_239.jpg,umblachery,DS11,False,True,channel_analysis,6.95
D:\Projects\Federated_Learning\Master-Dataset\master_dataset\umblachery\DS11__Umblachery_043__aug1_umblachery_242.jpg,umblachery,DS11,False,True,channel_analysis,6.94
D:\Projects\Federated_Learning\Master-Dataset\master_dataset\umblachery\DS11__Umblachery_044__aug1_umblachery_243.jpg,umblachery,DS11,False,True,channel_analysis,6.64
D:\Projects\Federated_Learning\Master-Dataset\master_dataset\umblachery\DS11__Umblachery_046__aug1_umblachery_245.jpg,umblachery,DS11,False,True,channel_analysis,7.13
D:\Projects\Federated_Learning\Master-Dataset\master_dataset\umblachery\DS11__Umblachery_047__aug1_umblachery_246.jpg,umblachery,DS11,False,True,channel_analysis,3.8
D:\Projects\Federated_Learning\Master-Dataset\master_dataset\umblachery\DS11__Umblachery_048.jpg,umblachery,DS11,False,True,channel_analysis,7.62
D:\Projects\Federated_Learning\Master-Dataset\master_dataset\umblachery\DS11__Umblachery_049__aug1_umblachery_248.jpg,umblachery,DS11,False,True,channel_analysis,7.0
D:\Projects\Federated_Learning\Master-Dataset\master_dataset\umblachery\DS11__Umblachery_052__aug1_umblachery_251.jpg,umblachery,DS11,False,True,channel_analysis,2.5
D:\Projects\Federated_Learning\Master-Dataset\master_dataset\umblachery\DS11__Umblachery_054__aug1_umblachery_253.jpg,umblachery,DS11,False,True,channel_analysis,5.77
D:\Projects\Federated_Learning\Master-Dataset\master_dataset\umblachery\DS11__Umblachery_065__aug1_umblachery_263.jpg,umblachery,DS11,False,True,channel_analysis,3.58
D:\Projects\Federated_Learning\Master-Dataset\master_dataset\umblachery\DS11__Umblachery_072__aug1_umblachery_269.jpg,umblachery,DS11,False,True,channel_analysis,6.62
D:\Projects\Federated_Learning\Master-Dataset\master_dataset\umblachery\DS11__Umblachery_074__aug1_umblachery_271.jpg,umblachery,DS11,False,True,channel_analysis,4.85
D:\Projects\Federated_Learning\Master-Dataset\master_dataset\umblachery\DS11__Umblachery_076__aug5_umblachery_202.jpg,umblachery,DS11,False,True,channel_analysis,5.95
D:\Projects\Federated_Learning\Master-Dataset\master_dataset\rathi\DS02__00000041.jpg,rathi,DS02,False,True,channel_analysis,7.28
D:\Projects\Federated_Learning\Master-Dataset\master_dataset\rathi\DS02__00000043.jpg,rathi,DS02,False,True,channel_analysis,6.07
D:\Projects\Federated_Learning\Master-Dataset\master_dataset\rathi\DS02__00000070.jpg,rathi,DS02,False,True,channel_analysis,7.75
D:\Projects\Federated_Learning\Master-Dataset\master_dataset\rathi\DS02__00000394.jpg,rathi,DS02,False,True,channel_analysis,5.35
D:\Projects\Federated_Learning\Master-Dataset\master_dataset\rathi\DS03__00000041.jpg,rathi,DS03,False,True,channel_analysis,5.31
D:\Projects\Federated_Learning\Master-Dataset\master_dataset\rathi\DS03__00000043.jpg,rathi,DS03,False,True,channel_analysis,4.74
D:\Projects\Federated_Learning\Master-Dataset\master_dataset\rathi\DS03__00000070.jpg,rathi,DS03,False,True,channel_analysis,6.39
D:\Projects\Federated_Learning\Master-Dataset\master_dataset\rathi\DS03__00000074.jpg,rathi,DS03,False,True,channel_analysis,6.52
D:\Projects\Federated_Learning\Master-Dataset\master_dataset\rathi\DS03__00000158.png,rathi,DS03,False,True,channel_analysis,3.95
D:\Projects\Federated_Learning\Master-Dataset\master_dataset\rathi\DS03__00000206.jpg,rathi,DS03,False,True,channel_analysis,7.74
D:\Projects\Federated_Learning\Master-Dataset\master_dataset\rathi\DS03__00000218.jpg,rathi,DS03,False,True,channel_analysis,7.36
D:\Projects\Federated_Learning\Master-Dataset\master_dataset\rathi\DS03__00000252.jpg,rathi,DS03,False,True,channel_analysis,7.3
D:\Projects\Federated_Learning\Master-Dataset\master_dataset\rathi\DS03__00000259.jpg,rathi,DS03,False,True,channel_analysis,7.26
D:\Projects\Federated_Learning\Master-Dataset\master_dataset\rathi\DS03__00000274.jpg,rathi,DS03,False,True,channel_analysis,5.89
D:\Projects\Federated_Learning\Master-Dataset\master_dataset\rathi\DS03__00000344.jpg,rathi,DS03,False,True,channel_analysis,7.23
D:\Projects\Federated_Learning\Master-Dataset\master_dataset\rathi\DS03__00000384.jpg,rathi,DS03,False,True,channel_analysis,6.75
D:\Projects\Federated_Learning\Master-Dataset\master_dataset\rathi\DS03__00000394__aug1_rathi_111.jpg,rathi,DS03,False,True,channel_analysis,5.72
D:\Projects\Federated_Learning\Master-Dataset\master_dataset\rathi\DS04__rathi_0030__aug1_rathi_20.jpg,rathi,DS04,False,True,channel_analysis,7.58
D:\Projects\Federated_Learning\Master-Dataset\master_dataset\rathi\DS04__rathi_0031__aug1_rathi_21.jpg,rathi,DS04,False,True,channel_analysis,6.55
D:\Projects\Federated_Learning\Master-Dataset\master_dataset\rathi\DS04__rathi_0041__aug1_rathi_31.jpg,rathi,DS04,False,True,channel_analysis,7.13
D:\Projects\Federated_Learning\Master-Dataset\master_dataset\rathi\DS04__rathi_0088__aug1_rathi_78.jpg,rathi,DS04,False,True,channel_analysis,7.8
D:\Projects\Federated_Learning\Master-Dataset\master_dataset\rathi\DS04__rathi_0095__aug1_rathi_83.jpg,rathi,DS04,False,True,channel_analysis,7.71
D:\Projects\Federated_Learning\Master-Dataset\master_dataset\rathi\DS04__rathi_0123__aug2_rathi_111.jpg,rathi,DS04,False,True,channel_analysis,5.54
D:\Projects\Federated_Learning\Master-Dataset\master_dataset\rathi\DS06__00000041__aug2_rathi_20.jpg,rathi,DS06,False,True,channel_analysis,7.09
D:\Projects\Federated_Learning\Master-Dataset\master_dataset\rathi\DS06__00000043__aug2_rathi_21.jpg,rathi,DS06,False,True,channel_analysis,6.8
D:\Projects\Federated_Learning\Master-Dataset\master_dataset\rathi\DS06__00000070__aug2_rathi_31.jpg,rathi,DS06,False,True,channel_analysis,6.37
D:\Projects\Federated_Learning\Master-Dataset\master_dataset\rathi\DS06__00000394__aug3_rathi_111.jpg,rathi,DS06,False,True,channel_analysis,5.32
D:\Projects\Federated_Learning\Master-Dataset\master_dataset\rathi\DS10__00000041__aug3_rathi_20.jpg,rathi,DS10,False,True,channel_analysis,7.95
D:\Projects\Federated_Learning\Master-Dataset\master_dataset\rathi\DS10__00000070__aug3_rathi_31.jpg,rathi,DS10,False,True,channel_analysis,7.15
D:\Projects\Federated_Learning\Master-Dataset\master_dataset\rathi\DS10__00000252__aug3_rathi_78.jpg,rathi,DS10,False,True,channel_analysis,7.72
D:\Projects\Federated_Learning\Master-Dataset\master_dataset\rathi\DS10__00000394__aug4_rathi_111.jpg,rathi,DS10,False,True,channel_analysis,5.72
D:\Projects\Federated_Learning\Master-Dataset\master_dataset\rathi\DS11__Rathi_020.jpg,rathi,DS11,False,True,channel_analysis,5.42
D:\Projects\Federated_Learning\Master-Dataset\master_dataset\rathi\DS11__Rathi_021.jpg,rathi,DS11,False,True,channel_analysis,4.7
D:\Projects\Federated_Learning\Master-Dataset\master_dataset\rathi\DS11__Rathi_031.jpg,rathi,DS11,False,True,channel_analysis,6.6
D:\Projects\Federated_Learning\Master-Dataset\master_dataset\rathi\DS11__Rathi_032.jpg,rathi,DS11,False,True,channel_analysis,6.66
D:\Projects\Federated_Learning\Master-Dataset\master_dataset\rathi\DS11__Rathi_057__aug1_rathi_191.jpg,rathi,DS11,False,True,channel_analysis,4.95
D:\Projects\Federated_Learning\Master-Dataset\master_dataset\rathi\DS11__Rathi_069__aug1_rathi_202.jpg,rathi,DS11,False,True,channel_analysis,7.33
D:\Projects\Federated_Learning\Master-Dataset\master_dataset\rathi\DS11__Rathi_078.jpg,rathi,DS11,False,True,channel_analysis,7.42
D:\Projects\Federated_Learning\Master-Dataset\master_dataset\rathi\DS11__Rathi_085__aug1_rathi_216.jpg,rathi,DS11,False,True,channel_analysis,6.68
D:\Projects\Federated_Learning\Master-Dataset\master_dataset\rathi\DS11__Rathi_108.jpg,rathi,DS11,False,True,channel_analysis,7.18
D:\Projects\Federated_Learning\Master-Dataset\master_dataset\rathi\DS11__Rathi_113__aug5_rathi_111.jpg,rathi,DS11,False,True,channel_analysis,6.25
D:\Projects\Federated_Learning\Master-Dataset\master_dataset\red-sindhi\DS02__Red_Sindhi_80.jpg,red-sindhi,DS02,False,True,channel_analysis,6.34
D:\Projects\Federated_Learning\Master-Dataset\master_dataset\red-sindhi\DS03__Red_Sindhi_111.jpg,red-sindhi,DS03,False,True,channel_analysis,6.38
D:\Projects\Federated_Learning\Master-Dataset\master_dataset\red-sindhi\DS03__Red_Sindhi_112.jpg,red-sindhi,DS03,False,True,channel_analysis,7.24
D:\Projects\Federated_Learning\Master-Dataset\master_dataset\red-sindhi\DS03__Red_Sindhi_114.jpg,red-sindhi,DS03,False,True,channel_analysis,6.76
D:\Projects\Federated_Learning\Master-Dataset\master_dataset\red-sindhi\DS03__Red_Sindhi_119.jpg,red-sindhi,DS03,False,True,channel_analysis,4.35
D:\Projects\Federated_Learning\Master-Dataset\master_dataset\red-sindhi\DS03__Red_Sindhi_120.png,red-sindhi,DS03,False,True,channel_analysis,4.71
D:\Projects\Federated_Learning\Master-Dataset\master_dataset\red-sindhi\DS03__Red_Sindhi_122.png,red-sindhi,DS03,False,True,channel_analysis,6.37
D:\Projects\Federated_Learning\Master-Dataset\master_dataset\red-sindhi\DS03__Red_Sindhi_133.png,red-sindhi,DS03,False,True,channel_analysis,7.12
D:\Projects\Federated_Learning\Master-Dataset\master_dataset\red-sindhi\DS03__Red_Sindhi_156.jpg,red-sindhi,DS03,False,True,channel_analysis,7.5
D:\Projects\Federated_Learning\Master-Dataset\master_dataset\red-sindhi\DS03__Red_Sindhi_39.jpg,red-sindhi,DS03,False,True,channel_analysis,5.74
D:\Projects\Federated_Learning\Master-Dataset\master_dataset\red-sindhi\DS03__Red_Sindhi_5.JPG,red-sindhi,DS03,False,True,channel_analysis,7.53
D:\Projects\Federated_Learning\Master-Dataset\master_dataset\red-sindhi\DS03__Red_Sindhi_80.jpg,red-sindhi,DS03,False,True,channel_analysis,5.07
D:\Projects\Federated_Learning\Master-Dataset\master_dataset\red-sindhi\DS04__red_sindhi_0027__aug1_red-sindhi_20.png,red-sindhi,DS04,False,True,channel_analysis,7.94
D:\Projects\Federated_Learning\Master-Dataset\master_dataset\red-sindhi\DS04__red_sindhi_0028.jpg,red-sindhi,DS04,False,True,channel_analysis,5.82
D:\Projects\Federated_Learning\Master-Dataset\master_dataset\red-sindhi\DS04__red_sindhi_0152__aug2_red-sindhi_135.jpg,red-sindhi,DS04,False,True,channel_analysis,6.4
D:\Projects\Federated_Learning\Master-Dataset\master_dataset\red-sindhi\DS06__Red_Sindhi_119__aug1_red-sindhi_308.jpg,red-sindhi,DS06,False,True,channel_analysis,6.49
D:\Projects\Federated_Learning\Master-Dataset\master_dataset\red-sindhi\DS06__Red_Sindhi_80__aug3_red-sindhi_135.jpg,red-sindhi,DS06,False,True,channel_analysis,6.23
D:\Projects\Federated_Learning\Master-Dataset\master_dataset\red-sindhi\DS10__Red_Sindhi_119__aug2_red-sindhi_308.jpg,red-sindhi,DS10,False,True,channel_analysis,6.77
D:\Projects\Federated_Learning\Master-Dataset\master_dataset\red-sindhi\DS10__Red_Sindhi_80__aug4_red-sindhi_135.jpg,red-sindhi,DS10,False,True,channel_analysis,6.96
D:\Projects\Federated_Learning\Master-Dataset\master_dataset\red-sindhi\DS11__Red_Sindhi_014__aug1_red-sindhi_167.jpg,red-sindhi,DS11,False,True,channel_analysis,7.08
D:\Projects\Federated_Learning\Master-Dataset\master_dataset\red-sindhi\DS11__Red_Sindhi_015__aug1_red-sindhi_168.jpg,red-sindhi,DS11,False,True,channel_analysis,7.84
D:\Projects\Federated_Learning\Master-Dataset\master_dataset\red-sindhi\DS11__Red_Sindhi_017__aug1_red-sindhi_170.jpg,red-sindhi,DS11,False,True,channel_analysis,7.26
D:\Projects\Federated_Learning\Master-Dataset\master_dataset\red-sindhi\DS11__Red_Sindhi_022__aug1_red-sindhi_175.jpg,red-sindhi,DS11,False,True,channel_analysis,4.93
D:\Projects\Federated_Learning\Master-Dataset\master_dataset\red-sindhi\DS11__Red_Sindhi_024__aug1_red-sindhi_177.jpg,red-sindhi,DS11,False,True,channel_analysis,5.9
D:\Projects\Federated_Learning\Master-Dataset\master_dataset\red-sindhi\DS11__Red_Sindhi_063.jpg,red-sindhi,DS11,False,True,channel_analysis,7.45
D:\Projects\Federated_Learning\Master-Dataset\master_dataset\red-sindhi\DS11__Red_Sindhi_101__aug1_red-sindhi_245.jpg,red-sindhi,DS11,False,True,channel_analysis,6.01
D:\Projects\Federated_Learning\Master-Dataset\master_dataset\red-sindhi\DS11__Red_Sindhi_146.jpg,red-sindhi,DS11,False,True,channel_analysis,5.14
D:\Projects\Federated_Learning\Master-Dataset\master_dataset\vechur\DS02__00000142.jpg,vechur,DS02,False,True,channel_analysis,7.66
D:\Projects\Federated_Learning\Master-Dataset\master_dataset\vechur\DS03__00000090.jpg,vechur,DS03,False,True,channel_analysis,7.06
D:\Projects\Federated_Learning\Master-Dataset\master_dataset\vechur\DS03__Screenshot (284).png,vechur,DS03,False,True,channel_analysis,6.37
D:\Projects\Federated_Learning\Master-Dataset\master_dataset\vechur\DS03__Screenshot (285).png,vechur,DS03,False,True,channel_analysis,5.69
D:\Projects\Federated_Learning\Master-Dataset\master_dataset\vechur\DS03__Screenshot (286).png,vechur,DS03,False,True,channel_analysis,6.81
D:\Projects\Federated_Learning\Master-Dataset\master_dataset\vechur\DS03__Screenshot (287).png,vechur,DS03,False,True,channel_analysis,6.52
D:\Projects\Federated_Learning\Master-Dataset\master_dataset\vechur\DS03__Screenshot (288).png,vechur,DS03,False,True,channel_analysis,5.8
D:\Projects\Federated_Learning\Master-Dataset\master_dataset\vechur\DS03__Screenshot (291).png,vechur,DS03,False,True,channel_analysis,7.98
D:\Projects\Federated_Learning\Master-Dataset\master_dataset\vechur\DS11__Vechur_119__aug1_vechur_245.jpg,vechur,DS11,False,True,channel_analysis,6.18
D:\Projects\Federated_Learning\Master-Dataset\master_dataset\vechur\DS11__Vechur_120__aug1_vechur_246.jpg,vechur,DS11,False,True,channel_analysis,7.09
D:\Projects\Federated_Learning\Master-Dataset\master_dataset\vechur\DS11__Vechur_121__aug1_vechur_247.jpg,vechur,DS11,False,True,channel_analysis,7.69
D:\Projects\Federated_Learning\Master-Dataset\master_dataset\vechur\DS11__Vechur_123__aug1_vechur_249.jpg,vechur,DS11,False,True,channel_analysis,6.49
